INFO 2025-06-16 17:52:08,207 autoreload 7232 17836 Watching for file changes with StatReloader
INFO 2025-06-16 17:52:08,780 middleware 7232 25400 CORS Middleware initialized with allowed origins: ['http://localhost', 'http://localhost:3000', 'http://localhost:80', 'http://127.0.0.1', 'http://127.0.0.1:3000', 'http://127.0.0.1:80', 'http://frontend', 'http://localhost:3001', 'http://127.0.0.1:3001', 'http://localhost:8000', 'http://127.0.0.1:8000', 'https://ec4db675c64c9f.lhr.life']
INFO 2025-06-16 17:52:08,781 middleware 7232 25400 Custom CSRF Middleware initialized with exempt paths: ['/api/auth/login/', '/api/auth/csrf/']
INFO 2025-06-16 17:52:24,126 autoreload 22336 21112 Watching for file changes with StatReloader
INFO 2025-06-16 17:52:24,520 middleware 22336 23044 CORS Middleware initialized with allowed origins: ['http://localhost', 'http://localhost:3000', 'http://localhost:80', 'http://127.0.0.1', 'http://127.0.0.1:3000', 'http://127.0.0.1:80', 'http://frontend', 'http://localhost:3001', 'http://127.0.0.1:3001', 'http://localhost:8000', 'http://127.0.0.1:8000', 'https://ec4db675c64c9f.lhr.life']
INFO 2025-06-16 17:52:24,521 middleware 22336 23044 Custom CSRF Middleware initialized with exempt paths: ['/api/auth/login/', '/api/auth/csrf/']
DEBUG 2025-06-16 17:52:56,302 middleware 22336 6108 Request from origin: http://localhost:3000
INFO 2025-06-16 17:52:56,307 views 22336 6108 Health check запрос от 127.0.0.1: ok
INFO 2025-06-16 17:52:56,308 basehttp 22336 6108 "GET /api/health/ HTTP/1.1" 200 251
DEBUG 2025-06-16 17:52:56,310 middleware 22336 17312 Request from origin: http://localhost:3000
INFO 2025-06-16 17:52:56,313 views 22336 17312 Health check запрос от 127.0.0.1: ok
DEBUG 2025-06-16 17:52:56,314 middleware 22336 6108 Request from origin: http://localhost:3000
INFO 2025-06-16 17:52:56,315 basehttp 22336 17312 "GET /api/health/ HTTP/1.1" 200 249
INFO 2025-06-16 17:52:56,317 basehttp 22336 6108 "GET /api/cities/ HTTP/1.1" 200 52
DEBUG 2025-06-16 17:52:56,326 middleware 22336 6108 Request from origin: http://localhost:3000
INFO 2025-06-16 17:52:56,328 basehttp 22336 6108 "GET /api/cities/ HTTP/1.1" 200 52
DEBUG 2025-06-16 17:52:56,339 middleware 22336 6108 Request from origin: http://localhost:3000
DEBUG 2025-06-16 17:52:56,344 middleware 22336 17312 Request from origin: http://localhost:3000
INFO 2025-06-16 17:52:56,346 basehttp 22336 6108 "GET /api/cafes/?city=1&t=1750067576337 HTTP/1.1" 200 52
INFO 2025-06-16 17:52:56,347 basehttp 22336 17312 "GET /api/cafes/?city=1&t=1750067576340 HTTP/1.1" 200 52
DEBUG 2025-06-16 17:52:56,349 middleware 22336 17312 Request from origin: http://localhost:3000
INFO 2025-06-16 17:52:56,352 basehttp 22336 17312 "GET /api/menu-items/?cafe=1 HTTP/1.1" 200 52
DEBUG 2025-06-16 17:52:56,353 middleware 22336 6108 Request from origin: http://localhost:3000
INFO 2025-06-16 17:52:56,356 basehttp 22336 6108 "GET /api/menu-items/?cafe=1 HTTP/1.1" 200 52
DEBUG 2025-06-16 18:04:21,654 middleware 22336 23468 Request from origin: http://localhost:3000
INFO 2025-06-16 18:04:21,657 views 22336 23468 Health check запрос от 127.0.0.1: ok
INFO 2025-06-16 18:04:21,658 basehttp 22336 23468 "GET /api/health/ HTTP/1.1" 200 251
DEBUG 2025-06-16 18:04:21,660 middleware 22336 13104 Request from origin: http://localhost:3000
INFO 2025-06-16 18:04:21,662 views 22336 13104 Health check запрос от 127.0.0.1: ok
INFO 2025-06-16 18:04:21,663 basehttp 22336 13104 "GET /api/health/ HTTP/1.1" 200 250
DEBUG 2025-06-16 18:04:21,664 middleware 22336 13104 Request from origin: http://localhost:3000
INFO 2025-06-16 18:04:21,667 basehttp 22336 13104 "GET /api/cities/ HTTP/1.1" 200 52
DEBUG 2025-06-16 18:04:21,668 middleware 22336 13104 Request from origin: http://localhost:3000
INFO 2025-06-16 18:04:21,671 basehttp 22336 13104 "GET /api/cities/ HTTP/1.1" 200 52
DEBUG 2025-06-16 18:04:21,679 middleware 22336 13104 Request from origin: http://localhost:3000
INFO 2025-06-16 18:04:21,682 basehttp 22336 13104 "GET /api/cafes/?city=1&t=1750068261677 HTTP/1.1" 200 52
DEBUG 2025-06-16 18:04:21,693 middleware 22336 13104 Request from origin: http://localhost:3000
DEBUG 2025-06-16 18:04:21,697 middleware 22336 23468 Request from origin: http://localhost:3000
INFO 2025-06-16 18:04:21,698 basehttp 22336 13104 "GET /api/cafes/?city=1&t=1750068261691 HTTP/1.1" 200 52
INFO 2025-06-16 18:04:21,700 basehttp 22336 23468 "GET /api/menu-items/?cafe=1 HTTP/1.1" 200 52
DEBUG 2025-06-16 18:04:21,704 middleware 22336 13104 Request from origin: http://localhost:3000
INFO 2025-06-16 18:04:21,707 basehttp 22336 13104 "GET /api/menu-items/?cafe=1 HTTP/1.1" 200 52
DEBUG 2025-06-16 18:14:14,017 middleware 22336 24008 Request from origin: http://localhost:3000
INFO 2025-06-16 18:14:14,019 views 22336 24008 Health check запрос от 127.0.0.1: ok
INFO 2025-06-16 18:14:14,020 basehttp 22336 24008 "GET /api/health/ HTTP/1.1" 200 251
DEBUG 2025-06-16 18:14:14,023 middleware 22336 20960 Request from origin: http://localhost:3000
INFO 2025-06-16 18:14:14,026 views 22336 20960 Health check запрос от 127.0.0.1: ok
INFO 2025-06-16 18:14:14,026 basehttp 22336 20960 "GET /api/health/ HTTP/1.1" 200 251
DEBUG 2025-06-16 18:14:14,033 middleware 22336 20960 Request from origin: http://localhost:3000
INFO 2025-06-16 18:14:14,036 basehttp 22336 20960 "GET /api/cities/ HTTP/1.1" 200 52
DEBUG 2025-06-16 18:14:14,036 middleware 22336 24008 Request from origin: http://localhost:3000
INFO 2025-06-16 18:14:14,040 basehttp 22336 24008 "GET /api/cities/ HTTP/1.1" 200 52
DEBUG 2025-06-16 18:14:14,047 middleware 22336 24008 Request from origin: http://localhost:3000
INFO 2025-06-16 18:14:14,049 basehttp 22336 24008 "GET /api/cafes/?city=1&t=1750068854044 HTTP/1.1" 200 52
DEBUG 2025-06-16 18:14:14,061 middleware 22336 24008 Request from origin: http://localhost:3000
INFO 2025-06-16 18:14:14,064 basehttp 22336 24008 "GET /api/cafes/?city=1&t=1750068854058 HTTP/1.1" 200 52
DEBUG 2025-06-16 18:14:14,066 middleware 22336 24008 Request from origin: http://localhost:3000
INFO 2025-06-16 18:14:14,070 basehttp 22336 24008 "GET /api/menu-items/?cafe=1 HTTP/1.1" 200 52
DEBUG 2025-06-16 18:14:14,072 middleware 22336 24008 Request from origin: http://localhost:3000
INFO 2025-06-16 18:14:14,075 basehttp 22336 24008 "GET /api/menu-items/?cafe=1 HTTP/1.1" 200 52
DEBUG 2025-06-16 18:14:15,178 middleware 22336 24008 Request from origin: http://localhost:3000
DEBUG 2025-06-16 18:14:15,180 middleware 22336 20960 Request from origin: http://localhost:3000
INFO 2025-06-16 18:14:15,183 basehttp 22336 24008 "GET /api/cafes/?city=1&t=1750068855176 HTTP/1.1" 200 52
INFO 2025-06-16 18:14:15,183 basehttp 22336 20960 "GET /api/cafes/?city=1&t=1750068855177 HTTP/1.1" 200 52
DEBUG 2025-06-16 18:14:19,217 middleware 22336 20960 Request from origin: http://localhost:3000
INFO 2025-06-16 18:14:19,220 basehttp 22336 20960 "GET /api/cafes/?city=1&t=1750068859211 HTTP/1.1" 200 52
DEBUG 2025-06-16 18:14:19,221 middleware 22336 24008 Request from origin: http://localhost:3000
INFO 2025-06-16 18:14:19,224 basehttp 22336 24008 "GET /api/cafes/?city=1&t=1750068859211 HTTP/1.1" 200 52
DEBUG 2025-06-16 18:14:21,031 middleware 22336 3564 Request from origin: 
INFO 2025-06-16 18:14:21,045 basehttp 22336 3564 "GET /admin/ HTTP/1.1" 302 0
DEBUG 2025-06-16 18:14:21,048 middleware 22336 3564 Request from origin: 
INFO 2025-06-16 18:14:21,071 basehttp 22336 3564 "GET /admin/login/?next=/admin/ HTTP/1.1" 200 4359
INFO 2025-06-16 18:14:21,141 basehttp 22336 3564 "GET /static/admin/css/base.css HTTP/1.1" 200 21544
INFO 2025-06-16 18:14:21,148 basehttp 22336 2340 "GET /static/admin/css/dark_mode.css HTTP/1.1" 200 2682
INFO 2025-06-16 18:14:21,149 basehttp 22336 16380 "GET /static/admin/css/nav_sidebar.css HTTP/1.1" 200 2810
INFO 2025-06-16 18:14:21,162 basehttp 22336 16380 "GET /static/admin/css/login.css HTTP/1.1" 200 958
INFO 2025-06-16 18:14:21,173 basehttp 22336 16380 "GET /static/admin/css/responsive.css HTTP/1.1" 200 17905
INFO 2025-06-16 18:14:21,174 basehttp 22336 2340 "GET /static/admin/js/theme.js HTTP/1.1" 200 1943
INFO 2025-06-16 18:14:21,174 basehttp 22336 3564 "GET /static/admin/js/nav_sidebar.js HTTP/1.1" 200 3063
DEBUG 2025-06-16 18:14:21,833 middleware 22336 3564 Request from origin: 
WARNING 2025-06-16 18:14:21,845 log 22336 3564 Not Found: /favicon.ico
WARNING 2025-06-16 18:14:21,846 basehttp 22336 3564 "GET /favicon.ico HTTP/1.1" 404 2340
DEBUG 2025-06-16 18:14:33,919 middleware 22336 3564 Request from origin: http://127.0.0.1:8000
INFO 2025-06-16 18:14:34,172 basehttp 22336 3564 "POST /admin/login/?next=/admin/ HTTP/1.1" 200 4628
INFO 2025-06-16 18:15:16,727 autoreload 22016 24584 Watching for file changes with StatReloader
INFO 2025-06-16 18:15:17,129 middleware 22016 22020 CORS Middleware initialized with allowed origins: ['http://localhost', 'http://localhost:3000', 'http://localhost:80', 'http://127.0.0.1', 'http://127.0.0.1:3000', 'http://127.0.0.1:80', 'http://frontend', 'http://localhost:3001', 'http://127.0.0.1:3001', 'http://localhost:8000', 'http://127.0.0.1:8000', 'https://ec4db675c64c9f.lhr.life']
INFO 2025-06-16 18:15:17,130 middleware 22016 22020 Custom CSRF Middleware initialized with exempt paths: ['/api/auth/login/', '/api/auth/csrf/']
DEBUG 2025-06-16 18:15:18,429 middleware 22016 23788 Request from origin: http://127.0.0.1:8000
INFO 2025-06-16 18:15:18,700 basehttp 22016 23788 "POST /admin/login/?next=/admin/ HTTP/1.1" 302 0
DEBUG 2025-06-16 18:15:18,703 middleware 22016 23788 Request from origin: 
INFO 2025-06-16 18:15:18,733 basehttp 22016 23788 "GET /admin/ HTTP/1.1" 200 8861
INFO 2025-06-16 18:15:18,776 basehttp 22016 23788 "GET /static/admin/css/dashboard.css HTTP/1.1" 200 441
INFO 2025-06-16 18:15:18,781 basehttp 22016 23788 "GET /static/admin/img/icon-addlink.svg HTTP/1.1" 200 331
INFO 2025-06-16 18:15:18,781 basehttp 22016 23684 "GET /static/admin/img/icon-changelink.svg HTTP/1.1" 200 380
DEBUG 2025-06-16 18:15:21,210 middleware 22016 23788 Request from origin: 
INFO 2025-06-16 18:15:21,226 basehttp 22016 23788 "GET /admin/cafes/city/ HTTP/1.1" 200 9789
DEBUG 2025-06-16 18:15:21,245 middleware 22016 23684 Request from origin: 
INFO 2025-06-16 18:15:21,249 basehttp 22016 23788 "GET /static/admin/css/changelists.css HTTP/1.1" 200 6811
INFO 2025-06-16 18:15:21,252 basehttp 22016 9120 "GET /static/admin/js/jquery.init.js HTTP/1.1" 200 347
INFO 2025-06-16 18:15:21,253 basehttp 22016 25852 "GET /static/admin/js/core.js HTTP/1.1" 200 6208
INFO 2025-06-16 18:15:21,254 basehttp 22016 23788 "GET /static/admin/js/actions.js HTTP/1.1" 200 8067
INFO 2025-06-16 18:15:21,254 basehttp 22016 16540 "GET /static/admin/js/admin/RelatedObjectLookups.js HTTP/1.1" 200 9042
INFO 2025-06-16 18:15:21,257 basehttp 22016 9120 "GET /static/admin/js/urlify.js HTTP/1.1" 200 7887
INFO 2025-06-16 18:15:21,258 basehttp 22016 23684 "GET /admin/jsi18n/ HTTP/1.1" 200 17546
INFO 2025-06-16 18:15:21,258 basehttp 22016 25852 "GET /static/admin/js/prepopulate.js HTTP/1.1" 200 1531
INFO 2025-06-16 18:15:21,259 basehttp 22016 16540 "GET /static/admin/img/search.svg HTTP/1.1" 200 458
INFO 2025-06-16 18:15:21,320 basehttp 22016 25568 "GET /static/admin/js/vendor/jquery/jquery.js HTTP/1.1" 200 285314
INFO 2025-06-16 18:15:21,321 basehttp 22016 23788 "GET /static/admin/js/vendor/xregexp/xregexp.js HTTP/1.1" 200 325171
INFO 2025-06-16 18:15:21,326 basehttp 22016 23788 "GET /static/admin/js/filters.js HTTP/1.1" 200 978
INFO 2025-06-16 18:15:21,339 basehttp 22016 23788 "GET /static/admin/img/tooltag-add.svg HTTP/1.1" 200 331
DEBUG 2025-06-16 18:15:22,780 middleware 22016 23788 Request from origin: 
INFO 2025-06-16 18:15:22,796 basehttp 22016 23788 "GET /admin/cafes/city/add/ HTTP/1.1" 200 10297
DEBUG 2025-06-16 18:15:22,813 middleware 22016 16540 Request from origin: 
INFO 2025-06-16 18:15:22,815 basehttp 22016 23788 "GET /static/admin/css/forms.css HTTP/1.1" 200 9090
INFO 2025-06-16 18:15:22,815 basehttp 22016 25852 "GET /static/admin/js/prepopulate_init.js HTTP/1.1" 200 586
INFO 2025-06-16 18:15:22,818 basehttp 22016 16540 "GET /admin/jsi18n/ HTTP/1.1" 200 17546
INFO 2025-06-16 18:15:22,825 basehttp 22016 16540 "GET /static/admin/css/widgets.css HTTP/1.1" 200 11800
INFO 2025-06-16 18:15:22,825 basehttp 22016 25852 "GET /static/admin/js/change_form.js HTTP/1.1" 200 606
DEBUG 2025-06-16 18:15:29,767 middleware 22016 25852 Request from origin: http://127.0.0.1:8000
INFO 2025-06-16 18:15:29,777 basehttp 22016 25852 "POST /admin/cafes/city/add/ HTTP/1.1" 302 0
DEBUG 2025-06-16 18:15:29,780 middleware 22016 25852 Request from origin: 
INFO 2025-06-16 18:15:29,791 basehttp 22016 25852 "GET /admin/cafes/city/ HTTP/1.1" 200 11815
DEBUG 2025-06-16 18:15:29,808 middleware 22016 25852 Request from origin: 
INFO 2025-06-16 18:15:29,811 basehttp 22016 25852 "GET /admin/jsi18n/ HTTP/1.1" 200 17546
INFO 2025-06-16 18:15:29,828 basehttp 22016 25852 "GET /static/admin/img/icon-yes.svg HTTP/1.1" 200 436
INFO 2025-06-16 18:15:29,828 basehttp 22016 16540 "GET /static/admin/img/sorting-icons.svg HTTP/1.1" 200 1097
DEBUG 2025-06-16 18:15:31,408 middleware 22016 16540 Request from origin: 
INFO 2025-06-16 18:15:31,417 basehttp 22016 16540 "GET /admin/cafes/cafe/ HTTP/1.1" 200 9787
DEBUG 2025-06-16 18:15:31,432 middleware 22016 16540 Request from origin: 
INFO 2025-06-16 18:15:31,436 basehttp 22016 16540 "GET /admin/jsi18n/ HTTP/1.1" 200 17546
DEBUG 2025-06-16 18:15:32,467 middleware 22016 16540 Request from origin: 
INFO 2025-06-16 18:15:32,484 basehttp 22016 16540 "GET /admin/cafes/cafe/add/ HTTP/1.1" 200 16531
DEBUG 2025-06-16 18:15:32,499 middleware 22016 16540 Request from origin: 
INFO 2025-06-16 18:15:32,501 basehttp 22016 25852 "GET /static/admin/img/icon-viewlink.svg HTTP/1.1" 200 581
INFO 2025-06-16 18:15:32,503 basehttp 22016 16540 "GET /admin/jsi18n/ HTTP/1.1" 200 17546
DEBUG 2025-06-16 18:16:01,292 middleware 22016 16540 Request from origin: http://127.0.0.1:8000
INFO 2025-06-16 18:16:01,365 basehttp 22016 16540 "POST /admin/cafes/cafe/add/ HTTP/1.1" 302 0
DEBUG 2025-06-16 18:16:01,367 middleware 22016 16540 Request from origin: 
INFO 2025-06-16 18:16:01,382 basehttp 22016 16540 "GET /admin/cafes/cafe/ HTTP/1.1" 200 12563
DEBUG 2025-06-16 18:16:01,398 middleware 22016 16540 Request from origin: 
INFO 2025-06-16 18:16:01,402 basehttp 22016 16540 "GET /admin/jsi18n/ HTTP/1.1" 200 17546
DEBUG 2025-06-16 18:16:03,808 middleware 22016 944 Request from origin: http://localhost:3000
INFO 2025-06-16 18:16:03,812 views 22016 944 Health check запрос от 127.0.0.1: ok
INFO 2025-06-16 18:16:03,813 basehttp 22016 944 "GET /api/health/ HTTP/1.1" 200 251
DEBUG 2025-06-16 18:16:03,814 middleware 22016 6912 Request from origin: http://localhost:3000
INFO 2025-06-16 18:16:03,816 views 22016 6912 Health check запрос от 127.0.0.1: ok
INFO 2025-06-16 18:16:03,817 basehttp 22016 6912 "GET /api/health/ HTTP/1.1" 200 251
DEBUG 2025-06-16 18:16:03,820 middleware 22016 6912 Request from origin: http://localhost:3000
INFO 2025-06-16 18:16:03,822 basehttp 22016 6912 "GET /api/cities/ HTTP/1.1" 200 168
DEBUG 2025-06-16 18:16:03,825 middleware 22016 6912 Request from origin: http://localhost:3000
DEBUG 2025-06-16 18:16:03,826 middleware 22016 944 Request from origin: http://localhost:3000
DEBUG 2025-06-16 18:16:03,828 middleware 22016 24080 Request from origin: http://localhost:3000
DEBUG 2025-06-16 18:16:03,831 middleware 22016 3284 Request from origin: http://localhost:3000
INFO 2025-06-16 18:16:03,836 basehttp 22016 944 "GET /api/cafes/?city=1&t=1750068963824 HTTP/1.1" 200 491
INFO 2025-06-16 18:16:03,837 basehttp 22016 24080 "GET /api/cities/ HTTP/1.1" 200 168
INFO 2025-06-16 18:16:03,840 basehttp 22016 6912 "GET /api/cafes/?city=1&t=1750068963823 HTTP/1.1" 200 491
DEBUG 2025-06-16 18:16:03,846 middleware 22016 6912 Request from origin: http://localhost:3000
INFO 2025-06-16 18:16:03,850 basehttp 22016 3284 "GET /api/cafes/?city=1&t=1750068963828 HTTP/1.1" 200 491
INFO 2025-06-16 18:16:03,852 basehttp 22016 6912 "GET /api/cafes/?city=1&t=1750068963844 HTTP/1.1" 200 491
DEBUG 2025-06-16 18:16:03,874 middleware 22016 6912 Request from origin: http://localhost:3000
INFO 2025-06-16 18:16:03,877 basehttp 22016 6912 "GET /api/menu-items/?cafe=1 HTTP/1.1" 200 52
DEBUG 2025-06-16 18:16:03,878 middleware 22016 3284 Request from origin: http://localhost:3000
INFO 2025-06-16 18:16:03,881 basehttp 22016 3284 "GET /api/menu-items/?cafe=1 HTTP/1.1" 200 52
DEBUG 2025-06-16 18:16:06,536 middleware 22016 3284 Request from origin: http://localhost:3000
INFO 2025-06-16 18:16:06,538 views 22016 3284 Health check запрос от 127.0.0.1: ok
INFO 2025-06-16 18:16:06,539 basehttp 22016 3284 "GET /api/health/ HTTP/1.1" 200 250
DEBUG 2025-06-16 18:16:06,539 middleware 22016 6912 Request from origin: http://localhost:3000
INFO 2025-06-16 18:16:06,542 views 22016 6912 Health check запрос от 127.0.0.1: ok
INFO 2025-06-16 18:16:06,543 basehttp 22016 6912 "GET /api/health/ HTTP/1.1" 200 251
DEBUG 2025-06-16 18:16:06,545 middleware 22016 6912 Request from origin: http://localhost:3000
INFO 2025-06-16 18:16:06,548 basehttp 22016 6912 "GET /api/cities/ HTTP/1.1" 200 168
DEBUG 2025-06-16 18:16:06,550 middleware 22016 6912 Request from origin: http://localhost:3000
DEBUG 2025-06-16 18:16:06,554 middleware 22016 3284 Request from origin: http://localhost:3000
INFO 2025-06-16 18:16:06,554 basehttp 22016 6912 "GET /api/cafes/?city=1&t=1750068966548 HTTP/1.1" 200 491
DEBUG 2025-06-16 18:16:06,556 middleware 22016 24080 Request from origin: http://localhost:3000
DEBUG 2025-06-16 18:16:06,558 middleware 22016 6912 Request from origin: http://localhost:3000
INFO 2025-06-16 18:16:06,564 basehttp 22016 6912 "GET /api/cafes/?city=1&t=1750068966554 HTTP/1.1" 200 491
INFO 2025-06-16 18:16:06,564 basehttp 22016 24080 "GET /api/cafes/?city=1&t=1750068966548 HTTP/1.1" 200 491
DEBUG 2025-06-16 18:16:06,573 middleware 22016 24080 Request from origin: http://localhost:3000
INFO 2025-06-16 18:16:06,575 basehttp 22016 3284 "GET /api/cities/ HTTP/1.1" 200 168
INFO 2025-06-16 18:16:06,576 basehttp 22016 24080 "GET /api/menu-items/?cafe=1 HTTP/1.1" 200 52
DEBUG 2025-06-16 18:16:06,579 middleware 22016 24080 Request from origin: http://localhost:3000
INFO 2025-06-16 18:16:06,584 basehttp 22016 24080 "GET /api/cafes/?city=1&t=1750068966576 HTTP/1.1" 200 491
DEBUG 2025-06-16 18:16:10,131 middleware 22016 16540 Request from origin: 
INFO 2025-06-16 18:16:10,144 basehttp 22016 16540 "GET /admin/cafes/cafe/1/change/ HTTP/1.1" 200 17120
DEBUG 2025-06-16 18:16:10,158 middleware 22016 16540 Request from origin: 
INFO 2025-06-16 18:16:10,162 basehttp 22016 16540 "GET /admin/jsi18n/ HTTP/1.1" 200 17546
DEBUG 2025-06-16 18:16:19,500 middleware 22016 16540 Request from origin: http://127.0.0.1:8000
INFO 2025-06-16 18:16:19,515 basehttp 22016 16540 "POST /admin/cafes/cafe/1/change/ HTTP/1.1" 302 0
DEBUG 2025-06-16 18:16:19,518 middleware 22016 16540 Request from origin: 
INFO 2025-06-16 18:16:19,526 basehttp 22016 16540 "GET /admin/cafes/cafe/ HTTP/1.1" 200 12565
DEBUG 2025-06-16 18:16:19,542 middleware 22016 16540 Request from origin: 
INFO 2025-06-16 18:16:19,546 basehttp 22016 16540 "GET /admin/jsi18n/ HTTP/1.1" 200 17546
DEBUG 2025-06-16 18:16:55,378 middleware 22016 16540 Request from origin: 
INFO 2025-06-16 18:16:55,389 basehttp 22016 16540 "GET /admin/cafes/cafe/1/change/ HTTP/1.1" 200 17162
DEBUG 2025-06-16 18:16:55,404 middleware 22016 16540 Request from origin: 
INFO 2025-06-16 18:16:55,408 basehttp 22016 16540 "GET /admin/jsi18n/ HTTP/1.1" 200 17546
DEBUG 2025-06-16 18:16:57,755 middleware 22016 16540 Request from origin: 
INFO 2025-06-16 18:16:57,757 basehttp 22016 16540 "GET /media/cafe_covers/shashlyk-iz-govjadiny-na-grile.jpg HTTP/1.1" 200 126933
DEBUG 2025-06-16 18:16:59,776 middleware 22016 24080 Request from origin: http://localhost:3000
INFO 2025-06-16 18:16:59,779 views 22016 24080 Health check запрос от 127.0.0.1: ok
INFO 2025-06-16 18:16:59,779 basehttp 22016 24080 "GET /api/health/ HTTP/1.1" 200 250
DEBUG 2025-06-16 18:16:59,780 middleware 22016 3284 Request from origin: http://localhost:3000
INFO 2025-06-16 18:16:59,782 views 22016 3284 Health check запрос от 127.0.0.1: ok
INFO 2025-06-16 18:16:59,782 basehttp 22016 3284 "GET /api/health/ HTTP/1.1" 200 251
DEBUG 2025-06-16 18:16:59,789 middleware 22016 3284 Request from origin: http://localhost:3000
INFO 2025-06-16 18:16:59,791 basehttp 22016 3284 "GET /api/cities/ HTTP/1.1" 200 168
DEBUG 2025-06-16 18:16:59,792 middleware 22016 24080 Request from origin: http://localhost:3000
DEBUG 2025-06-16 18:16:59,795 middleware 22016 3284 Request from origin: http://localhost:3000
INFO 2025-06-16 18:16:59,797 basehttp 22016 24080 "GET /api/cities/ HTTP/1.1" 200 168
INFO 2025-06-16 18:16:59,800 basehttp 22016 3284 "GET /api/cafes/?city=1&t=1750069019792 HTTP/1.1" 200 512
DEBUG 2025-06-16 18:16:59,801 middleware 22016 24080 Request from origin: http://localhost:3000
DEBUG 2025-06-16 18:16:59,805 middleware 22016 3284 Request from origin: http://localhost:3000
DEBUG 2025-06-16 18:16:59,805 middleware 22016 6912 Request from origin: http://localhost:3000
INFO 2025-06-16 18:16:59,809 basehttp 22016 24080 "GET /api/cafes/?city=1&t=1750069019792 HTTP/1.1" 200 512
INFO 2025-06-16 18:16:59,812 basehttp 22016 3284 "GET /api/cafes/?city=1&t=1750069019798 HTTP/1.1" 200 512
INFO 2025-06-16 18:16:59,816 basehttp 22016 6912 "GET /api/cafes/?city=1&t=1750069019799 HTTP/1.1" 200 512
DEBUG 2025-06-16 18:16:59,819 middleware 22016 6912 Request from origin: http://localhost:3000
INFO 2025-06-16 18:16:59,821 basehttp 22016 6912 "GET /api/menu-items/?cafe=1 HTTP/1.1" 200 52
DEBUG 2025-06-16 18:16:59,822 middleware 22016 3284 Request from origin: http://localhost:3000
INFO 2025-06-16 18:16:59,826 basehttp 22016 3284 "GET /api/menu-items/?cafe=1 HTTP/1.1" 200 52
DEBUG 2025-06-16 18:17:05,720 middleware 22016 3284 Request from origin: http://localhost:3000
INFO 2025-06-16 18:17:05,722 views 22016 3284 Health check запрос от 127.0.0.1: ok
INFO 2025-06-16 18:17:05,722 basehttp 22016 3284 "GET /api/health/ HTTP/1.1" 200 251
DEBUG 2025-06-16 18:17:05,726 middleware 22016 3284 Request from origin: http://localhost:3000
INFO 2025-06-16 18:17:05,729 views 22016 3284 Health check запрос от 127.0.0.1: ok
INFO 2025-06-16 18:17:05,729 basehttp 22016 3284 "GET /api/health/ HTTP/1.1" 200 250
DEBUG 2025-06-16 18:17:05,735 middleware 22016 3284 Request from origin: http://localhost:3000
INFO 2025-06-16 18:17:05,737 basehttp 22016 3284 "GET /api/cities/ HTTP/1.1" 200 168
DEBUG 2025-06-16 18:17:05,738 middleware 22016 6912 Request from origin: http://localhost:3000
INFO 2025-06-16 18:17:05,741 basehttp 22016 6912 "GET /api/cities/ HTTP/1.1" 200 168
DEBUG 2025-06-16 18:17:05,748 middleware 22016 6912 Request from origin: http://localhost:3000
INFO 2025-06-16 18:17:05,752 basehttp 22016 6912 "GET /api/cafes/?city=1&t=1750069025746 HTTP/1.1" 200 512
DEBUG 2025-06-16 18:17:05,761 middleware 22016 6912 Request from origin: http://localhost:3000
DEBUG 2025-06-16 18:17:05,765 middleware 22016 3284 Request from origin: http://localhost:3000
INFO 2025-06-16 18:17:05,767 basehttp 22016 6912 "GET /api/cafes/?city=1&t=1750069025759 HTTP/1.1" 200 512
INFO 2025-06-16 18:17:05,769 basehttp 22016 3284 "GET /api/menu-items/?cafe=1 HTTP/1.1" 200 52
DEBUG 2025-06-16 18:17:05,773 middleware 22016 3284 Request from origin: http://localhost:3000
INFO 2025-06-16 18:17:05,775 basehttp 22016 3284 "GET /api/menu-items/?cafe=1 HTTP/1.1" 200 52
DEBUG 2025-06-16 18:17:07,046 middleware 22016 3284 Request from origin: http://localhost:3000
INFO 2025-06-16 18:17:07,049 basehttp 22016 3284 "GET /api/cafes/?city=1&t=1750069027044 HTTP/1.1" 200 512
DEBUG 2025-06-16 18:17:07,050 middleware 22016 6912 Request from origin: http://localhost:3000
INFO 2025-06-16 18:17:07,054 basehttp 22016 6912 "GET /api/cafes/?city=1&t=1750069027044 HTTP/1.1" 200 512
DEBUG 2025-06-16 18:17:10,821 middleware 22016 16540 Request from origin: 
INFO 2025-06-16 18:17:10,832 basehttp 22016 16540 "GET /admin/cafes/cafe/1/change/ HTTP/1.1" 200 17162
DEBUG 2025-06-16 18:17:11,833 middleware 22016 16540 Request from origin: 
INFO 2025-06-16 18:17:11,845 basehttp 22016 16540 "GET /admin/cafes/cafe/1/change/ HTTP/1.1" 200 17162
DEBUG 2025-06-16 18:17:11,859 middleware 22016 16540 Request from origin: 
INFO 2025-06-16 18:17:11,863 basehttp 22016 16540 "GET /admin/jsi18n/ HTTP/1.1" 200 17546
DEBUG 2025-06-16 18:17:12,192 middleware 22016 16540 Request from origin: 
INFO 2025-06-16 18:17:12,202 basehttp 22016 16540 "GET /admin/cafes/cafe/1/change/ HTTP/1.1" 200 17162
DEBUG 2025-06-16 18:17:12,215 middleware 22016 16540 Request from origin: 
INFO 2025-06-16 18:17:12,219 basehttp 22016 16540 "GET /admin/jsi18n/ HTTP/1.1" 200 17546
DEBUG 2025-06-16 18:17:12,412 middleware 22016 16540 Request from origin: 
INFO 2025-06-16 18:17:12,423 basehttp 22016 16540 "GET /admin/cafes/cafe/1/change/ HTTP/1.1" 200 17162
DEBUG 2025-06-16 18:17:12,437 middleware 22016 16540 Request from origin: 
INFO 2025-06-16 18:17:12,442 basehttp 22016 16540 "GET /admin/jsi18n/ HTTP/1.1" 200 17546
DEBUG 2025-06-16 18:17:12,619 middleware 22016 16540 Request from origin: 
INFO 2025-06-16 18:17:12,629 basehttp 22016 16540 "GET /admin/cafes/cafe/1/change/ HTTP/1.1" 200 17162
DEBUG 2025-06-16 18:17:12,643 middleware 22016 16540 Request from origin: 
INFO 2025-06-16 18:17:12,647 basehttp 22016 16540 "GET /admin/jsi18n/ HTTP/1.1" 200 17546
DEBUG 2025-06-16 18:17:12,807 middleware 22016 16540 Request from origin: 
INFO 2025-06-16 18:17:12,817 basehttp 22016 16540 "GET /admin/cafes/cafe/1/change/ HTTP/1.1" 200 17162
DEBUG 2025-06-16 18:17:12,831 middleware 22016 16540 Request from origin: 
INFO 2025-06-16 18:17:12,837 basehttp 22016 16540 "GET /admin/jsi18n/ HTTP/1.1" 200 17546
DEBUG 2025-06-16 18:17:15,052 middleware 22016 16540 Request from origin: 
INFO 2025-06-16 18:17:15,053 basehttp 22016 16540 "GET /media/cafe_covers/shashlyk-iz-govjadiny-na-grile.jpg HTTP/1.1" 304 0
DEBUG 2025-06-16 18:17:16,121 middleware 22016 16540 Request from origin: 
INFO 2025-06-16 18:17:16,132 basehttp 22016 16540 "GET /admin/cafes/cafe/1/change/ HTTP/1.1" 200 17162
DEBUG 2025-06-16 18:17:19,321 middleware 22016 6912 Request from origin: http://localhost:3000
INFO 2025-06-16 18:17:19,324 views 22016 6912 Health check запрос от 127.0.0.1: ok
INFO 2025-06-16 18:17:19,324 basehttp 22016 6912 "GET /api/health/ HTTP/1.1" 200 250
DEBUG 2025-06-16 18:17:19,325 middleware 22016 3284 Request from origin: http://localhost:3000
INFO 2025-06-16 18:17:19,327 views 22016 3284 Health check запрос от 127.0.0.1: ok
INFO 2025-06-16 18:17:19,328 basehttp 22016 3284 "GET /api/health/ HTTP/1.1" 200 248
DEBUG 2025-06-16 18:17:19,334 middleware 22016 3284 Request from origin: http://localhost:3000
INFO 2025-06-16 18:17:19,336 basehttp 22016 3284 "GET /api/cities/ HTTP/1.1" 200 168
DEBUG 2025-06-16 18:17:19,337 middleware 22016 6912 Request from origin: http://localhost:3000
DEBUG 2025-06-16 18:17:19,338 middleware 22016 3284 Request from origin: http://localhost:3000
DEBUG 2025-06-16 18:17:19,339 middleware 22016 24080 Request from origin: http://localhost:3000
DEBUG 2025-06-16 18:17:19,345 middleware 22016 944 Request from origin: http://localhost:3000
INFO 2025-06-16 18:17:19,349 basehttp 22016 24080 "GET /api/cafes/?city=1&t=1750069039337 HTTP/1.1" 200 512
INFO 2025-06-16 18:17:19,349 basehttp 22016 3284 "GET /api/cafes/?city=1&t=1750069039336 HTTP/1.1" 200 512
INFO 2025-06-16 18:17:19,353 basehttp 22016 944 "GET /api/cafes/?city=1&t=1750069039342 HTTP/1.1" 200 512
INFO 2025-06-16 18:17:19,359 basehttp 22016 6912 "GET /api/cities/ HTTP/1.1" 200 168
DEBUG 2025-06-16 18:17:19,366 middleware 22016 6912 Request from origin: http://localhost:3000
DEBUG 2025-06-16 18:17:19,367 middleware 22016 944 Request from origin: http://localhost:3000
INFO 2025-06-16 18:17:19,373 basehttp 22016 6912 "GET /api/menu-items/?cafe=1 HTTP/1.1" 200 52
INFO 2025-06-16 18:17:19,374 basehttp 22016 944 "GET /api/cafes/?city=1&t=1750069039365 HTTP/1.1" 200 512
DEBUG 2025-06-16 18:17:21,716 middleware 22016 944 Request from origin: http://localhost:3000
DEBUG 2025-06-16 18:17:21,718 middleware 22016 6912 Request from origin: http://localhost:3000
DEBUG 2025-06-16 18:17:21,719 middleware 22016 3284 Request from origin: http://localhost:3000
DEBUG 2025-06-16 18:17:21,721 middleware 22016 24080 Request from origin: http://localhost:3000
INFO 2025-06-16 18:17:21,726 views 22016 3284 Health check запрос от 127.0.0.1: ok
INFO 2025-06-16 18:17:21,728 basehttp 22016 6912 "GET /api/cafes/?city=1&t=1750069041711 HTTP/1.1" 200 512
INFO 2025-06-16 18:17:21,728 basehttp 22016 944 "GET /api/cafes/?city=1&t=1750069041709 HTTP/1.1" 200 512
INFO 2025-06-16 18:17:21,729 basehttp 22016 3284 "GET /api/health/ HTTP/1.1" 200 250
INFO 2025-06-16 18:17:21,731 basehttp 22016 24080 "GET /api/cafes/?city=1&t=1750069041712 HTTP/1.1" 200 512
DEBUG 2025-06-16 18:17:21,740 middleware 22016 24080 Request from origin: http://localhost:3000
INFO 2025-06-16 18:17:21,744 basehttp 22016 24080 "GET /api/cafes/?city=1&t=1750069041738 HTTP/1.1" 200 512
DEBUG 2025-06-16 18:17:22,743 middleware 22016 22876 Request from origin: http://localhost:3000
INFO 2025-06-16 18:17:22,749 basehttp 22016 22876 "GET /api/menu-items/?cafe=1 HTTP/1.1" 200 52
DEBUG 2025-06-16 18:17:22,751 middleware 22016 22876 Request from origin: http://localhost:3000
INFO 2025-06-16 18:17:22,754 basehttp 22016 22876 "GET /api/menu-items/?cafe=1 HTTP/1.1" 200 52
DEBUG 2025-06-16 18:17:24,307 middleware 22016 24080 Request from origin: http://localhost:3000
DEBUG 2025-06-16 18:17:24,308 middleware 22016 3284 Request from origin: http://localhost:3000
INFO 2025-06-16 18:17:24,314 basehttp 22016 24080 "GET /api/cafes/?city=1&t=1750069044300 HTTP/1.1" 200 512
INFO 2025-06-16 18:17:24,319 basehttp 22016 3284 "GET /api/cafes/?city=1&t=1750069044301 HTTP/1.1" 200 512
DEBUG 2025-06-16 18:17:31,742 middleware 22016 16540 Request from origin: http://127.0.0.1:8000
INFO 2025-06-16 18:17:31,754 basehttp 22016 16540 "POST /admin/cafes/cafe/1/change/ HTTP/1.1" 302 0
DEBUG 2025-06-16 18:17:31,756 middleware 22016 16540 Request from origin: 
INFO 2025-06-16 18:17:31,765 basehttp 22016 16540 "GET /admin/cafes/cafe/ HTTP/1.1" 200 12565
DEBUG 2025-06-16 18:17:31,782 middleware 22016 16540 Request from origin: 
INFO 2025-06-16 18:17:31,786 basehttp 22016 16540 "GET /admin/jsi18n/ HTTP/1.1" 200 17546
DEBUG 2025-06-16 18:17:33,573 middleware 22016 3284 Request from origin: http://localhost:3000
INFO 2025-06-16 18:17:33,575 views 22016 3284 Health check запрос от 127.0.0.1: ok
INFO 2025-06-16 18:17:33,576 basehttp 22016 3284 "GET /api/health/ HTTP/1.1" 200 250
DEBUG 2025-06-16 18:17:33,577 middleware 22016 24080 Request from origin: http://localhost:3000
INFO 2025-06-16 18:17:33,578 views 22016 24080 Health check запрос от 127.0.0.1: ok
INFO 2025-06-16 18:17:33,579 basehttp 22016 24080 "GET /api/health/ HTTP/1.1" 200 251
DEBUG 2025-06-16 18:17:33,584 middleware 22016 24080 Request from origin: http://localhost:3000
INFO 2025-06-16 18:17:33,586 basehttp 22016 24080 "GET /api/cities/ HTTP/1.1" 200 168
DEBUG 2025-06-16 18:17:33,587 middleware 22016 3284 Request from origin: http://localhost:3000
DEBUG 2025-06-16 18:17:33,588 middleware 22016 24080 Request from origin: http://localhost:3000
INFO 2025-06-16 18:17:33,592 basehttp 22016 3284 "GET /api/cities/ HTTP/1.1" 200 168
INFO 2025-06-16 18:17:33,595 basehttp 22016 24080 "GET /api/cafes/?city=1&t=1750069053586 HTTP/1.1" 200 499
DEBUG 2025-06-16 18:17:33,596 middleware 22016 3284 Request from origin: http://localhost:3000
DEBUG 2025-06-16 18:17:33,598 middleware 22016 24080 Request from origin: http://localhost:3000
DEBUG 2025-06-16 18:17:33,600 middleware 22016 944 Request from origin: http://localhost:3000
INFO 2025-06-16 18:17:33,604 basehttp 22016 3284 "GET /api/cafes/?city=1&t=1750069053586 HTTP/1.1" 200 499
INFO 2025-06-16 18:17:33,609 basehttp 22016 24080 "GET /api/cafes/?city=1&t=1750069053592 HTTP/1.1" 200 499
DEBUG 2025-06-16 18:17:33,614 middleware 22016 24080 Request from origin: http://localhost:3000
INFO 2025-06-16 18:17:33,617 basehttp 22016 24080 "GET /api/menu-items/?cafe=1 HTTP/1.1" 200 52
INFO 2025-06-16 18:17:33,619 basehttp 22016 944 "GET /api/cafes/?city=1&t=1750069053595 HTTP/1.1" 200 499
DEBUG 2025-06-16 18:17:35,827 middleware 22016 944 Request from origin: http://localhost:3000
INFO 2025-06-16 18:17:35,830 views 22016 944 Health check запрос от 127.0.0.1: ok
INFO 2025-06-16 18:17:35,831 basehttp 22016 944 "GET /api/health/ HTTP/1.1" 200 250
DEBUG 2025-06-16 18:17:35,836 middleware 22016 944 Request from origin: http://localhost:3000
INFO 2025-06-16 18:17:35,838 views 22016 944 Health check запрос от 127.0.0.1: ok
INFO 2025-06-16 18:17:35,838 basehttp 22016 944 "GET /api/health/ HTTP/1.1" 200 250
DEBUG 2025-06-16 18:17:35,846 middleware 22016 944 Request from origin: http://localhost:3000
INFO 2025-06-16 18:17:35,850 basehttp 22016 944 "GET /api/cities/ HTTP/1.1" 200 168
DEBUG 2025-06-16 18:17:35,854 middleware 22016 944 Request from origin: http://localhost:3000
INFO 2025-06-16 18:17:35,858 basehttp 22016 944 "GET /api/cities/ HTTP/1.1" 200 168
DEBUG 2025-06-16 18:17:35,863 middleware 22016 944 Request from origin: http://localhost:3000
INFO 2025-06-16 18:17:35,869 basehttp 22016 944 "GET /api/cafes/?city=1&t=1750069055860 HTTP/1.1" 200 499
DEBUG 2025-06-16 18:17:35,874 middleware 22016 944 Request from origin: http://localhost:3000
INFO 2025-06-16 18:17:35,879 basehttp 22016 944 "GET /api/cafes/?city=1&t=1750069055871 HTTP/1.1" 200 499
DEBUG 2025-06-16 18:17:35,882 middleware 22016 944 Request from origin: http://localhost:3000
DEBUG 2025-06-16 18:17:35,885 middleware 22016 24080 Request from origin: http://localhost:3000
DEBUG 2025-06-16 18:17:35,885 middleware 22016 3284 Request from origin: http://localhost:3000
INFO 2025-06-16 18:17:35,892 basehttp 22016 3284 "GET /api/menu-items/?cafe=1 HTTP/1.1" 200 52
INFO 2025-06-16 18:17:35,894 basehttp 22016 944 "GET /api/cafes/?city=1&t=1750069055878 HTTP/1.1" 200 499
DEBUG 2025-06-16 18:17:35,896 middleware 22016 944 Request from origin: http://localhost:3000
INFO 2025-06-16 18:17:35,900 basehttp 22016 944 "GET /api/menu-items/?cafe=1 HTTP/1.1" 200 52
INFO 2025-06-16 18:17:35,908 basehttp 22016 24080 "GET /api/cafes/?city=1&t=1750069055880 HTTP/1.1" 200 499
DEBUG 2025-06-16 18:17:43,183 middleware 22016 24080 Request from origin: http://localhost:3000
INFO 2025-06-16 18:17:43,186 views 22016 24080 Health check запрос от 127.0.0.1: ok
INFO 2025-06-16 18:17:43,186 basehttp 22016 24080 "GET /api/health/ HTTP/1.1" 200 251
DEBUG 2025-06-16 18:17:43,188 middleware 22016 944 Request from origin: http://localhost:3000
INFO 2025-06-16 18:17:43,190 views 22016 944 Health check запрос от 127.0.0.1: ok
INFO 2025-06-16 18:17:43,191 basehttp 22016 944 "GET /api/health/ HTTP/1.1" 200 251
DEBUG 2025-06-16 18:17:43,201 middleware 22016 944 Request from origin: http://localhost:3000
INFO 2025-06-16 18:17:43,204 basehttp 22016 944 "GET /api/cities/ HTTP/1.1" 200 168
DEBUG 2025-06-16 18:17:43,205 middleware 22016 24080 Request from origin: http://localhost:3000
INFO 2025-06-16 18:17:43,209 basehttp 22016 24080 "GET /api/cities/ HTTP/1.1" 200 168
DEBUG 2025-06-16 18:17:43,212 middleware 22016 24080 Request from origin: http://localhost:3000
DEBUG 2025-06-16 18:17:43,214 middleware 22016 944 Request from origin: http://localhost:3000
DEBUG 2025-06-16 18:17:43,218 middleware 22016 3284 Request from origin: http://localhost:3000
DEBUG 2025-06-16 18:17:43,219 middleware 22016 6912 Request from origin: http://localhost:3000
INFO 2025-06-16 18:17:43,225 basehttp 22016 24080 "GET /api/cafes/?city=1&t=1750069063209 HTTP/1.1" 200 499
INFO 2025-06-16 18:17:43,225 basehttp 22016 944 "GET /api/cafes/?city=1&t=1750069063210 HTTP/1.1" 200 499
INFO 2025-06-16 18:17:43,233 basehttp 22016 3284 "GET /api/cafes/?city=1&t=1750069063215 HTTP/1.1" 200 499
INFO 2025-06-16 18:17:43,233 basehttp 22016 6912 "GET /api/cafes/?city=1&t=1750069063217 HTTP/1.1" 200 499
DEBUG 2025-06-16 18:17:43,248 middleware 22016 6912 Request from origin: http://localhost:3000
INFO 2025-06-16 18:17:43,251 basehttp 22016 6912 "GET /api/menu-items/?cafe=1 HTTP/1.1" 200 52
DEBUG 2025-06-16 18:17:43,252 middleware 22016 3284 Request from origin: http://localhost:3000
INFO 2025-06-16 18:17:43,256 basehttp 22016 3284 "GET /api/menu-items/?cafe=1 HTTP/1.1" 200 52
DEBUG 2025-06-16 18:17:47,306 middleware 22016 16540 Request from origin: 
INFO 2025-06-16 18:17:47,315 basehttp 22016 16540 "GET /admin/cafes/cafe/ HTTP/1.1" 200 12363
DEBUG 2025-06-16 18:17:47,329 middleware 22016 16540 Request from origin: 
INFO 2025-06-16 18:17:47,333 basehttp 22016 16540 "GET /admin/jsi18n/ HTTP/1.1" 200 17546
DEBUG 2025-06-16 18:17:47,737 middleware 22016 16540 Request from origin: 
INFO 2025-06-16 18:17:47,745 basehttp 22016 16540 "GET /admin/cafes/cafe/ HTTP/1.1" 200 12363
DEBUG 2025-06-16 18:17:47,759 middleware 22016 16540 Request from origin: 
INFO 2025-06-16 18:17:47,763 basehttp 22016 16540 "GET /admin/jsi18n/ HTTP/1.1" 200 17546
DEBUG 2025-06-16 18:17:47,994 middleware 22016 16540 Request from origin: 
INFO 2025-06-16 18:17:48,002 basehttp 22016 16540 "GET /admin/cafes/cafe/ HTTP/1.1" 200 12363
DEBUG 2025-06-16 18:17:48,016 middleware 22016 16540 Request from origin: 
INFO 2025-06-16 18:17:48,019 basehttp 22016 16540 "GET /admin/jsi18n/ HTTP/1.1" 200 17546
DEBUG 2025-06-16 18:17:48,239 middleware 22016 16540 Request from origin: 
INFO 2025-06-16 18:17:48,249 basehttp 22016 16540 "GET /admin/cafes/cafe/ HTTP/1.1" 200 12363
DEBUG 2025-06-16 18:17:48,263 middleware 22016 16540 Request from origin: 
INFO 2025-06-16 18:17:48,267 basehttp 22016 16540 "GET /admin/jsi18n/ HTTP/1.1" 200 17546
INFO 2025-06-16 18:17:53,170 autoreload 3444 3468 Watching for file changes with StatReloader
INFO 2025-06-16 18:17:53,585 middleware 3444 16132 CORS Middleware initialized with allowed origins: ['http://localhost', 'http://localhost:3000', 'http://localhost:80', 'http://127.0.0.1', 'http://127.0.0.1:3000', 'http://127.0.0.1:80', 'http://frontend', 'http://localhost:3001', 'http://127.0.0.1:3001', 'http://localhost:8000', 'http://127.0.0.1:8000', 'https://ec4db675c64c9f.lhr.life']
INFO 2025-06-16 18:17:53,585 middleware 3444 16132 Custom CSRF Middleware initialized with exempt paths: ['/api/auth/login/', '/api/auth/csrf/']
DEBUG 2025-06-16 18:17:54,716 middleware 3444 24808 Request from origin: http://localhost:3000
INFO 2025-06-16 18:17:54,720 views 3444 24808 Health check запрос от 127.0.0.1: ok
INFO 2025-06-16 18:17:54,721 basehttp 3444 24808 "GET /api/health/ HTTP/1.1" 200 250
DEBUG 2025-06-16 18:17:54,723 middleware 3444 23004 Request from origin: http://localhost:3000
INFO 2025-06-16 18:17:54,726 views 3444 23004 Health check запрос от 127.0.0.1: ok
INFO 2025-06-16 18:17:54,727 basehttp 3444 23004 "GET /api/health/ HTTP/1.1" 200 251
DEBUG 2025-06-16 18:17:54,732 middleware 3444 23004 Request from origin: http://localhost:3000
INFO 2025-06-16 18:17:54,737 basehttp 3444 23004 "GET /api/cities/ HTTP/1.1" 200 168
DEBUG 2025-06-16 18:17:54,741 middleware 3444 23004 Request from origin: http://localhost:3000
DEBUG 2025-06-16 18:17:54,742 middleware 3444 24808 Request from origin: http://localhost:3000
DEBUG 2025-06-16 18:17:54,746 middleware 3444 23484 Request from origin: http://localhost:3000
INFO 2025-06-16 18:17:54,749 basehttp 3444 23004 "GET /api/cities/ HTTP/1.1" 200 168
DEBUG 2025-06-16 18:17:54,754 middleware 3444 23004 Request from origin: http://localhost:3000
INFO 2025-06-16 18:17:54,755 basehttp 3444 24808 "GET /api/cafes/?city=1&t=1750069074740 HTTP/1.1" 200 499
DEBUG 2025-06-16 18:17:54,756 middleware 3444 5924 Request from origin: http://localhost:3000
INFO 2025-06-16 18:17:54,761 basehttp 3444 23484 "GET /api/cafes/?city=1&t=1750069074742 HTTP/1.1" 200 499
INFO 2025-06-16 18:17:54,766 basehttp 3444 5924 "GET /api/cafes/?city=1&t=1750069074752 HTTP/1.1" 200 499
INFO 2025-06-16 18:17:54,775 basehttp 3444 23004 "GET /api/cafes/?city=1&t=1750069074750 HTTP/1.1" 200 499
DEBUG 2025-06-16 18:17:54,778 middleware 3444 23004 Request from origin: http://localhost:3000
INFO 2025-06-16 18:17:54,782 basehttp 3444 23004 "GET /api/menu-items/?cafe=1 HTTP/1.1" 200 52
DEBUG 2025-06-16 18:17:54,785 middleware 3444 23004 Request from origin: http://localhost:3000
INFO 2025-06-16 18:17:54,789 basehttp 3444 23004 "GET /api/menu-items/?cafe=1 HTTP/1.1" 200 52
DEBUG 2025-06-16 18:18:23,517 middleware 3444 15848 Request from origin: 
INFO 2025-06-16 18:18:23,557 basehttp 3444 15848 "GET /admin/cafes/cafe/1/change/ HTTP/1.1" 200 17136
DEBUG 2025-06-16 18:18:23,573 middleware 3444 15848 Request from origin: 
INFO 2025-06-16 18:18:23,578 basehttp 3444 15848 "GET /admin/jsi18n/ HTTP/1.1" 200 17546
DEBUG 2025-06-16 18:19:36,031 middleware 3444 23112 Request from origin: 
DEBUG 2025-06-16 18:19:36,031 middleware 3444 23112 CSRF Processing path: admin/auth/user/, Method: GET
DEBUG 2025-06-16 18:19:36,032 middleware 3444 23112 CSRF token in cookie: True
DEBUG 2025-06-16 18:19:36,032 middleware 3444 23112 CSRF token in header: False
DEBUG 2025-06-16 18:19:36,032 middleware 3444 23112 CSRF cookie token (first 6): BGIg2h...
INFO 2025-06-16 18:19:36,050 basehttp 3444 23112 "GET /admin/auth/user/ HTTP/1.1" 200 14192
DEBUG 2025-06-16 18:19:36,064 middleware 3444 23112 Request from origin: 
INFO 2025-06-16 18:19:36,068 basehttp 3444 23112 "GET /admin/jsi18n/ HTTP/1.1" 200 17546
DEBUG 2025-06-16 18:19:37,482 middleware 3444 23112 Request from origin: 
DEBUG 2025-06-16 18:19:37,483 middleware 3444 23112 CSRF Processing path: admin/auth/user/add/, Method: GET
DEBUG 2025-06-16 18:19:37,483 middleware 3444 23112 CSRF token in cookie: True
DEBUG 2025-06-16 18:19:37,483 middleware 3444 23112 CSRF token in header: False
DEBUG 2025-06-16 18:19:37,483 middleware 3444 23112 CSRF cookie token (first 6): BGIg2h...
INFO 2025-06-16 18:19:37,500 basehttp 3444 23112 "GET /admin/auth/user/add/ HTTP/1.1" 200 13314
DEBUG 2025-06-16 18:19:37,515 middleware 3444 23112 Request from origin: 
INFO 2025-06-16 18:19:37,518 basehttp 3444 23112 "GET /admin/jsi18n/ HTTP/1.1" 200 17546
DEBUG 2025-06-16 18:19:47,947 middleware 3444 23112 Request from origin: http://127.0.0.1:8000
DEBUG 2025-06-16 18:19:47,947 middleware 3444 23112 CSRF Processing path: admin/auth/user/add/, Method: POST
DEBUG 2025-06-16 18:19:47,948 middleware 3444 23112 CSRF token in cookie: True
DEBUG 2025-06-16 18:19:47,948 middleware 3444 23112 CSRF token in header: False
DEBUG 2025-06-16 18:19:47,948 middleware 3444 23112 CSRF cookie token (first 6): BGIg2h...
INFO 2025-06-16 18:19:48,207 basehttp 3444 23112 "POST /admin/auth/user/add/ HTTP/1.1" 302 0
DEBUG 2025-06-16 18:19:48,210 middleware 3444 23112 Request from origin: 
DEBUG 2025-06-16 18:19:48,210 middleware 3444 23112 CSRF Processing path: admin/auth/user/2/change/, Method: GET
DEBUG 2025-06-16 18:19:48,210 middleware 3444 23112 CSRF token in cookie: True
DEBUG 2025-06-16 18:19:48,210 middleware 3444 23112 CSRF token in header: False
DEBUG 2025-06-16 18:19:48,210 middleware 3444 23112 CSRF cookie token (first 6): BGIg2h...
INFO 2025-06-16 18:19:48,232 basehttp 3444 23112 "GET /admin/auth/user/2/change/ HTTP/1.1" 200 26952
DEBUG 2025-06-16 18:19:48,248 middleware 3444 23112 Request from origin: 
INFO 2025-06-16 18:19:48,254 basehttp 3444 23112 "GET /admin/jsi18n/ HTTP/1.1" 200 17546
INFO 2025-06-16 18:19:48,315 basehttp 3444 23104 "GET /static/admin/js/calendar.js HTTP/1.1" 200 9141
INFO 2025-06-16 18:19:48,318 basehttp 3444 7208 "GET /static/admin/js/admin/DateTimeShortcuts.js HTTP/1.1" 200 19319
INFO 2025-06-16 18:19:48,321 basehttp 3444 5280 "GET /static/admin/js/SelectBox.js HTTP/1.1" 200 4530
INFO 2025-06-16 18:19:48,321 basehttp 3444 25756 "GET /static/admin/js/SelectFilter2.js HTTP/1.1" 200 15492
INFO 2025-06-16 18:19:48,343 basehttp 3444 5280 "GET /static/admin/img/selector-icons.svg HTTP/1.1" 200 3291
INFO 2025-06-16 18:19:48,343 basehttp 3444 7208 "GET /static/admin/img/icon-unknown-alt.svg HTTP/1.1" 200 655
INFO 2025-06-16 18:19:48,343 basehttp 3444 25756 "GET /static/admin/img/icon-unknown.svg HTTP/1.1" 200 655
INFO 2025-06-16 18:19:48,343 basehttp 3444 23112 "GET /static/admin/img/icon-clock.svg HTTP/1.1" 200 677
INFO 2025-06-16 18:19:48,344 basehttp 3444 23104 "GET /static/admin/img/icon-calendar.svg HTTP/1.1" 200 1086
DEBUG 2025-06-16 18:19:49,834 middleware 3444 23104 Request from origin: 
INFO 2025-06-16 18:19:49,845 basehttp 3444 23104 "GET /admin/cafes/cafecontact/ HTTP/1.1" 200 10925
DEBUG 2025-06-16 18:19:49,859 middleware 3444 23104 Request from origin: 
INFO 2025-06-16 18:19:49,865 basehttp 3444 23104 "GET /admin/jsi18n/ HTTP/1.1" 200 17546
WARNING 2025-06-16 18:19:49,868 basehttp 3444 23112 "GET /static/js/cafe_contact_admin.js HTTP/1.1" 404 1831
DEBUG 2025-06-16 18:19:51,466 middleware 3444 23104 Request from origin: 
INFO 2025-06-16 18:19:51,479 basehttp 3444 23104 "GET /admin/cafes/cafecontact/add/ HTTP/1.1" 200 20681
DEBUG 2025-06-16 18:19:51,496 middleware 3444 23104 Request from origin: 
WARNING 2025-06-16 18:19:51,502 basehttp 3444 7208 "GET /static/js/cafe_contact_admin.js HTTP/1.1" 404 1831
INFO 2025-06-16 18:19:51,503 basehttp 3444 23104 "GET /admin/jsi18n/ HTTP/1.1" 200 17546
INFO 2025-06-16 18:19:51,511 basehttp 3444 23104 "GET /static/admin/img/icon-deletelink.svg HTTP/1.1" 200 392
DEBUG 2025-06-16 18:19:53,563 middleware 3444 23104 Request from origin: 
INFO 2025-06-16 18:19:53,574 basehttp 3444 23104 "GET /admin/cafes/cafe/?_to_field=id&_popup=1 HTTP/1.1" 200 5886
DEBUG 2025-06-16 18:19:59,298 middleware 3444 11232 Request from origin: http://localhost:3000
DEBUG 2025-06-16 18:19:59,300 middleware 3444 3212 Request from origin: 
INFO 2025-06-16 18:19:59,313 basehttp 3444 11232 "GET /api/cafes/?city=1&t=1750069199294 HTTP/1.1" 200 499
INFO 2025-06-16 18:19:59,314 basehttp 3444 3212 "GET /media/cafe_covers/XXXL_1_1_1mEPMP1.webp?t=1750069199285 HTTP/1.1" 200 100380
DEBUG 2025-06-16 18:20:20,596 middleware 3444 23104 Request from origin: http://127.0.0.1:8000
INFO 2025-06-16 18:20:20,861 basehttp 3444 23104 "POST /admin/cafes/cafecontact/add/ HTTP/1.1" 302 0
DEBUG 2025-06-16 18:20:20,863 middleware 3444 23104 Request from origin: 
INFO 2025-06-16 18:20:20,874 basehttp 3444 23104 "GET /admin/cafes/cafecontact/ HTTP/1.1" 200 14047
DEBUG 2025-06-16 18:20:20,890 middleware 3444 23104 Request from origin: 
INFO 2025-06-16 18:20:20,895 basehttp 3444 5280 "GET /static/admin/img/icon-no.svg HTTP/1.1" 200 560
WARNING 2025-06-16 18:20:20,895 basehttp 3444 25756 "GET /static/js/cafe_contact_admin.js HTTP/1.1" 404 1831
INFO 2025-06-16 18:20:20,897 basehttp 3444 23104 "GET /admin/jsi18n/ HTTP/1.1" 200 17546
DEBUG 2025-06-16 18:20:22,423 middleware 3444 23104 Request from origin: 
INFO 2025-06-16 18:20:22,437 basehttp 3444 23104 "GET /admin/cafes/cafecontact/1/change/ HTTP/1.1" 200 21074
DEBUG 2025-06-16 18:20:22,453 middleware 3444 23104 Request from origin: 
WARNING 2025-06-16 18:20:22,459 basehttp 3444 5280 "GET /static/js/cafe_contact_admin.js HTTP/1.1" 404 1831
INFO 2025-06-16 18:20:22,460 basehttp 3444 23104 "GET /admin/jsi18n/ HTTP/1.1" 200 17546
DEBUG 2025-06-16 18:20:24,799 middleware 3444 23104 Request from origin: http://127.0.0.1:8000
INFO 2025-06-16 18:20:24,812 basehttp 3444 23104 "POST /admin/cafes/cafecontact/1/change/ HTTP/1.1" 302 0
DEBUG 2025-06-16 18:20:24,815 middleware 3444 23104 Request from origin: 
INFO 2025-06-16 18:20:24,824 basehttp 3444 23104 "GET /admin/cafes/cafecontact/ HTTP/1.1" 200 13921
DEBUG 2025-06-16 18:20:24,840 middleware 3444 23104 Request from origin: 
WARNING 2025-06-16 18:20:24,845 basehttp 3444 21464 "GET /static/js/cafe_contact_admin.js HTTP/1.1" 404 1831
INFO 2025-06-16 18:20:24,846 basehttp 3444 23104 "GET /admin/jsi18n/ HTTP/1.1" 200 17546
DEBUG 2025-06-16 18:20:57,716 middleware 3444 3212 Request from origin: http://localhost:3000
INFO 2025-06-16 18:20:57,719 views 3444 3212 Health check запрос от 127.0.0.1: ok
INFO 2025-06-16 18:20:57,719 basehttp 3444 3212 "GET /api/health/ HTTP/1.1" 200 251
DEBUG 2025-06-16 18:20:57,721 middleware 3444 11232 Request from origin: http://localhost:3000
INFO 2025-06-16 18:20:57,723 views 3444 11232 Health check запрос от 127.0.0.1: ok
INFO 2025-06-16 18:20:57,724 basehttp 3444 11232 "GET /api/health/ HTTP/1.1" 200 251
DEBUG 2025-06-16 18:20:57,734 middleware 3444 11232 Request from origin: http://localhost:3000
INFO 2025-06-16 18:20:57,737 basehttp 3444 11232 "GET /api/cities/ HTTP/1.1" 200 168
DEBUG 2025-06-16 18:20:57,738 middleware 3444 3212 Request from origin: http://localhost:3000
INFO 2025-06-16 18:20:57,741 basehttp 3444 3212 "GET /api/cities/ HTTP/1.1" 200 168
DEBUG 2025-06-16 18:20:57,750 middleware 3444 3212 Request from origin: http://localhost:3000
INFO 2025-06-16 18:20:57,757 basehttp 3444 3212 "GET /api/cafes/?city=1&t=1750069257747 HTTP/1.1" 200 499
DEBUG 2025-06-16 18:20:57,759 middleware 3444 11232 Request from origin: http://localhost:3000
INFO 2025-06-16 18:20:57,765 basehttp 3444 11232 "GET /api/cafes/?city=1&t=1750069257750 HTTP/1.1" 200 499
DEBUG 2025-06-16 18:20:57,771 middleware 3444 11232 Request from origin: http://localhost:3000
DEBUG 2025-06-16 18:20:57,771 middleware 3444 3212 Request from origin: http://localhost:3000
INFO 2025-06-16 18:20:57,781 basehttp 3444 11232 "GET /api/cafes/?city=1&t=1750069257763 HTTP/1.1" 200 499
DEBUG 2025-06-16 18:20:57,782 middleware 3444 26504 Request from origin: http://localhost:3000
INFO 2025-06-16 18:20:57,784 basehttp 3444 3212 "GET /api/cafes/?city=1&t=1750069257765 HTTP/1.1" 200 499
INFO 2025-06-16 18:20:57,785 basehttp 3444 26504 "GET /api/menu-items/?cafe=1 HTTP/1.1" 200 52
DEBUG 2025-06-16 18:20:57,787 middleware 3444 3212 Request from origin: http://localhost:3000
INFO 2025-06-16 18:20:57,789 basehttp 3444 3212 "GET /api/menu-items/?cafe=1 HTTP/1.1" 200 52
DEBUG 2025-06-16 18:20:57,807 middleware 3444 3212 Request from origin: 
INFO 2025-06-16 18:20:57,808 basehttp 3444 3212 "GET /media/cafe_covers/XXXL_1_1_1mEPMP1.webp?t=1750069257752 HTTP/1.1" 200 100380
DEBUG 2025-06-16 18:20:59,733 middleware 3444 23104 Request from origin: 
INFO 2025-06-16 18:20:59,746 basehttp 3444 23104 "GET /admin/cafes/cafecontact/1/change/ HTTP/1.1" 200 21082
DEBUG 2025-06-16 18:20:59,762 middleware 3444 23104 Request from origin: 
WARNING 2025-06-16 18:20:59,768 basehttp 3444 6880 "GET /static/js/cafe_contact_admin.js HTTP/1.1" 404 1831
INFO 2025-06-16 18:20:59,768 basehttp 3444 23104 "GET /admin/jsi18n/ HTTP/1.1" 200 17546
DEBUG 2025-06-16 18:21:02,339 middleware 3444 23104 Request from origin: 
INFO 2025-06-16 18:21:02,348 basehttp 3444 23104 "GET /admin/cafes/cafe/ HTTP/1.1" 200 12363
DEBUG 2025-06-16 18:21:02,362 middleware 3444 23104 Request from origin: 
INFO 2025-06-16 18:21:02,367 basehttp 3444 23104 "GET /admin/jsi18n/ HTTP/1.1" 200 17546
DEBUG 2025-06-16 18:21:03,502 middleware 3444 23104 Request from origin: 
INFO 2025-06-16 18:21:03,513 basehttp 3444 23104 "GET /admin/cafes/cafe/1/change/ HTTP/1.1" 200 17136
DEBUG 2025-06-16 18:21:03,527 middleware 3444 23104 Request from origin: 
INFO 2025-06-16 18:21:03,531 basehttp 3444 23104 "GET /admin/jsi18n/ HTTP/1.1" 200 17546
DEBUG 2025-06-16 18:21:06,780 middleware 3444 23104 Request from origin: http://127.0.0.1:8000
INFO 2025-06-16 18:21:06,822 basehttp 3444 23104 "POST /admin/cafes/cafe/1/change/ HTTP/1.1" 302 0
DEBUG 2025-06-16 18:21:06,825 middleware 3444 23104 Request from origin: 
INFO 2025-06-16 18:21:06,834 basehttp 3444 23104 "GET /admin/cafes/cafe/ HTTP/1.1" 200 12565
DEBUG 2025-06-16 18:21:06,850 middleware 3444 23104 Request from origin: 
INFO 2025-06-16 18:21:06,853 basehttp 3444 23104 "GET /admin/jsi18n/ HTTP/1.1" 200 17546
DEBUG 2025-06-16 18:21:07,869 middleware 3444 3212 Request from origin: http://localhost:3000
INFO 2025-06-16 18:21:07,872 views 3444 3212 Health check запрос от 127.0.0.1: ok
INFO 2025-06-16 18:21:07,872 basehttp 3444 3212 "GET /api/health/ HTTP/1.1" 200 251
DEBUG 2025-06-16 18:21:07,876 middleware 3444 3212 Request from origin: http://localhost:3000
INFO 2025-06-16 18:21:07,878 views 3444 3212 Health check запрос от 127.0.0.1: ok
INFO 2025-06-16 18:21:07,879 basehttp 3444 3212 "GET /api/health/ HTTP/1.1" 200 250
DEBUG 2025-06-16 18:21:07,887 middleware 3444 3212 Request from origin: http://localhost:3000
INFO 2025-06-16 18:21:07,890 basehttp 3444 3212 "GET /api/cities/ HTTP/1.1" 200 168
DEBUG 2025-06-16 18:21:07,891 middleware 3444 26504 Request from origin: http://localhost:3000
INFO 2025-06-16 18:21:07,895 basehttp 3444 26504 "GET /api/cities/ HTTP/1.1" 200 168
DEBUG 2025-06-16 18:21:07,903 middleware 3444 26504 Request from origin: http://localhost:3000
DEBUG 2025-06-16 18:21:07,908 middleware 3444 3212 Request from origin: http://localhost:3000
DEBUG 2025-06-16 18:21:07,909 middleware 3444 11232 Request from origin: http://localhost:3000
INFO 2025-06-16 18:21:07,911 basehttp 3444 26504 "GET /api/cafes/?city=1&t=1750069267899 HTTP/1.1" 200 520
DEBUG 2025-06-16 18:21:07,912 middleware 3444 24552 Request from origin: http://localhost:3000
INFO 2025-06-16 18:21:07,920 basehttp 3444 3212 "GET /api/cafes/?city=1&t=1750069267904 HTTP/1.1" 200 520
INFO 2025-06-16 18:21:07,924 basehttp 3444 11232 "GET /api/cafes/?city=1&t=1750069267906 HTTP/1.1" 200 520
DEBUG 2025-06-16 18:21:07,925 middleware 3444 3212 Request from origin: http://localhost:3000
INFO 2025-06-16 18:21:07,927 basehttp 3444 24552 "GET /api/cafes/?city=1&t=1750069267907 HTTP/1.1" 200 520
INFO 2025-06-16 18:21:07,929 basehttp 3444 3212 "GET /api/menu-items/?cafe=1 HTTP/1.1" 200 52
DEBUG 2025-06-16 18:21:07,946 middleware 3444 3212 Request from origin: http://localhost:3000
DEBUG 2025-06-16 18:21:07,948 middleware 3444 24552 Request from origin: 
INFO 2025-06-16 18:21:07,950 basehttp 3444 3212 "GET /api/menu-items/?cafe=1 HTTP/1.1" 200 52
INFO 2025-06-16 18:21:07,951 basehttp 3444 24552 "GET /media/cafe_covers/shashlyk-iz-govjadiny-na-grile_mEyyDmU.jpg?t=1750069267901 HTTP/1.1" 200 126933
DEBUG 2025-06-16 18:21:09,646 middleware 3444 23104 Request from origin: 
INFO 2025-06-16 18:21:09,657 basehttp 3444 23104 "GET /admin/cafes/cafe/1/change/ HTTP/1.1" 200 17178
DEBUG 2025-06-16 18:21:09,670 middleware 3444 23104 Request from origin: 
INFO 2025-06-16 18:21:09,673 basehttp 3444 23104 "GET /admin/jsi18n/ HTTP/1.1" 200 17546
DEBUG 2025-06-16 18:21:13,209 middleware 3444 23104 Request from origin: http://127.0.0.1:8000
INFO 2025-06-16 18:21:13,223 basehttp 3444 23104 "POST /admin/cafes/cafe/1/change/ HTTP/1.1" 302 0
DEBUG 2025-06-16 18:21:13,226 middleware 3444 23104 Request from origin: 
INFO 2025-06-16 18:21:13,235 basehttp 3444 23104 "GET /admin/cafes/cafe/ HTTP/1.1" 200 12565
DEBUG 2025-06-16 18:21:13,251 middleware 3444 23104 Request from origin: 
INFO 2025-06-16 18:21:13,255 basehttp 3444 23104 "GET /admin/jsi18n/ HTTP/1.1" 200 17546
DEBUG 2025-06-16 18:21:14,963 middleware 3444 24552 Request from origin: http://localhost:3000
INFO 2025-06-16 18:21:14,965 views 3444 24552 Health check запрос от 127.0.0.1: ok
INFO 2025-06-16 18:21:14,965 basehttp 3444 24552 "GET /api/health/ HTTP/1.1" 200 250
DEBUG 2025-06-16 18:21:14,967 middleware 3444 3212 Request from origin: http://localhost:3000
INFO 2025-06-16 18:21:14,969 views 3444 3212 Health check запрос от 127.0.0.1: ok
INFO 2025-06-16 18:21:14,969 basehttp 3444 3212 "GET /api/health/ HTTP/1.1" 200 251
DEBUG 2025-06-16 18:21:14,980 middleware 3444 3212 Request from origin: http://localhost:3000
INFO 2025-06-16 18:21:14,982 basehttp 3444 3212 "GET /api/cities/ HTTP/1.1" 200 168
DEBUG 2025-06-16 18:21:14,983 middleware 3444 24552 Request from origin: http://localhost:3000
INFO 2025-06-16 18:21:14,986 basehttp 3444 24552 "GET /api/cities/ HTTP/1.1" 200 168
DEBUG 2025-06-16 18:21:14,990 middleware 3444 24552 Request from origin: http://localhost:3000
DEBUG 2025-06-16 18:21:14,992 middleware 3444 3212 Request from origin: http://localhost:3000
DEBUG 2025-06-16 18:21:14,993 middleware 3444 11232 Request from origin: http://localhost:3000
INFO 2025-06-16 18:21:15,000 basehttp 3444 3212 "GET /api/cafes/?city=1&t=1750069274989 HTTP/1.1" 200 499
DEBUG 2025-06-16 18:21:15,002 middleware 3444 26504 Request from origin: http://localhost:3000
INFO 2025-06-16 18:21:15,005 basehttp 3444 11232 "GET /api/cafes/?city=1&t=1750069274990 HTTP/1.1" 200 499
INFO 2025-06-16 18:21:15,005 basehttp 3444 24552 "GET /api/cafes/?city=1&t=1750069274987 HTTP/1.1" 200 499
INFO 2025-06-16 18:21:15,009 basehttp 3444 26504 "GET /api/cafes/?city=1&t=1750069274999 HTTP/1.1" 200 499
DEBUG 2025-06-16 18:21:15,022 middleware 3444 26504 Request from origin: 
INFO 2025-06-16 18:21:15,023 basehttp 3444 26504 "GET /media/cafe_covers/XXXL_1_1_ENDyb7O.webp?t=1750069274968 HTTP/1.1" 200 100380
DEBUG 2025-06-16 18:21:15,025 middleware 3444 26504 Request from origin: http://localhost:3000
INFO 2025-06-16 18:21:15,028 basehttp 3444 26504 "GET /api/menu-items/?cafe=1 HTTP/1.1" 200 52
DEBUG 2025-06-16 18:21:15,029 middleware 3444 24552 Request from origin: http://localhost:3000
INFO 2025-06-16 18:21:15,034 basehttp 3444 24552 "GET /api/menu-items/?cafe=1 HTTP/1.1" 200 52
INFO 2025-06-16 12:25:21,386 autoreload 9 140307439872896 Watching for file changes with StatReloader
INFO 2025-06-16 12:25:21,579 middleware 9 140307407517376 CORS Middleware initialized with allowed origins: ['http://localhost', 'http://frontend', 'http://localhost:80', 'http://127.0.0.1', 'http://127.0.0.1:80', 'http://0.0.0.0', 'http://0.0.0.0:80', 'http://localhost:3000', 'http://localhost:3001', 'http://127.0.0.1:3000', 'http://127.0.0.1:3001', 'http://localhost:8000', 'http://127.0.0.1:8000', 'https://ec4db675c64c9f.lhr.life']
INFO 2025-06-16 12:25:21,581 middleware 9 140307407517376 Custom CSRF Middleware initialized with exempt paths: ['/api/auth/login/', '/api/auth/csrf/']
DEBUG 2025-06-16 12:25:41,969 middleware 9 140307316340416 Request from origin: 
INFO 2025-06-16 12:25:41,976 views 9 140307316340416 Health check Р·Р°РїСЂРѕСЃ РѕС‚ 172.18.0.3: ok
INFO 2025-06-16 12:25:41,977 basehttp 9 140307316340416 "GET /api/health/ HTTP/1.0" 200 243
DEBUG 2025-06-16 12:25:41,989 middleware 9 140307316340416 Request from origin: 
INFO 2025-06-16 12:25:41,998 basehttp 9 140307316340416 "GET /api/cities/ HTTP/1.0" 200 168
DEBUG 2025-06-16 12:25:42,002 middleware 9 140307316340416 Request from origin: 
INFO 2025-06-16 12:25:42,014 basehttp 9 140307316340416 "GET /api/cafes/?city=1&t=1750076741637 HTTP/1.0" 200 494
DEBUG 2025-06-16 12:25:42,019 middleware 9 140307316340416 Request from origin: 
INFO 2025-06-16 12:25:42,026 basehttp 9 140307316340416 "GET /api/menu-items/?cafe=1 HTTP/1.0" 200 52
DEBUG 2025-06-16 12:25:49,187 middleware 9 140307316340416 Request from origin: 
INFO 2025-06-16 12:25:49,198 basehttp 9 140307316340416 "GET /api/cafes/?city=1&t=1750076749088 HTTP/1.0" 200 494
DEBUG 2025-06-16 12:25:49,206 middleware 9 140307316340416 Request from origin: 
INFO 2025-06-16 12:25:49,216 basehttp 9 140307316340416 "GET /media/cafe_covers/XXXL_1_1_ENDyb7O.webp?t=1750076749086 HTTP/1.0" 200 100380
DEBUG 2025-06-16 12:25:51,302 middleware 9 140307316340416 Request from origin: 
INFO 2025-06-16 12:25:51,309 basehttp 9 140307316340416 "GET /api/menu-items/?cafe=1 HTTP/1.0" 200 52
DEBUG 2025-06-16 12:25:55,533 middleware 9 140307316340416 Request from origin: 
WARNING 2025-06-16 12:25:55,539 base 9 140307316340416 Session data corrupted
INFO 2025-06-16 12:25:55,565 basehttp 9 140307316340416 "GET /admin/ HTTP/1.1" 302 0
DEBUG 2025-06-16 12:25:55,569 middleware 9 140307316340416 Request from origin: 
WARNING 2025-06-16 12:25:55,575 base 9 140307316340416 Session data corrupted
INFO 2025-06-16 12:25:55,594 basehttp 9 140307316340416 "GET /admin/login/?next=/admin/ HTTP/1.1" 200 4267
DEBUG 2025-06-16 12:25:56,453 middleware 9 140307316340416 Request from origin: 
WARNING 2025-06-16 12:25:56,465 log 9 140307316340416 Not Found: /favicon.ico
WARNING 2025-06-16 12:25:56,465 basehttp 9 140307316340416 "GET /favicon.ico HTTP/1.1" 404 2340
DEBUG 2025-06-16 12:26:03,543 middleware 9 140307316340416 Request from origin: http://127.0.0.1:8000
WARNING 2025-06-16 12:26:03,548 base 9 140307316340416 Session data corrupted
INFO 2025-06-16 12:26:03,910 basehttp 9 140307316340416 "POST /admin/login/?next=/admin/ HTTP/1.1" 302 0
DEBUG 2025-06-16 12:26:03,914 middleware 9 140307316340416 Request from origin: 
INFO 2025-06-16 12:26:03,936 basehttp 9 140307316340416 "GET /admin/ HTTP/1.1" 200 11423
DEBUG 2025-06-16 12:26:06,129 middleware 9 140307316340416 Request from origin: 
INFO 2025-06-16 12:26:06,157 basehttp 9 140307316340416 "GET /admin/cafes/menuitem/ HTTP/1.1" 200 10282
DEBUG 2025-06-16 12:26:06,178 middleware 9 140307316340416 Request from origin: 
INFO 2025-06-16 12:26:06,189 basehttp 9 140307316340416 "GET /admin/jsi18n/ HTTP/1.1" 200 16066
DEBUG 2025-06-16 12:26:07,178 middleware 9 140307316340416 Request from origin: 
INFO 2025-06-16 12:26:07,208 basehttp 9 140307316340416 "GET /admin/cafes/menuitem/add/ HTTP/1.1" 200 15585
DEBUG 2025-06-16 12:26:07,224 middleware 9 140307316340416 Request from origin: 
INFO 2025-06-16 12:26:07,233 basehttp 9 140307316340416 "GET /admin/jsi18n/ HTTP/1.1" 200 16066
DEBUG 2025-06-16 12:26:34,460 middleware 9 140307316340416 Request from origin: http://127.0.0.1:8000
INFO 2025-06-16 12:26:34,522 basehttp 9 140307316340416 "POST /admin/cafes/menuitem/add/ HTTP/1.1" 302 0
DEBUG 2025-06-16 12:26:34,576 middleware 9 140307316340416 Request from origin: 
INFO 2025-06-16 12:26:34,600 basehttp 9 140307316340416 "GET /admin/cafes/menuitem/ HTTP/1.1" 200 13376
DEBUG 2025-06-16 12:26:34,616 middleware 9 140307316340416 Request from origin: 
INFO 2025-06-16 12:26:34,626 basehttp 9 140307316340416 "GET /admin/jsi18n/ HTTP/1.1" 200 16066
DEBUG 2025-06-16 12:26:37,113 middleware 9 140307297740480 Request from origin: 
INFO 2025-06-16 12:26:37,119 views 9 140307297740480 Health check Р·Р°РїСЂРѕСЃ РѕС‚ 172.18.0.3: ok
INFO 2025-06-16 12:26:37,120 basehttp 9 140307297740480 "GET /api/health/ HTTP/1.0" 200 244
DEBUG 2025-06-16 12:26:37,122 middleware 9 140307297740480 Request from origin: 
DEBUG 2025-06-16 12:26:37,128 middleware 9 140307289347776 Request from origin: 
INFO 2025-06-16 12:26:37,133 basehttp 9 140307297740480 "GET /api/menu-items/?cafe=1 HTTP/1.0" 200 358
INFO 2025-06-16 12:26:37,138 basehttp 9 140307289347776 "GET /api/cities/ HTTP/1.0" 200 168
DEBUG 2025-06-16 12:26:37,144 middleware 9 140307289347776 Request from origin: 
INFO 2025-06-16 12:26:37,156 basehttp 9 140307289347776 "GET /api/cafes/?city=1&t=1750076796820 HTTP/1.0" 200 494
DEBUG 2025-06-16 12:26:37,168 middleware 9 140307289347776 Request from origin: 
INFO 2025-06-16 12:26:37,176 basehttp 9 140307289347776 "GET /api/menu-items/?cafe=1 HTTP/1.0" 200 358
DEBUG 2025-06-16 12:26:51,746 middleware 9 140307316340416 Request from origin: 
INFO 2025-06-16 12:26:51,775 basehttp 9 140307316340416 "GET /admin/cafes/menuitem/1/change/ HTTP/1.1" 200 16252
DEBUG 2025-06-16 12:26:51,793 middleware 9 140307316340416 Request from origin: 
INFO 2025-06-16 12:26:51,804 basehttp 9 140307316340416 "GET /admin/jsi18n/ HTTP/1.1" 200 16066
DEBUG 2025-06-16 12:26:52,893 middleware 9 140307316340416 Request from origin: 
INFO 2025-06-16 12:26:52,921 basehttp 9 140307316340416 "GET /media/menu_items/1ef19980-8e08-45b7-aff2-5292b5797aa9_kJopm0u.jpeg HTTP/1.1" 200 393205
DEBUG 2025-06-16 12:26:54,030 middleware 9 140307316340416 Request from origin: 
INFO 2025-06-16 12:26:54,057 basehttp 9 140307316340416 "GET /admin/cafes/menuitem/1/change/ HTTP/1.1" 200 16252
DEBUG 2025-06-16 12:27:00,942 middleware 9 140307289347776 Request from origin: 
INFO 2025-06-16 12:27:00,948 views 9 140307289347776 Health check Р·Р°РїСЂРѕСЃ РѕС‚ 172.18.0.3: ok
INFO 2025-06-16 12:27:00,949 basehttp 9 140307289347776 "GET /api/health/ HTTP/1.0" 200 245
DEBUG 2025-06-16 12:27:00,951 middleware 9 140307289347776 Request from origin: 
DEBUG 2025-06-16 12:27:00,957 middleware 9 140307297740480 Request from origin: 
INFO 2025-06-16 12:27:00,963 basehttp 9 140307289347776 "GET /api/menu-items/?cafe=1 HTTP/1.0" 200 358
INFO 2025-06-16 12:27:00,968 basehttp 9 140307297740480 "GET /api/cities/ HTTP/1.0" 200 168
DEBUG 2025-06-16 12:27:00,975 middleware 9 140307297740480 Request from origin: 
INFO 2025-06-16 12:27:00,987 basehttp 9 140307297740480 "GET /api/cafes/?city=1&t=1750076820217 HTTP/1.0" 200 494
DEBUG 2025-06-16 12:27:01,002 middleware 9 140307297740480 Request from origin: 
INFO 2025-06-16 12:27:01,011 basehttp 9 140307297740480 "GET /api/menu-items/?cafe=1 HTTP/1.0" 200 358
INFO 2025-06-16 20:28:03,038 autoreload 30192 30208 Watching for file changes with StatReloader
INFO 2025-06-16 20:28:03,653 middleware 30192 26136 CORS Middleware initialized with allowed origins: ['http://localhost', 'http://localhost:3000', 'http://localhost:80', 'http://127.0.0.1', 'http://127.0.0.1:3000', 'http://127.0.0.1:80', 'http://frontend', 'http://localhost:3001', 'http://127.0.0.1:3001', 'http://localhost:8000', 'http://127.0.0.1:8000', 'https://ec4db675c64c9f.lhr.life']
INFO 2025-06-16 20:28:03,655 middleware 30192 26136 Custom CSRF Middleware initialized with exempt paths: ['/api/auth/login/', '/api/auth/csrf/']
DEBUG 2025-06-16 20:28:03,933 middleware 30192 14440 Request from origin: http://localhost:3000
INFO 2025-06-16 20:28:03,946 basehttp 30192 14440 "GET /api/menu-items/?cafe=1 HTTP/1.1" 200 363
DEBUG 2025-06-16 20:28:03,947 middleware 30192 4208 Request from origin: http://localhost:3000
INFO 2025-06-16 20:28:03,952 basehttp 30192 4208 "GET /api/menu-items/?cafe=1 HTTP/1.1" 200 363
DEBUG 2025-06-16 20:28:06,109 middleware 30192 4208 Request from origin: http://localhost:3000
INFO 2025-06-16 20:28:06,113 views 30192 4208 Health check запрос от 127.0.0.1: ok
INFO 2025-06-16 20:28:06,114 basehttp 30192 4208 "GET /api/health/ HTTP/1.1" 200 251
DEBUG 2025-06-16 20:28:06,115 middleware 30192 14440 Request from origin: http://localhost:3000
INFO 2025-06-16 20:28:06,118 views 30192 14440 Health check запрос от 127.0.0.1: ok
INFO 2025-06-16 20:28:06,119 basehttp 30192 14440 "GET /api/health/ HTTP/1.1" 200 250
DEBUG 2025-06-16 20:28:06,120 middleware 30192 14440 Request from origin: http://localhost:3000
INFO 2025-06-16 20:28:06,125 basehttp 30192 14440 "GET /api/cities/ HTTP/1.1" 200 168
DEBUG 2025-06-16 20:28:06,126 middleware 30192 4208 Request from origin: http://localhost:3000
INFO 2025-06-16 20:28:06,130 basehttp 30192 4208 "GET /api/cities/ HTTP/1.1" 200 168
DEBUG 2025-06-16 20:28:06,134 middleware 30192 4208 Request from origin: http://localhost:3000
INFO 2025-06-16 20:28:06,140 basehttp 30192 4208 "GET /api/cafes/?city=1&t=1750076886127 HTTP/1.1" 200 499
DEBUG 2025-06-16 20:28:06,144 middleware 30192 4208 Request from origin: http://localhost:3000
DEBUG 2025-06-16 20:28:06,145 middleware 30192 14440 Request from origin: http://localhost:3000
INFO 2025-06-16 20:28:06,152 basehttp 30192 14440 "GET /api/menu-items/?cafe=1 HTTP/1.1" 200 363
INFO 2025-06-16 20:28:06,152 basehttp 30192 4208 "GET /api/cafes/?city=1&t=1750076886142 HTTP/1.1" 200 499
DEBUG 2025-06-16 20:28:06,878 middleware 30192 4208 Request from origin: http://localhost:3000
DEBUG 2025-06-16 20:28:06,879 middleware 30192 14440 Request from origin: http://localhost:3000
INFO 2025-06-16 20:28:06,896 basehttp 30192 4208 "GET /api/cafes/?city=1&t=1750076886876 HTTP/1.1" 200 499
INFO 2025-06-16 20:28:06,896 basehttp 30192 14440 "GET /api/cafes/?city=1&t=1750076886877 HTTP/1.1" 200 499
DEBUG 2025-06-16 20:28:06,916 middleware 30192 14440 Request from origin: 
INFO 2025-06-16 20:28:06,961 basehttp 30192 14440 "GET /media/cafe_covers/XXXL_1_1_ENDyb7O.webp?t=1750076886861 HTTP/1.1" 200 100380
DEBUG 2025-06-16 20:28:08,323 middleware 30192 21672 Request from origin: http://localhost:3000
INFO 2025-06-16 20:28:08,326 basehttp 30192 21672 "GET /api/menu-items/?cafe=1 HTTP/1.1" 200 363
DEBUG 2025-06-16 20:28:08,327 middleware 30192 21672 Request from origin: http://localhost:3000
INFO 2025-06-16 20:28:08,331 basehttp 30192 21672 "GET /api/menu-items/?cafe=1 HTTP/1.1" 200 363
DEBUG 2025-06-16 20:28:08,848 middleware 30192 21672 Request from origin: 
INFO 2025-06-16 20:28:08,852 basehttp 30192 21672 "GET /media/menu_items/1ef19980-8e08-45b7-aff2-5292b5797aa9_kJopm0u.jpeg HTTP/1.1" 200 393205
INFO 2025-06-16 12:28:24,732 autoreload 8 139679559347072 Watching for file changes with StatReloader
INFO 2025-06-16 12:28:24,916 middleware 8 139679526991552 CORS Middleware initialized with allowed origins: ['http://localhost', 'http://frontend', 'http://localhost:80', 'http://127.0.0.1', 'http://127.0.0.1:80', 'http://0.0.0.0', 'http://0.0.0.0:80', 'http://localhost:3000', 'http://localhost:3001', 'http://127.0.0.1:3000', 'http://127.0.0.1:3001', 'http://localhost:8000', 'http://127.0.0.1:8000', 'https://ec4db675c64c9f.lhr.life']
INFO 2025-06-16 12:28:24,917 middleware 8 139679526991552 Custom CSRF Middleware initialized with exempt paths: ['/api/auth/login/', '/api/auth/csrf/']
DEBUG 2025-06-16 12:28:34,812 middleware 8 139679439779520 Request from origin: 
INFO 2025-06-16 12:28:34,820 views 8 139679439779520 Health check Р·Р°РїСЂРѕСЃ РѕС‚ 172.18.0.3: ok
INFO 2025-06-16 12:28:34,822 basehttp 8 139679439779520 "GET /api/health/ HTTP/1.0" 200 244
DEBUG 2025-06-16 12:28:34,838 middleware 8 139679439779520 Request from origin: 
INFO 2025-06-16 12:28:34,849 basehttp 8 139679439779520 "GET /api/cities/ HTTP/1.0" 200 168
DEBUG 2025-06-16 12:28:34,855 middleware 8 139679439779520 Request from origin: 
INFO 2025-06-16 12:28:34,869 basehttp 8 139679439779520 "GET /api/cafes/?city=1&t=1750076914278 HTTP/1.0" 200 494
DEBUG 2025-06-16 12:28:34,883 middleware 8 139679439779520 Request from origin: 
INFO 2025-06-16 12:28:34,893 basehttp 8 139679439779520 "GET /api/menu-items/?cafe=1 HTTP/1.0" 200 358
DEBUG 2025-06-16 12:28:36,412 middleware 8 139679439779520 Request from origin: 
INFO 2025-06-16 12:28:36,425 basehttp 8 139679439779520 "GET /api/cafes/?city=1&t=1750076915836 HTTP/1.0" 200 494
DEBUG 2025-06-16 12:28:36,433 middleware 8 139679439779520 Request from origin: 
INFO 2025-06-16 12:28:36,445 basehttp 8 139679439779520 "GET /media/cafe_covers/XXXL_1_1_ENDyb7O.webp?t=1750076915834 HTTP/1.0" 200 100380
DEBUG 2025-06-16 12:28:37,291 middleware 8 139679439779520 Request from origin: 
INFO 2025-06-16 12:28:37,301 basehttp 8 139679439779520 "GET /api/menu-items/?cafe=1 HTTP/1.0" 200 358
INFO 2025-06-16 12:36:29,270 autoreload 8 140197413690240 Watching for file changes with StatReloader
INFO 2025-06-16 12:36:29,468 middleware 8 140197381334720 CORS Middleware initialized with allowed origins: ['http://localhost', 'http://frontend', 'http://localhost:80', 'http://127.0.0.1', 'http://127.0.0.1:80', 'http://0.0.0.0', 'http://0.0.0.0:80', 'http://localhost:3000', 'http://localhost:3001', 'http://127.0.0.1:3000', 'http://127.0.0.1:3001', 'http://localhost:8000', 'http://127.0.0.1:8000', 'https://ec4db675c64c9f.lhr.life']
INFO 2025-06-16 12:36:29,469 middleware 8 140197381334720 Custom CSRF Middleware initialized with exempt paths: ['/api/auth/login/', '/api/auth/csrf/']
DEBUG 2025-06-16 12:36:32,802 middleware 8 140197361350336 Request from origin: 
DEBUG 2025-06-16 12:36:32,810 middleware 8 140197352695488 Request from origin: 
INFO 2025-06-16 12:36:32,811 views 8 140197361350336 Health check Р·Р°РїСЂРѕСЃ РѕС‚ 172.18.0.3: ok
INFO 2025-06-16 12:36:32,814 basehttp 8 140197361350336 "GET /api/health/ HTTP/1.0" 200 244
DEBUG 2025-06-16 12:36:32,822 middleware 8 140197361350336 Request from origin: 
INFO 2025-06-16 12:36:32,827 basehttp 8 140197352695488 "GET /api/menu-items/?cafe=1 HTTP/1.0" 200 358
INFO 2025-06-16 12:36:32,835 basehttp 8 140197361350336 "GET /api/cities/ HTTP/1.0" 200 168
DEBUG 2025-06-16 12:36:32,844 middleware 8 140197361350336 Request from origin: 
INFO 2025-06-16 12:36:32,860 basehttp 8 140197361350336 "GET /api/cafes/?city=1&t=1750077392780 HTTP/1.0" 200 494
DEBUG 2025-06-16 12:36:32,872 middleware 8 140197361350336 Request from origin: 
INFO 2025-06-16 12:36:32,882 basehttp 8 140197361350336 "GET /api/menu-items/?cafe=1 HTTP/1.0" 200 358
DEBUG 2025-06-16 12:36:38,208 middleware 8 140197361350336 Request from origin: 
INFO 2025-06-16 12:36:38,214 views 8 140197361350336 Health check Р·Р°РїСЂРѕСЃ РѕС‚ 172.18.0.3: ok
INFO 2025-06-16 12:36:38,215 basehttp 8 140197361350336 "GET /api/health/ HTTP/1.0" 200 244
DEBUG 2025-06-16 12:36:38,231 middleware 8 140197361350336 Request from origin: 
INFO 2025-06-16 12:36:38,240 basehttp 8 140197361350336 "GET /api/cities/ HTTP/1.0" 200 168
DEBUG 2025-06-16 12:36:38,266 middleware 8 140197361350336 Request from origin: 
INFO 2025-06-16 12:36:38,276 basehttp 8 140197361350336 "GET /api/cafes/?city=1&t=1750077398432 HTTP/1.0" 200 494
DEBUG 2025-06-16 12:36:38,281 middleware 8 140197361350336 Request from origin: 
INFO 2025-06-16 12:36:38,289 basehttp 8 140197361350336 "GET /api/menu-items/?cafe=1 HTTP/1.0" 200 358
DEBUG 2025-06-16 12:36:39,416 middleware 8 140197361350336 Request from origin: 
INFO 2025-06-16 12:36:39,428 basehttp 8 140197361350336 "GET /api/cafes/?city=1&t=1750077399631 HTTP/1.0" 200 494
DEBUG 2025-06-16 12:36:39,435 middleware 8 140197361350336 Request from origin: 
INFO 2025-06-16 12:36:39,443 basehttp 8 140197361350336 "GET /media/cafe_covers/XXXL_1_1_ENDyb7O.webp?t=1750077399629 HTTP/1.0" 200 100380
DEBUG 2025-06-16 12:36:40,455 middleware 8 140197361350336 Request from origin: 
INFO 2025-06-16 12:36:40,464 basehttp 8 140197361350336 "GET /api/menu-items/?cafe=1 HTTP/1.0" 200 358
DEBUG 2025-06-16 12:36:43,310 middleware 8 140197361350336 Request from origin: 
INFO 2025-06-16 12:36:43,377 basehttp 8 140197361350336 "GET /admin/ HTTP/1.1" 200 11723
DEBUG 2025-06-16 12:36:46,793 middleware 8 140197361350336 Request from origin: 
INFO 2025-06-16 12:36:46,813 basehttp 8 140197361350336 "GET /admin HTTP/1.1" 301 0
DEBUG 2025-06-16 12:36:46,817 middleware 8 140197352695488 Request from origin: 
INFO 2025-06-16 12:36:46,842 basehttp 8 140197352695488 "GET /admin/ HTTP/1.1" 200 11723
DEBUG 2025-06-16 12:37:08,246 middleware 8 140197361350336 Request from origin: 
DEBUG 2025-06-16 12:37:08,255 middleware 8 140197342205632 Request from origin: 
INFO 2025-06-16 12:37:08,255 views 8 140197361350336 Health check Р·Р°РїСЂРѕСЃ РѕС‚ 172.18.0.3: ok
INFO 2025-06-16 12:37:08,259 basehttp 8 140197361350336 "GET /api/health/ HTTP/1.0" 200 244
INFO 2025-06-16 12:37:08,268 basehttp 8 140197342205632 "GET /api/menu-items/?cafe=1 HTTP/1.0" 200 358
DEBUG 2025-06-16 12:37:08,275 middleware 8 140197342205632 Request from origin: 
INFO 2025-06-16 12:37:08,285 basehttp 8 140197342205632 "GET /api/cities/ HTTP/1.0" 200 168
DEBUG 2025-06-16 12:37:08,303 middleware 8 140197342205632 Request from origin: 
INFO 2025-06-16 12:37:08,315 basehttp 8 140197342205632 "GET /api/cafes/?city=1&t=1750077428228 HTTP/1.0" 200 494
DEBUG 2025-06-16 12:37:08,320 middleware 8 140197342205632 Request from origin: 
INFO 2025-06-16 12:37:08,328 basehttp 8 140197342205632 "GET /api/menu-items/?cafe=1 HTTP/1.0" 200 358
INFO 2025-06-16 12:42:17,755 autoreload 8 139810371541888 Watching for file changes with StatReloader
INFO 2025-06-16 12:42:17,940 middleware 8 139810339186368 CORS Middleware initialized with allowed origins: ['http://localhost', 'http://frontend', 'http://localhost:80', 'http://127.0.0.1', 'http://127.0.0.1:80', 'http://0.0.0.0', 'http://0.0.0.0:80', 'http://localhost:3000', 'http://localhost:3001', 'http://127.0.0.1:3000', 'http://127.0.0.1:3001', 'http://localhost:8000', 'http://127.0.0.1:8000', 'https://ec4db675c64c9f.lhr.life']
INFO 2025-06-16 12:42:17,941 middleware 8 139810339186368 Custom CSRF Middleware initialized with exempt paths: ['/api/auth/login/', '/api/auth/csrf/']
INFO 2025-06-16 12:43:46,219 autoreload 8 139951022455680 Watching for file changes with StatReloader
INFO 2025-06-16 12:43:46,408 middleware 8 139950990100160 CORS Middleware initialized with allowed origins: ['http://localhost', 'http://frontend', 'http://localhost:80', 'http://127.0.0.1', 'http://127.0.0.1:80', 'http://0.0.0.0', 'http://0.0.0.0:80', 'http://localhost:3000', 'http://localhost:3001', 'http://127.0.0.1:3000', 'http://127.0.0.1:3001', 'http://localhost:8000', 'http://127.0.0.1:8000', 'https://ec4db675c64c9f.lhr.life']
INFO 2025-06-16 12:43:46,410 middleware 8 139950990100160 Custom CSRF Middleware initialized with exempt paths: ['/api/auth/login/', '/api/auth/csrf/']
INFO 2025-06-16 12:44:59,944 autoreload 8 139951022455680 /app/cafes/views.py changed, reloading.
INFO 2025-06-16 12:45:00,365 autoreload 10 140715120466816 Watching for file changes with StatReloader
INFO 2025-06-16 12:45:00,555 middleware 10 140715088111296 CORS Middleware initialized with allowed origins: ['http://localhost', 'http://frontend', 'http://localhost:80', 'http://127.0.0.1', 'http://127.0.0.1:80', 'http://0.0.0.0', 'http://0.0.0.0:80', 'http://localhost:3000', 'http://localhost:3001', 'http://127.0.0.1:3000', 'http://127.0.0.1:3001', 'http://localhost:8000', 'http://127.0.0.1:8000', 'https://ec4db675c64c9f.lhr.life']
INFO 2025-06-16 12:45:00,556 middleware 10 140715088111296 Custom CSRF Middleware initialized with exempt paths: ['/api/auth/login/', '/api/auth/csrf/']
INFO 2025-06-16 12:45:37,924 autoreload 10 140715120466816 /app/cafes/views.py changed, reloading.
INFO 2025-06-16 12:45:39,686 autoreload 12 140671219927936 Watching for file changes with StatReloader
INFO 2025-06-16 12:45:39,881 middleware 12 140671187572416 CORS Middleware initialized with allowed origins: ['http://localhost', 'http://frontend', 'http://localhost:80', 'http://127.0.0.1', 'http://127.0.0.1:80', 'http://0.0.0.0', 'http://0.0.0.0:80', 'http://localhost:3000', 'http://localhost:3001', 'http://127.0.0.1:3000', 'http://127.0.0.1:3001', 'http://localhost:8000', 'http://127.0.0.1:8000', 'https://ec4db675c64c9f.lhr.life']
INFO 2025-06-16 12:45:39,883 middleware 12 140671187572416 Custom CSRF Middleware initialized with exempt paths: ['/api/auth/login/', '/api/auth/csrf/']
INFO 2025-06-16 12:45:41,042 autoreload 12 140671219927936 /app/cafes/views.py changed, reloading.
INFO 2025-06-16 12:45:41,503 autoreload 14 140348746509184 Watching for file changes with StatReloader
INFO 2025-06-16 12:45:41,720 middleware 14 140348714153664 CORS Middleware initialized with allowed origins: ['http://localhost', 'http://frontend', 'http://localhost:80', 'http://127.0.0.1', 'http://127.0.0.1:80', 'http://0.0.0.0', 'http://0.0.0.0:80', 'http://localhost:3000', 'http://localhost:3001', 'http://127.0.0.1:3000', 'http://127.0.0.1:3001', 'http://localhost:8000', 'http://127.0.0.1:8000', 'https://ec4db675c64c9f.lhr.life']
INFO 2025-06-16 12:45:41,721 middleware 14 140348714153664 Custom CSRF Middleware initialized with exempt paths: ['/api/auth/login/', '/api/auth/csrf/']
INFO 2025-06-16 12:46:32,030 autoreload 8 140007499017088 Watching for file changes with StatReloader
INFO 2025-06-16 12:46:32,229 middleware 8 140007466661568 CORS Middleware initialized with allowed origins: ['http://localhost', 'http://frontend', 'http://localhost:80', 'http://127.0.0.1', 'http://127.0.0.1:80', 'http://0.0.0.0', 'http://0.0.0.0:80', 'http://localhost:3000', 'http://localhost:3001', 'http://127.0.0.1:3000', 'http://127.0.0.1:3001', 'http://localhost:8000', 'http://127.0.0.1:8000', 'https://ec4db675c64c9f.lhr.life']
INFO 2025-06-16 12:46:32,230 middleware 8 140007466661568 Custom CSRF Middleware initialized with exempt paths: ['/api/auth/login/', '/api/auth/csrf/']
INFO 2025-06-16 12:48:33,816 autoreload 8 139982744845184 Watching for file changes with StatReloader
INFO 2025-06-16 12:48:34,022 middleware 8 139982712489664 CORS Middleware initialized with allowed origins: ['http://localhost', 'http://frontend', 'http://localhost:80', 'http://127.0.0.1', 'http://127.0.0.1:80', 'http://0.0.0.0', 'http://0.0.0.0:80', 'http://localhost:3000', 'http://localhost:3001', 'http://127.0.0.1:3000', 'http://127.0.0.1:3001', 'http://localhost:8000', 'http://127.0.0.1:8000', 'https://ec4db675c64c9f.lhr.life']
INFO 2025-06-16 12:48:34,024 middleware 8 139982712489664 Custom CSRF Middleware initialized with exempt paths: ['/api/auth/login/', '/api/auth/csrf/']
DEBUG 2025-06-16 12:48:37,199 middleware 8 139982692677312 Request from origin: 
INFO 2025-06-16 12:48:37,206 views 8 139982692677312 Health check Р·Р°РїСЂРѕСЃ РѕС‚ 172.18.0.3: ok
INFO 2025-06-16 12:48:37,207 basehttp 8 139982692677312 "GET /api/health/ HTTP/1.0" 200 244
DEBUG 2025-06-16 12:48:37,213 middleware 8 139982692677312 Request from origin: 
DEBUG 2025-06-16 12:48:37,218 middleware 8 139982684022464 Request from origin: 
DEBUG 2025-06-16 12:48:37,228 views 8 139982692677312 Menu item: РЁСѓСЂРїР°, image: http://localhost/media/menu_items/1ef19980-8e08-45b7-aff2-5292b5797aa9_kJopm0u.jpeg, image_url: None
INFO 2025-06-16 12:48:37,233 basehttp 8 139982684022464 "GET /api/cities/ HTTP/1.0" 200 168
INFO 2025-06-16 12:48:37,235 basehttp 8 139982692677312 "GET /api/menu-items/?cafe=1 HTTP/1.0" 200 358
DEBUG 2025-06-16 12:48:37,256 middleware 8 139982692677312 Request from origin: 
INFO 2025-06-16 12:48:37,269 basehttp 8 139982692677312 "GET /api/cafes/?city=1&t=1750078117358 HTTP/1.0" 200 494
DEBUG 2025-06-16 12:48:37,274 middleware 8 139982692677312 Request from origin: 
DEBUG 2025-06-16 12:48:37,284 views 8 139982692677312 Menu item: РЁСѓСЂРїР°, image: http://localhost/media/menu_items/1ef19980-8e08-45b7-aff2-5292b5797aa9_kJopm0u.jpeg, image_url: None
INFO 2025-06-16 12:48:37,285 basehttp 8 139982692677312 "GET /api/menu-items/?cafe=1 HTTP/1.0" 200 358
DEBUG 2025-06-16 12:48:48,300 middleware 8 139982692677312 Request from origin: 
INFO 2025-06-16 12:48:48,306 views 8 139982692677312 Health check Р·Р°РїСЂРѕСЃ РѕС‚ 172.18.0.3: ok
INFO 2025-06-16 12:48:48,308 basehttp 8 139982692677312 "GET /api/health/ HTTP/1.0" 200 245
DEBUG 2025-06-16 12:48:48,324 middleware 8 139982692677312 Request from origin: 
INFO 2025-06-16 12:48:48,333 basehttp 8 139982692677312 "GET /api/cities/ HTTP/1.0" 200 168
DEBUG 2025-06-16 12:48:48,360 middleware 8 139982692677312 Request from origin: 
INFO 2025-06-16 12:48:48,371 basehttp 8 139982692677312 "GET /api/cafes/?city=1&t=1750078127523 HTTP/1.0" 200 494
DEBUG 2025-06-16 12:48:48,375 middleware 8 139982692677312 Request from origin: 
DEBUG 2025-06-16 12:48:48,383 views 8 139982692677312 Menu item: РЁСѓСЂРїР°, image: http://localhost/media/menu_items/1ef19980-8e08-45b7-aff2-5292b5797aa9_kJopm0u.jpeg, image_url: None
INFO 2025-06-16 12:48:48,384 basehttp 8 139982692677312 "GET /api/menu-items/?cafe=1 HTTP/1.0" 200 358
DEBUG 2025-06-16 12:48:49,397 middleware 8 139982692677312 Request from origin: 
INFO 2025-06-16 12:48:49,409 basehttp 8 139982692677312 "GET /api/cafes/?city=1&t=1750078128606 HTTP/1.0" 200 494
DEBUG 2025-06-16 12:48:49,417 middleware 8 139982692677312 Request from origin: 
INFO 2025-06-16 12:48:49,425 basehttp 8 139982692677312 "GET /media/cafe_covers/XXXL_1_1_ENDyb7O.webp?t=1750078128604 HTTP/1.0" 200 100380
DEBUG 2025-06-16 12:48:50,173 middleware 8 139982692677312 Request from origin: 
DEBUG 2025-06-16 12:48:50,181 views 8 139982692677312 Menu item: РЁСѓСЂРїР°, image: http://localhost/media/menu_items/1ef19980-8e08-45b7-aff2-5292b5797aa9_kJopm0u.jpeg, image_url: None
INFO 2025-06-16 12:48:50,182 basehttp 8 139982692677312 "GET /api/menu-items/?cafe=1 HTTP/1.0" 200 358
DEBUG 2025-06-16 12:48:57,505 middleware 8 139982692677312 Request from origin: 
WARNING 2025-06-16 12:48:57,530 log 8 139982692677312 Not Found: /media/menu_items/1ef19980-8e08-45b7-aff2-5292b5797aa9_kJopm0u.jpeg,
WARNING 2025-06-16 12:48:57,530 basehttp 8 139982692677312 "GET /media/menu_items/1ef19980-8e08-45b7-aff2-5292b5797aa9_kJopm0u.jpeg, HTTP/1.0" 404 2736
DEBUG 2025-06-16 12:49:00,450 middleware 8 139982692677312 Request from origin: 
WARNING 2025-06-16 12:49:00,461 log 8 139982692677312 Not Found: /media/menu_items/1ef19980-8e08-45b7-aff2-5292b5797aa9_kJopm0u.jpeg,
WARNING 2025-06-16 12:49:00,462 basehttp 8 139982692677312 "GET /media/menu_items/1ef19980-8e08-45b7-aff2-5292b5797aa9_kJopm0u.jpeg, HTTP/1.0" 404 2736
INFO 2025-06-16 12:50:11,467 autoreload 8 139982744845184 /app/cafes/views.py changed, reloading.
INFO 2025-06-16 12:50:11,955 autoreload 24 140498427452288 Watching for file changes with StatReloader
INFO 2025-06-16 12:50:12,149 middleware 24 140498395096768 CORS Middleware initialized with allowed origins: ['http://localhost', 'http://frontend', 'http://localhost:80', 'http://127.0.0.1', 'http://127.0.0.1:80', 'http://0.0.0.0', 'http://0.0.0.0:80', 'http://localhost:3000', 'http://localhost:3001', 'http://127.0.0.1:3000', 'http://127.0.0.1:3001', 'http://localhost:8000', 'http://127.0.0.1:8000', 'https://ec4db675c64c9f.lhr.life']
INFO 2025-06-16 12:50:12,161 middleware 24 140498395096768 Custom CSRF Middleware initialized with exempt paths: ['/api/auth/login/', '/api/auth/csrf/']
INFO 2025-06-16 12:50:13,296 autoreload 24 140498427452288 /app/cafes/views.py changed, reloading.
INFO 2025-06-16 12:50:13,746 autoreload 26 139831646116736 Watching for file changes with StatReloader
INFO 2025-06-16 12:50:13,943 middleware 26 139831613761216 CORS Middleware initialized with allowed origins: ['http://localhost', 'http://frontend', 'http://localhost:80', 'http://127.0.0.1', 'http://127.0.0.1:80', 'http://0.0.0.0', 'http://0.0.0.0:80', 'http://localhost:3000', 'http://localhost:3001', 'http://127.0.0.1:3000', 'http://127.0.0.1:3001', 'http://localhost:8000', 'http://127.0.0.1:8000', 'https://ec4db675c64c9f.lhr.life']
INFO 2025-06-16 12:50:13,944 middleware 26 139831613761216 Custom CSRF Middleware initialized with exempt paths: ['/api/auth/login/', '/api/auth/csrf/']
INFO 2025-06-16 12:52:43,837 autoreload 8 139794046589824 Watching for file changes with StatReloader
INFO 2025-06-16 12:52:44,044 middleware 8 139794014234304 CORS Middleware initialized with allowed origins: ['http://localhost', 'http://frontend', 'http://localhost:80', 'http://127.0.0.1', 'http://127.0.0.1:80', 'http://0.0.0.0', 'http://0.0.0.0:80', 'http://localhost:3000', 'http://localhost:3001', 'http://127.0.0.1:3000', 'http://127.0.0.1:3001', 'http://localhost:8000', 'http://127.0.0.1:8000', 'https://ec4db675c64c9f.lhr.life']
INFO 2025-06-16 12:52:44,045 middleware 8 139794014234304 Custom CSRF Middleware initialized with exempt paths: ['/api/auth/login/', '/api/auth/csrf/']
DEBUG 2025-06-16 12:52:52,984 middleware 8 139793926977216 Request from origin: 
INFO 2025-06-16 12:52:52,990 views 8 139793926977216 Health check Р·Р°РїСЂРѕСЃ РѕС‚ 172.18.0.3: ok
INFO 2025-06-16 12:52:52,991 basehttp 8 139793926977216 "GET /api/health/ HTTP/1.0" 200 244
DEBUG 2025-06-16 12:52:52,998 middleware 8 139793926977216 Request from origin: 
DEBUG 2025-06-16 12:52:53,001 middleware 8 139793918322368 Request from origin: 
DEBUG 2025-06-16 12:52:53,014 views 8 139793926977216 Menu item: РЁСѓСЂРїР°, image: http://localhost/media/menu_items/1ef19980-8e08-45b7-aff2-5292b5797aa9_kJopm0u.jpeg image_url: None
INFO 2025-06-16 12:52:53,016 basehttp 8 139793918322368 "GET /api/cities/ HTTP/1.0" 200 168
INFO 2025-06-16 12:52:53,017 basehttp 8 139793926977216 "GET /api/menu-items/?cafe=1 HTTP/1.0" 200 358
DEBUG 2025-06-16 12:52:53,049 middleware 8 139793926977216 Request from origin: 
INFO 2025-06-16 12:52:53,062 basehttp 8 139793926977216 "GET /api/cafes/?city=1&t=1750078373375 HTTP/1.0" 200 494
DEBUG 2025-06-16 12:52:53,067 middleware 8 139793926977216 Request from origin: 
DEBUG 2025-06-16 12:52:53,076 views 8 139793926977216 Menu item: РЁСѓСЂРїР°, image: http://localhost/media/menu_items/1ef19980-8e08-45b7-aff2-5292b5797aa9_kJopm0u.jpeg image_url: None
INFO 2025-06-16 12:52:53,077 basehttp 8 139793926977216 "GET /api/menu-items/?cafe=1 HTTP/1.0" 200 358
INFO 2025-06-16 12:55:41,932 autoreload 8 139794046589824 /app/cafes/views.py changed, reloading.
INFO 2025-06-16 12:55:42,396 autoreload 15 139708314561408 Watching for file changes with StatReloader
INFO 2025-06-16 12:55:42,598 middleware 15 139708282205888 CORS Middleware initialized with allowed origins: ['http://localhost', 'http://frontend', 'http://localhost:80', 'http://127.0.0.1', 'http://127.0.0.1:80', 'http://0.0.0.0', 'http://0.0.0.0:80', 'http://localhost:3000', 'http://localhost:3001', 'http://127.0.0.1:3000', 'http://127.0.0.1:3001', 'http://localhost:8000', 'http://127.0.0.1:8000', 'https://ec4db675c64c9f.lhr.life']
INFO 2025-06-16 12:55:42,599 middleware 15 139708282205888 Custom CSRF Middleware initialized with exempt paths: ['/api/auth/login/', '/api/auth/csrf/']
INFO 2025-06-16 12:55:43,755 autoreload 15 139708314561408 /app/cafes/views.py changed, reloading.
INFO 2025-06-16 12:55:44,195 autoreload 17 140331355917184 Watching for file changes with StatReloader
INFO 2025-06-16 12:55:44,402 middleware 17 140331323561664 CORS Middleware initialized with allowed origins: ['http://localhost', 'http://frontend', 'http://localhost:80', 'http://127.0.0.1', 'http://127.0.0.1:80', 'http://0.0.0.0', 'http://0.0.0.0:80', 'http://localhost:3000', 'http://localhost:3001', 'http://127.0.0.1:3000', 'http://127.0.0.1:3001', 'http://localhost:8000', 'http://127.0.0.1:8000', 'https://ec4db675c64c9f.lhr.life']
INFO 2025-06-16 12:55:44,403 middleware 17 140331323561664 Custom CSRF Middleware initialized with exempt paths: ['/api/auth/login/', '/api/auth/csrf/']
INFO 2025-06-16 12:59:00,998 autoreload 8 140280625601408 Watching for file changes with StatReloader
INFO 2025-06-16 12:59:01,205 middleware 8 140280593245888 CORS Middleware initialized with allowed origins: ['http://localhost', 'http://frontend', 'http://localhost:80', 'http://127.0.0.1', 'http://127.0.0.1:80', 'http://0.0.0.0', 'http://0.0.0.0:80', 'http://localhost:3000', 'http://localhost:3001', 'http://127.0.0.1:3000', 'http://127.0.0.1:3001', 'http://localhost:8000', 'http://127.0.0.1:8000', 'https://ec4db675c64c9f.lhr.life']
INFO 2025-06-16 12:59:01,207 middleware 8 140280593245888 Custom CSRF Middleware initialized with exempt paths: ['/api/auth/login/', '/api/auth/csrf/']
DEBUG 2025-06-16 12:59:07,458 middleware 8 140280573195968 Request from origin: 
INFO 2025-06-16 12:59:07,466 views 8 140280573195968 Health check Р·Р°РїСЂРѕСЃ РѕС‚ 172.18.0.3: ok
INFO 2025-06-16 12:59:07,467 basehttp 8 140280573195968 "GET /api/health/ HTTP/1.0" 200 244
DEBUG 2025-06-16 12:59:07,479 middleware 8 140280573195968 Request from origin: 
INFO 2025-06-16 12:59:07,490 basehttp 8 140280573195968 "GET /api/cities/ HTTP/1.0" 200 168
DEBUG 2025-06-16 12:59:07,497 middleware 8 140280573195968 Request from origin: 
INFO 2025-06-16 12:59:07,514 basehttp 8 140280573195968 "GET /api/cafes/?city=1&t=1750078747897 HTTP/1.0" 200 494
DEBUG 2025-06-16 12:59:07,523 middleware 8 140280573195968 Request from origin: 
DEBUG 2025-06-16 12:59:07,532 views 8 140280573195968 Menu item: РЁСѓСЂРїР°, image: http://localhost/media/menu_items/1ef19980-8e08-45b7-aff2-5292b5797aa9_kJopm0u.jpeg, image_url: None
INFO 2025-06-16 12:59:07,533 basehttp 8 140280573195968 "GET /api/menu-items/?cafe=1 HTTP/1.0" 200 358
DEBUG 2025-06-16 12:59:08,495 middleware 8 140280573195968 Request from origin: 
INFO 2025-06-16 12:59:08,506 basehttp 8 140280573195968 "GET /api/cafes/?city=1&t=1750078748940 HTTP/1.0" 200 494
DEBUG 2025-06-16 12:59:08,514 middleware 8 140280573195968 Request from origin: 
INFO 2025-06-16 12:59:08,524 basehttp 8 140280573195968 "GET /media/cafe_covers/XXXL_1_1_ENDyb7O.webp?t=1750078748938 HTTP/1.0" 200 100380
DEBUG 2025-06-16 12:59:09,814 middleware 8 140280573195968 Request from origin: 
DEBUG 2025-06-16 12:59:09,822 views 8 140280573195968 Menu item: РЁСѓСЂРїР°, image: http://localhost/media/menu_items/1ef19980-8e08-45b7-aff2-5292b5797aa9_kJopm0u.jpeg, image_url: None
INFO 2025-06-16 12:59:09,823 basehttp 8 140280573195968 "GET /api/menu-items/?cafe=1 HTTP/1.0" 200 358
DEBUG 2025-06-16 12:59:39,769 middleware 8 140280573195968 Request from origin: 
WARNING 2025-06-16 12:59:39,786 log 8 140280573195968 Not Found: /media/menu_items/1ef19980-8e08-45b7-aff2-5292b5797aa9_kJopm0u.jpeg,
WARNING 2025-06-16 12:59:39,786 basehttp 8 140280573195968 "GET /media/menu_items/1ef19980-8e08-45b7-aff2-5292b5797aa9_kJopm0u.jpeg, HTTP/1.0" 404 2736
INFO 2025-06-16 13:01:05,674 autoreload 8 140171155467136 Watching for file changes with StatReloader
INFO 2025-06-16 13:01:05,845 middleware 8 140171123111616 CORS Middleware initialized with allowed origins: ['http://localhost', 'http://frontend', 'http://localhost:80', 'http://127.0.0.1', 'http://127.0.0.1:80', 'http://0.0.0.0', 'http://0.0.0.0:80', 'http://localhost:3000', 'http://localhost:3001', 'http://127.0.0.1:3000', 'http://127.0.0.1:3001', 'http://localhost:8000', 'http://127.0.0.1:8000', 'https://ec4db675c64c9f.lhr.life']
INFO 2025-06-16 13:01:05,846 middleware 8 140171123111616 Custom CSRF Middleware initialized with exempt paths: ['/api/auth/login/', '/api/auth/csrf/']
DEBUG 2025-06-16 13:01:13,080 middleware 8 140171103172288 Request from origin: 
INFO 2025-06-16 13:01:13,088 views 8 140171103172288 Health check Р·Р°РїСЂРѕСЃ РѕС‚ 172.18.0.3: ok
INFO 2025-06-16 13:01:13,089 basehttp 8 140171103172288 "GET /api/health/ HTTP/1.0" 200 245
DEBUG 2025-06-16 13:01:13,120 middleware 8 140171103172288 Request from origin: 
INFO 2025-06-16 13:01:13,128 basehttp 8 140171103172288 "GET /api/cities/ HTTP/1.0" 200 168
DEBUG 2025-06-16 13:01:13,133 middleware 8 140171103172288 Request from origin: 
INFO 2025-06-16 13:01:13,150 basehttp 8 140171103172288 "GET /api/cafes/?city=1&t=1750078873422 HTTP/1.0" 200 494
DEBUG 2025-06-16 13:01:13,154 middleware 8 140171103172288 Request from origin: 
DEBUG 2025-06-16 13:01:13,163 views 8 140171103172288 Menu item: РЁСѓСЂРїР°, image: http://localhost/media/menu_items/1ef19980-8e08-45b7-aff2-5292b5797aa9_kJopm0u.jpeg, image_url: None
INFO 2025-06-16 13:01:13,164 basehttp 8 140171103172288 "GET /api/menu-items/?cafe=1 HTTP/1.0" 200 358
DEBUG 2025-06-16 13:01:22,018 middleware 8 140171103172288 Request from origin: 
INFO 2025-06-16 13:01:22,025 views 8 140171103172288 Health check Р·Р°РїСЂРѕСЃ РѕС‚ 172.18.0.3: ok
INFO 2025-06-16 13:01:22,026 basehttp 8 140171103172288 "GET /api/health/ HTTP/1.0" 200 244
DEBUG 2025-06-16 13:01:22,038 middleware 8 140171103172288 Request from origin: 
INFO 2025-06-16 13:01:22,047 basehttp 8 140171103172288 "GET /api/cities/ HTTP/1.0" 200 168
DEBUG 2025-06-16 13:01:22,072 middleware 8 140171103172288 Request from origin: 
INFO 2025-06-16 13:01:22,083 basehttp 8 140171103172288 "GET /api/cafes/?city=1&t=1750078881250 HTTP/1.0" 200 494
DEBUG 2025-06-16 13:01:22,088 middleware 8 140171103172288 Request from origin: 
DEBUG 2025-06-16 13:01:22,095 views 8 140171103172288 Menu item: РЁСѓСЂРїР°, image: http://localhost/media/menu_items/1ef19980-8e08-45b7-aff2-5292b5797aa9_kJopm0u.jpeg, image_url: None
INFO 2025-06-16 13:01:22,096 basehttp 8 140171103172288 "GET /api/menu-items/?cafe=1 HTTP/1.0" 200 358
DEBUG 2025-06-16 13:01:25,751 middleware 8 140171103172288 Request from origin: 
INFO 2025-06-16 13:01:25,761 basehttp 8 140171103172288 "GET /api/cafes/?city=1&t=1750078885095 HTTP/1.0" 200 494
DEBUG 2025-06-16 13:01:25,769 middleware 8 140171103172288 Request from origin: 
INFO 2025-06-16 13:01:25,778 basehttp 8 140171103172288 "GET /media/cafe_covers/XXXL_1_1_ENDyb7O.webp?t=1750078885093 HTTP/1.0" 200 100380
DEBUG 2025-06-16 13:02:23,405 middleware 8 140171103172288 Request from origin: 
WARNING 2025-06-16 13:02:23,420 log 8 140171103172288 Not Found: /media/menu_items/1ef19980-8e08-45b7-aff2-5292b5797aa9_kJopm0u.jpeg,
WARNING 2025-06-16 13:02:23,420 basehttp 8 140171103172288 "GET /media/menu_items/1ef19980-8e08-45b7-aff2-5292b5797aa9_kJopm0u.jpeg, HTTP/1.0" 404 2736
DEBUG 2025-06-16 13:03:03,021 middleware 8 140171103172288 Request from origin: 
WARNING 2025-06-16 13:03:03,032 log 8 140171103172288 Not Found: /media/menu_items/1ef19980-8e08-45b7-aff2-5292b5797aa9_kJopm0u.jpeg,
WARNING 2025-06-16 13:03:03,032 basehttp 8 140171103172288 "GET /media/menu_items/1ef19980-8e08-45b7-aff2-5292b5797aa9_kJopm0u.jpeg, HTTP/1.1" 404 2741
DEBUG 2025-06-16 13:03:03,079 middleware 8 140171103172288 Request from origin: 
WARNING 2025-06-16 13:03:03,086 log 8 140171103172288 Not Found: /favicon.ico
WARNING 2025-06-16 13:03:03,087 basehttp 8 140171103172288 "GET /favicon.ico HTTP/1.1" 404 2340
DEBUG 2025-06-16 13:03:05,998 middleware 8 140171103172288 Request from origin: 
WARNING 2025-06-16 13:03:06,005 log 8 140171103172288 Not Found: /media/menu_items/1ef19980-8e08-45b7-aff2-5292b5797aa9_kJopm0u.jpeg,
WARNING 2025-06-16 13:03:06,006 basehttp 8 140171103172288 "GET /media/menu_items/1ef19980-8e08-45b7-aff2-5292b5797aa9_kJopm0u.jpeg, HTTP/1.1" 404 2741
DEBUG 2025-06-16 13:03:09,306 middleware 8 140171103172288 Request from origin: 
INFO 2025-06-16 13:03:09,328 basehttp 8 140171103172288 "GET /admin/ HTTP/1.1" 302 0
DEBUG 2025-06-16 13:03:09,331 middleware 8 140171103172288 Request from origin: 
INFO 2025-06-16 13:03:09,353 basehttp 8 140171103172288 "GET /admin/login/?next=/admin/ HTTP/1.1" 200 4267
INFO 2025-06-16 13:03:09,371 basehttp 8 140171022431936 "GET /static/admin/css/dark_mode.css HTTP/1.1" 200 2929
INFO 2025-06-16 13:03:09,372 basehttp 8 140171103172288 "GET /static/admin/css/base.css HTTP/1.1" 200 21310
INFO 2025-06-16 13:03:09,380 basehttp 8 140171014039232 "GET /static/admin/css/nav_sidebar.css HTTP/1.1" 200 2694
INFO 2025-06-16 13:03:09,380 basehttp 8 140171005646528 "GET /static/admin/css/login.css HTTP/1.1" 200 958
INFO 2025-06-16 13:03:09,380 basehttp 8 140171022431936 "GET /static/admin/js/theme.js HTTP/1.1" 200 1943
INFO 2025-06-16 13:03:09,381 basehttp 8 140170988861120 "GET /static/admin/js/nav_sidebar.js HTTP/1.1" 200 3063
INFO 2025-06-16 13:03:09,383 basehttp 8 140170997253824 "GET /static/admin/css/responsive.css HTTP/1.1" 200 18559
DEBUG 2025-06-16 13:03:10,643 middleware 8 140170988861120 Request from origin: http://localhost:8000
INFO 2025-06-16 13:03:10,824 basehttp 8 140170988861120 "POST /admin/login/?next=/admin/ HTTP/1.1" 302 0
DEBUG 2025-06-16 13:03:10,828 middleware 8 140170988861120 Request from origin: 
INFO 2025-06-16 13:03:10,851 basehttp 8 140170988861120 "GET /admin/ HTTP/1.1" 200 11723
INFO 2025-06-16 13:03:10,870 basehttp 8 140170988861120 "GET /static/admin/css/dashboard.css HTTP/1.1" 200 441
INFO 2025-06-16 13:03:10,897 basehttp 8 140171103172288 "GET /static/admin/img/icon-addlink.svg HTTP/1.1" 200 331
INFO 2025-06-16 13:03:10,897 basehttp 8 140170997253824 "GET /static/admin/img/icon-changelink.svg HTTP/1.1" 200 380
DEBUG 2025-06-16 13:03:12,292 middleware 8 140170988861120 Request from origin: 
INFO 2025-06-16 13:03:12,329 basehttp 8 140170988861120 "GET /admin/cafes/menuitem/ HTTP/1.1" 200 13154
INFO 2025-06-16 13:03:12,350 basehttp 8 140170988861120 "GET /static/admin/css/changelists.css HTTP/1.1" 200 6566
DEBUG 2025-06-16 13:03:12,352 middleware 8 140170997253824 Request from origin: 
INFO 2025-06-16 13:03:12,360 basehttp 8 140170988861120 "GET /static/admin/js/actions.js HTTP/1.1" 200 7872
INFO 2025-06-16 13:03:12,360 basehttp 8 140171022431936 "GET /static/admin/js/jquery.init.js HTTP/1.1" 200 347
INFO 2025-06-16 13:03:12,361 basehttp 8 140171014039232 "GET /static/admin/js/admin/RelatedObjectLookups.js HTTP/1.1" 200 8943
INFO 2025-06-16 13:03:12,364 basehttp 8 140171005646528 "GET /static/admin/js/core.js HTTP/1.1" 200 5682
INFO 2025-06-16 13:03:12,366 basehttp 8 140171022431936 "GET /static/admin/js/urlify.js HTTP/1.1" 200 7887
INFO 2025-06-16 13:03:12,367 basehttp 8 140170988861120 "GET /static/admin/js/prepopulate.js HTTP/1.1" 200 1531
INFO 2025-06-16 13:03:12,372 basehttp 8 140171005646528 "GET /static/admin/img/search.svg HTTP/1.1" 200 458
INFO 2025-06-16 13:03:12,372 basehttp 8 140171022431936 "GET /static/admin/img/icon-yes.svg HTTP/1.1" 200 436
INFO 2025-06-16 13:03:12,379 basehttp 8 140170997253824 "GET /admin/jsi18n/ HTTP/1.1" 200 16066
INFO 2025-06-16 13:03:12,382 basehttp 8 140171014039232 "GET /static/admin/js/vendor/xregexp/xregexp.js HTTP/1.1" 200 232381
INFO 2025-06-16 13:03:12,382 basehttp 8 140171103172288 "GET /static/admin/js/vendor/jquery/jquery.js HTTP/1.1" 200 292458
INFO 2025-06-16 13:03:12,395 basehttp 8 140171103172288 "GET /static/admin/js/filters.js HTTP/1.1" 200 978
INFO 2025-06-16 13:03:12,396 basehttp 8 140170997253824 "GET /static/admin/img/sorting-icons.svg HTTP/1.1" 200 1097
INFO 2025-06-16 13:03:12,397 basehttp 8 140171014039232 "GET /static/admin/img/tooltag-add.svg HTTP/1.1" 200 331
DEBUG 2025-06-16 13:03:14,417 middleware 8 140171103172288 Request from origin: 
INFO 2025-06-16 13:03:14,466 basehttp 8 140171103172288 "GET /admin/cafes/menuitem/1/change/ HTTP/1.1" 200 16252
INFO 2025-06-16 13:03:14,481 basehttp 8 140171103172288 "GET /static/admin/css/forms.css HTTP/1.1" 200 9090
DEBUG 2025-06-16 13:03:14,483 middleware 8 140171014039232 Request from origin: 
INFO 2025-06-16 13:03:14,488 basehttp 8 140170997253824 "GET /static/admin/img/icon-viewlink.svg HTTP/1.1" 200 581
INFO 2025-06-16 13:03:14,488 basehttp 8 140171022431936 "GET /static/admin/js/prepopulate_init.js HTTP/1.1" 200 586
INFO 2025-06-16 13:03:14,496 basehttp 8 140171014039232 "GET /admin/jsi18n/ HTTP/1.1" 200 16066
INFO 2025-06-16 13:03:14,502 basehttp 8 140171014039232 "GET /static/admin/js/change_form.js HTTP/1.1" 200 606
INFO 2025-06-16 13:03:14,533 basehttp 8 140171103172288 "GET /static/admin/css/widgets.css HTTP/1.1" 200 11921
DEBUG 2025-06-16 13:03:15,576 middleware 8 140171014039232 Request from origin: 
INFO 2025-06-16 13:03:15,579 basehttp 8 140171014039232 "GET /media/menu_items/1ef19980-8e08-45b7-aff2-5292b5797aa9_kJopm0u.jpeg HTTP/1.1" 304 0
INFO 2025-06-16 13:04:20,109 autoreload 8 140171155467136 /app/cafes/serializers.py changed, reloading.
INFO 2025-06-16 13:04:20,524 autoreload 27 140360079330176 Watching for file changes with StatReloader
INFO 2025-06-16 13:04:20,693 middleware 27 140360046974656 CORS Middleware initialized with allowed origins: ['http://localhost', 'http://frontend', 'http://localhost:80', 'http://127.0.0.1', 'http://127.0.0.1:80', 'http://0.0.0.0', 'http://0.0.0.0:80', 'http://localhost:3000', 'http://localhost:3001', 'http://127.0.0.1:3000', 'http://127.0.0.1:3001', 'http://localhost:8000', 'http://127.0.0.1:8000', 'https://ec4db675c64c9f.lhr.life']
INFO 2025-06-16 13:04:20,694 middleware 27 140360046974656 Custom CSRF Middleware initialized with exempt paths: ['/api/auth/login/', '/api/auth/csrf/']
INFO 2025-06-16 13:04:21,854 autoreload 27 140360079330176 /app/cafes/serializers.py changed, reloading.
INFO 2025-06-16 13:04:22,199 autoreload 29 140041639152512 Watching for file changes with StatReloader
INFO 2025-06-16 13:04:22,364 middleware 29 140041606796992 CORS Middleware initialized with allowed origins: ['http://localhost', 'http://frontend', 'http://localhost:80', 'http://127.0.0.1', 'http://127.0.0.1:80', 'http://0.0.0.0', 'http://0.0.0.0:80', 'http://localhost:3000', 'http://localhost:3001', 'http://127.0.0.1:3000', 'http://127.0.0.1:3001', 'http://localhost:8000', 'http://127.0.0.1:8000', 'https://ec4db675c64c9f.lhr.life']
INFO 2025-06-16 13:04:22,365 middleware 29 140041606796992 Custom CSRF Middleware initialized with exempt paths: ['/api/auth/login/', '/api/auth/csrf/']
INFO 2025-06-16 13:04:42,334 autoreload 29 140041639152512 /app/cafes/views.py changed, reloading.
INFO 2025-06-16 13:04:42,703 autoreload 31 140716309035904 Watching for file changes with StatReloader
INFO 2025-06-16 13:04:42,870 middleware 31 140716276680384 CORS Middleware initialized with allowed origins: ['http://localhost', 'http://frontend', 'http://localhost:80', 'http://127.0.0.1', 'http://127.0.0.1:80', 'http://0.0.0.0', 'http://0.0.0.0:80', 'http://localhost:3000', 'http://localhost:3001', 'http://127.0.0.1:3000', 'http://127.0.0.1:3001', 'http://localhost:8000', 'http://127.0.0.1:8000', 'https://ec4db675c64c9f.lhr.life']
INFO 2025-06-16 13:04:42,871 middleware 31 140716276680384 Custom CSRF Middleware initialized with exempt paths: ['/api/auth/login/', '/api/auth/csrf/']
INFO 2025-06-16 13:04:44,014 autoreload 31 140716309035904 /app/cafes/views.py changed, reloading.
INFO 2025-06-16 13:04:44,344 autoreload 33 140329748061056 Watching for file changes with StatReloader
INFO 2025-06-16 13:04:44,513 middleware 33 140329715705536 CORS Middleware initialized with allowed origins: ['http://localhost', 'http://frontend', 'http://localhost:80', 'http://127.0.0.1', 'http://127.0.0.1:80', 'http://0.0.0.0', 'http://0.0.0.0:80', 'http://localhost:3000', 'http://localhost:3001', 'http://127.0.0.1:3000', 'http://127.0.0.1:3001', 'http://localhost:8000', 'http://127.0.0.1:8000', 'https://ec4db675c64c9f.lhr.life']
INFO 2025-06-16 13:04:44,514 middleware 33 140329715705536 Custom CSRF Middleware initialized with exempt paths: ['/api/auth/login/', '/api/auth/csrf/']
INFO 2025-06-16 13:04:52,804 autoreload 33 140329748061056 /app/cafes/views.py changed, reloading.
INFO 2025-06-16 13:04:53,193 autoreload 35 140599598717824 Watching for file changes with StatReloader
INFO 2025-06-16 13:04:53,365 middleware 35 140599566362304 CORS Middleware initialized with allowed origins: ['http://localhost', 'http://frontend', 'http://localhost:80', 'http://127.0.0.1', 'http://127.0.0.1:80', 'http://0.0.0.0', 'http://0.0.0.0:80', 'http://localhost:3000', 'http://localhost:3001', 'http://127.0.0.1:3000', 'http://127.0.0.1:3001', 'http://localhost:8000', 'http://127.0.0.1:8000', 'https://ec4db675c64c9f.lhr.life']
INFO 2025-06-16 13:04:53,367 middleware 35 140599566362304 Custom CSRF Middleware initialized with exempt paths: ['/api/auth/login/', '/api/auth/csrf/']
INFO 2025-06-16 13:07:21,230 autoreload 8 140128248499072 Watching for file changes with StatReloader
INFO 2025-06-16 13:07:21,417 middleware 8 140128216143552 CORS Middleware initialized with allowed origins: ['http://localhost', 'http://frontend', 'http://localhost:80', 'http://127.0.0.1', 'http://127.0.0.1:80', 'http://0.0.0.0', 'http://0.0.0.0:80', 'http://localhost:3000', 'http://localhost:3001', 'http://127.0.0.1:3000', 'http://127.0.0.1:3001', 'http://localhost:8000', 'http://127.0.0.1:8000', 'https://ec4db675c64c9f.lhr.life']
INFO 2025-06-16 13:07:21,418 middleware 8 140128216143552 Custom CSRF Middleware initialized with exempt paths: ['/api/auth/login/', '/api/auth/csrf/']
DEBUG 2025-06-16 13:07:33,545 middleware 8 140128128857792 Request from origin: 
INFO 2025-06-16 13:07:33,554 views 8 140128128857792 Health check Р·Р°РїСЂРѕСЃ РѕС‚ 172.18.0.3: ok
INFO 2025-06-16 13:07:33,555 basehttp 8 140128128857792 "GET /api/health/ HTTP/1.0" 200 245
DEBUG 2025-06-16 13:07:33,571 middleware 8 140128128857792 Request from origin: 
INFO 2025-06-16 13:07:33,580 basehttp 8 140128128857792 "GET /api/cities/ HTTP/1.0" 200 168
DEBUG 2025-06-16 13:07:33,585 middleware 8 140128128857792 Request from origin: 
INFO 2025-06-16 13:07:33,597 basehttp 8 140128128857792 "GET /api/cafes/?city=1&t=1750079254055 HTTP/1.0" 200 494
DEBUG 2025-06-16 13:07:33,602 middleware 8 140128128857792 Request from origin: 
DEBUG 2025-06-16 13:07:33,612 views 8 140128128857792 Menu item: РЁСѓСЂРїР°, image: http://localhost/media/menu_items/1ef19980-8e08-45b7-aff2-5292b5797aa9_kJopm0u.jpeg, image_full_url: http://localhost/media/menu_items/1ef19980-8e08-45b7-aff2-5292b5797aa9_kJopm0u.jpeg
INFO 2025-06-16 13:07:33,613 basehttp 8 140128128857792 "GET /api/menu-items/?cafe=1 HTTP/1.0" 200 461
DEBUG 2025-06-16 13:07:34,727 middleware 8 140128128857792 Request from origin: 
INFO 2025-06-16 13:07:34,741 basehttp 8 140128128857792 "GET /api/cafes/?city=1&t=1750079255248 HTTP/1.0" 200 494
DEBUG 2025-06-16 13:07:34,749 middleware 8 140128128857792 Request from origin: 
INFO 2025-06-16 13:07:34,758 basehttp 8 140128128857792 "GET /media/cafe_covers/XXXL_1_1_ENDyb7O.webp?t=1750079255246 HTTP/1.0" 200 100380
DEBUG 2025-06-16 13:07:35,709 middleware 8 140128128857792 Request from origin: 
DEBUG 2025-06-16 13:07:35,719 views 8 140128128857792 Menu item: РЁСѓСЂРїР°, image: http://localhost/media/menu_items/1ef19980-8e08-45b7-aff2-5292b5797aa9_kJopm0u.jpeg, image_full_url: http://localhost/media/menu_items/1ef19980-8e08-45b7-aff2-5292b5797aa9_kJopm0u.jpeg
INFO 2025-06-16 13:07:35,720 basehttp 8 140128128857792 "GET /api/menu-items/?cafe=1 HTTP/1.0" 200 461
DEBUG 2025-06-16 13:07:52,654 middleware 8 140128128857792 Request from origin: 
INFO 2025-06-16 13:07:52,658 basehttp 8 140128128857792 "GET /media/menu_items/1ef19980-8e08-45b7-aff2-5292b5797aa9_kJopm0u.jpeg HTTP/1.1" 304 0
INFO 2025-06-16 13:11:02,294 autoreload 8 140596855413632 Watching for file changes with StatReloader
INFO 2025-06-16 13:11:02,495 middleware 8 140596823058112 CORS Middleware initialized with allowed origins: ['http://localhost', 'http://frontend', 'http://localhost:80', 'http://127.0.0.1', 'http://127.0.0.1:80', 'http://0.0.0.0', 'http://0.0.0.0:80', 'http://localhost:3000', 'http://localhost:3001', 'http://127.0.0.1:3000', 'http://127.0.0.1:3001', 'http://localhost:8000', 'http://127.0.0.1:8000', 'https://ec4db675c64c9f.lhr.life']
INFO 2025-06-16 13:11:02,496 middleware 8 140596823058112 Custom CSRF Middleware initialized with exempt paths: ['/api/auth/login/', '/api/auth/csrf/']
DEBUG 2025-06-16 13:11:03,995 middleware 8 140596803008192 Request from origin: 
DEBUG 2025-06-16 13:11:04,002 middleware 8 140596794353344 Request from origin: 
INFO 2025-06-16 13:11:04,010 views 8 140596803008192 Health check Р·Р°РїСЂРѕСЃ РѕС‚ 172.18.0.3: ok
INFO 2025-06-16 13:11:04,014 basehttp 8 140596803008192 "GET /api/health/ HTTP/1.0" 200 245
DEBUG 2025-06-16 13:11:04,019 middleware 8 140596803008192 Request from origin: 
DEBUG 2025-06-16 13:11:04,027 views 8 140596794353344 Menu item: РЁСѓСЂРїР°, image: http://localhost/media/menu_items/1ef19980-8e08-45b7-aff2-5292b5797aa9_kJopm0u.jpeg, image_full_url: http://localhost:8000/media/menu_items/1ef19980-8e08-45b7-aff2-5292b5797aa9_kJopm0u.jpeg
INFO 2025-06-16 13:11:04,029 basehttp 8 140596794353344 "GET /api/menu-items/?cafe=1 HTTP/1.0" 200 466
INFO 2025-06-16 13:11:04,035 basehttp 8 140596803008192 "GET /api/cities/ HTTP/1.0" 200 168
DEBUG 2025-06-16 13:11:04,048 middleware 8 140596803008192 Request from origin: 
INFO 2025-06-16 13:11:04,062 basehttp 8 140596803008192 "GET /api/cafes/?city=1&t=1750079463997 HTTP/1.0" 200 494
DEBUG 2025-06-16 13:11:04,066 middleware 8 140596803008192 Request from origin: 
DEBUG 2025-06-16 13:11:04,078 views 8 140596803008192 Menu item: РЁСѓСЂРїР°, image: http://localhost/media/menu_items/1ef19980-8e08-45b7-aff2-5292b5797aa9_kJopm0u.jpeg, image_full_url: http://localhost:8000/media/menu_items/1ef19980-8e08-45b7-aff2-5292b5797aa9_kJopm0u.jpeg
INFO 2025-06-16 13:11:04,079 basehttp 8 140596803008192 "GET /api/menu-items/?cafe=1 HTTP/1.0" 200 466
DEBUG 2025-06-16 13:11:10,903 middleware 8 140596785174208 Request from origin: 
WARNING 2025-06-16 13:11:10,924 log 8 140596785174208 Not Found: /media/menu_items/1ef19980-8e08-45b7-aff2-5292b5797aa9_kJopm0u.jpeg,
WARNING 2025-06-16 13:11:10,925 basehttp 8 140596785174208 "GET /media/menu_items/1ef19980-8e08-45b7-aff2-5292b5797aa9_kJopm0u.jpeg, HTTP/1.0" 404 2736
INFO 2025-06-16 13:11:56,018 autoreload 8 140596855413632 /app/cafes/views.py changed, reloading.
INFO 2025-06-16 13:11:56,435 autoreload 18 140196604230528 Watching for file changes with StatReloader
INFO 2025-06-16 13:11:56,631 middleware 18 140196571875008 CORS Middleware initialized with allowed origins: ['http://localhost', 'http://frontend', 'http://localhost:80', 'http://127.0.0.1', 'http://127.0.0.1:80', 'http://0.0.0.0', 'http://0.0.0.0:80', 'http://localhost:3000', 'http://localhost:3001', 'http://127.0.0.1:3000', 'http://127.0.0.1:3001', 'http://localhost:8000', 'http://127.0.0.1:8000', 'https://ec4db675c64c9f.lhr.life']
INFO 2025-06-16 13:11:56,633 middleware 18 140196571875008 Custom CSRF Middleware initialized with exempt paths: ['/api/auth/login/', '/api/auth/csrf/']
INFO 2025-06-16 13:11:58,832 autoreload 18 140196604230528 /app/cafes/views.py changed, reloading.
INFO 2025-06-16 13:11:59,222 autoreload 20 139897124158336 Watching for file changes with StatReloader
INFO 2025-06-16 13:11:59,397 middleware 20 139897091802816 CORS Middleware initialized with allowed origins: ['http://localhost', 'http://frontend', 'http://localhost:80', 'http://127.0.0.1', 'http://127.0.0.1:80', 'http://0.0.0.0', 'http://0.0.0.0:80', 'http://localhost:3000', 'http://localhost:3001', 'http://127.0.0.1:3000', 'http://127.0.0.1:3001', 'http://localhost:8000', 'http://127.0.0.1:8000', 'https://ec4db675c64c9f.lhr.life']
INFO 2025-06-16 13:11:59,399 middleware 20 139897091802816 Custom CSRF Middleware initialized with exempt paths: ['/api/auth/login/', '/api/auth/csrf/']
INFO 2025-06-16 13:12:14,927 autoreload 20 139897124158336 /app/cafes/serializers.py changed, reloading.
INFO 2025-06-16 13:12:15,419 autoreload 22 140560665275264 Watching for file changes with StatReloader
INFO 2025-06-16 13:12:15,617 middleware 22 140560632919744 CORS Middleware initialized with allowed origins: ['http://localhost', 'http://frontend', 'http://localhost:80', 'http://127.0.0.1', 'http://127.0.0.1:80', 'http://0.0.0.0', 'http://0.0.0.0:80', 'http://localhost:3000', 'http://localhost:3001', 'http://127.0.0.1:3000', 'http://127.0.0.1:3001', 'http://localhost:8000', 'http://127.0.0.1:8000', 'https://ec4db675c64c9f.lhr.life']
INFO 2025-06-16 13:12:15,618 middleware 22 140560632919744 Custom CSRF Middleware initialized with exempt paths: ['/api/auth/login/', '/api/auth/csrf/']
INFO 2025-06-16 13:12:16,773 autoreload 22 140560665275264 /app/cafes/serializers.py changed, reloading.
INFO 2025-06-16 13:12:17,200 autoreload 24 140434005400448 Watching for file changes with StatReloader
INFO 2025-06-16 13:12:17,391 middleware 24 140433973044928 CORS Middleware initialized with allowed origins: ['http://localhost', 'http://frontend', 'http://localhost:80', 'http://127.0.0.1', 'http://127.0.0.1:80', 'http://0.0.0.0', 'http://0.0.0.0:80', 'http://localhost:3000', 'http://localhost:3001', 'http://127.0.0.1:3000', 'http://127.0.0.1:3001', 'http://localhost:8000', 'http://127.0.0.1:8000', 'https://ec4db675c64c9f.lhr.life']
INFO 2025-06-16 13:12:17,392 middleware 24 140433973044928 Custom CSRF Middleware initialized with exempt paths: ['/api/auth/login/', '/api/auth/csrf/']
INFO 2025-06-16 13:15:17,127 autoreload 8 140114844134272 Watching for file changes with StatReloader
INFO 2025-06-16 13:15:17,305 middleware 8 140114811778752 CORS Middleware initialized with allowed origins: ['http://localhost', 'http://frontend', 'http://localhost:80', 'http://127.0.0.1', 'http://127.0.0.1:80', 'http://0.0.0.0', 'http://0.0.0.0:80', 'http://localhost:3000', 'http://localhost:3001', 'http://127.0.0.1:3000', 'http://127.0.0.1:3001', 'http://localhost:8000', 'http://127.0.0.1:8000', 'https://ec4db675c64c9f.lhr.life']
INFO 2025-06-16 13:15:17,306 middleware 8 140114811778752 Custom CSRF Middleware initialized with exempt paths: ['/api/auth/login/', '/api/auth/csrf/']
INFO 2025-06-16 13:16:38,049 autoreload 8 139873153870720 Watching for file changes with StatReloader
INFO 2025-06-16 13:16:38,302 middleware 8 139873121515200 CORS Middleware initialized with allowed origins: ['http://localhost', 'http://frontend', 'http://localhost:80', 'http://127.0.0.1', 'http://127.0.0.1:80', 'http://0.0.0.0', 'http://0.0.0.0:80', 'http://localhost:3000', 'http://localhost:3001', 'http://127.0.0.1:3000', 'http://127.0.0.1:3001', 'http://localhost:8000', 'http://127.0.0.1:8000', 'https://ec4db675c64c9f.lhr.life']
INFO 2025-06-16 13:16:38,304 middleware 8 139873121515200 Custom CSRF Middleware initialized with exempt paths: ['/api/auth/login/', '/api/auth/csrf/']
DEBUG 2025-06-16 13:16:42,875 middleware 8 139873101543104 Request from origin: 
DEBUG 2025-06-16 13:16:42,884 middleware 8 139873092888256 Request from origin: 
INFO 2025-06-16 13:16:42,889 views 8 139873101543104 Health check Р·Р°РїСЂРѕСЃ РѕС‚ 172.18.0.3: ok
INFO 2025-06-16 13:16:42,890 basehttp 8 139873101543104 "GET /api/health/ HTTP/1.0" 200 245
DEBUG 2025-06-16 13:16:42,899 middleware 8 139873101543104 Request from origin: 
DEBUG 2025-06-16 13:16:42,903 views 8 139873092888256 Menu item: РЁСѓСЂРїР°, image: '/media/menu_items/1ef19980-8e08-45b7-aff2-5292b5797aa9_kJopm0u.jpeg', image_full_url: 'http://localhost:8000/media/menu_items/1ef19980-8e08-45b7-aff2-5292b5797aa9_kJopm0u.jpeg'
INFO 2025-06-16 13:16:42,905 basehttp 8 139873092888256 "GET /api/menu-items/?cafe=1 HTTP/1.0" 200 450
INFO 2025-06-16 13:16:42,915 basehttp 8 139873101543104 "GET /api/cities/ HTTP/1.0" 200 168
DEBUG 2025-06-16 13:16:42,938 middleware 8 139873101543104 Request from origin: 
INFO 2025-06-16 13:16:42,952 basehttp 8 139873101543104 "GET /api/cafes/?city=1&t=1750079802525 HTTP/1.0" 200 494
DEBUG 2025-06-16 13:16:42,957 middleware 8 139873101543104 Request from origin: 
DEBUG 2025-06-16 13:16:42,969 views 8 139873101543104 Menu item: РЁСѓСЂРїР°, image: '/media/menu_items/1ef19980-8e08-45b7-aff2-5292b5797aa9_kJopm0u.jpeg', image_full_url: 'http://localhost:8000/media/menu_items/1ef19980-8e08-45b7-aff2-5292b5797aa9_kJopm0u.jpeg'
INFO 2025-06-16 13:16:42,970 basehttp 8 139873101543104 "GET /api/menu-items/?cafe=1 HTTP/1.0" 200 450
INFO 2025-06-16 13:17:45,108 autoreload 8 139873153870720 /app/cafes/serializers.py changed, reloading.
INFO 2025-06-16 13:17:45,503 autoreload 15 139913879681920 Watching for file changes with StatReloader
INFO 2025-06-16 13:17:45,684 middleware 15 139913847326400 CORS Middleware initialized with allowed origins: ['http://localhost', 'http://frontend', 'http://localhost:80', 'http://127.0.0.1', 'http://127.0.0.1:80', 'http://0.0.0.0', 'http://0.0.0.0:80', 'http://localhost:3000', 'http://localhost:3001', 'http://127.0.0.1:3000', 'http://127.0.0.1:3001', 'http://localhost:8000', 'http://127.0.0.1:8000', 'https://ec4db675c64c9f.lhr.life']
INFO 2025-06-16 13:17:45,685 middleware 15 139913847326400 Custom CSRF Middleware initialized with exempt paths: ['/api/auth/login/', '/api/auth/csrf/']
INFO 2025-06-16 13:18:05,282 autoreload 15 139913879681920 /app/cafes/serializers.py changed, reloading.
INFO 2025-06-16 13:18:05,703 autoreload 17 140141688834944 Watching for file changes with StatReloader
INFO 2025-06-16 13:18:05,879 middleware 17 140141656479424 CORS Middleware initialized with allowed origins: ['http://localhost', 'http://frontend', 'http://localhost:80', 'http://127.0.0.1', 'http://127.0.0.1:80', 'http://0.0.0.0', 'http://0.0.0.0:80', 'http://localhost:3000', 'http://localhost:3001', 'http://127.0.0.1:3000', 'http://127.0.0.1:3001', 'http://localhost:8000', 'http://127.0.0.1:8000', 'https://ec4db675c64c9f.lhr.life']
INFO 2025-06-16 13:18:05,880 middleware 17 140141656479424 Custom CSRF Middleware initialized with exempt paths: ['/api/auth/login/', '/api/auth/csrf/']
INFO 2025-06-16 13:18:08,522 autoreload 17 140141688834944 /app/cafes/serializers.py changed, reloading.
INFO 2025-06-16 13:18:08,904 autoreload 19 139917735730048 Watching for file changes with StatReloader
INFO 2025-06-16 13:18:09,083 middleware 19 139917703374528 CORS Middleware initialized with allowed origins: ['http://localhost', 'http://frontend', 'http://localhost:80', 'http://127.0.0.1', 'http://127.0.0.1:80', 'http://0.0.0.0', 'http://0.0.0.0:80', 'http://localhost:3000', 'http://localhost:3001', 'http://127.0.0.1:3000', 'http://127.0.0.1:3001', 'http://localhost:8000', 'http://127.0.0.1:8000', 'https://ec4db675c64c9f.lhr.life']
INFO 2025-06-16 13:18:09,085 middleware 19 139917703374528 Custom CSRF Middleware initialized with exempt paths: ['/api/auth/login/', '/api/auth/csrf/']
INFO 2025-06-16 13:18:23,174 autoreload 8 139646475840384 Watching for file changes with StatReloader
INFO 2025-06-16 13:18:23,365 middleware 8 139646443484864 CORS Middleware initialized with allowed origins: ['http://localhost', 'http://frontend', 'http://localhost:80', 'http://127.0.0.1', 'http://127.0.0.1:80', 'http://0.0.0.0', 'http://0.0.0.0:80', 'http://localhost:3000', 'http://localhost:3001', 'http://127.0.0.1:3000', 'http://127.0.0.1:3001', 'http://localhost:8000', 'http://127.0.0.1:8000', 'https://ec4db675c64c9f.lhr.life']
INFO 2025-06-16 13:18:23,366 middleware 8 139646443484864 Custom CSRF Middleware initialized with exempt paths: ['/api/auth/login/', '/api/auth/csrf/']
INFO 2025-06-16 13:18:57,760 autoreload 9 140267511135104 Watching for file changes with StatReloader
INFO 2025-06-16 13:18:57,993 middleware 9 140267478517440 CORS Middleware initialized with allowed origins: ['http://localhost', 'http://frontend', 'http://localhost:80', 'http://127.0.0.1', 'http://127.0.0.1:80', 'http://0.0.0.0', 'http://0.0.0.0:80', 'http://localhost:3000', 'http://localhost:3001', 'http://127.0.0.1:3000', 'http://127.0.0.1:3001', 'http://localhost:8000', 'http://127.0.0.1:8000', 'https://ec4db675c64c9f.lhr.life']
INFO 2025-06-16 13:18:57,995 middleware 9 140267478517440 Custom CSRF Middleware initialized with exempt paths: ['/api/auth/login/', '/api/auth/csrf/']
DEBUG 2025-06-16 13:18:58,883 middleware 9 140267390760640 Request from origin: 
DEBUG 2025-06-16 13:18:58,893 middleware 9 140267382367936 Request from origin: 
INFO 2025-06-16 13:18:58,899 views 9 140267390760640 Health check Р·Р°РїСЂРѕСЃ РѕС‚ 172.18.0.3: ok
INFO 2025-06-16 13:18:58,901 basehttp 9 140267390760640 "GET /api/health/ HTTP/1.0" 200 244
DEBUG 2025-06-16 13:18:58,915 middleware 9 140267390760640 Request from origin: 
DEBUG 2025-06-16 13:18:58,916 views 9 140267382367936 Menu item: РЁСѓСЂРїР°, image: 'http://localhost:8000/media/menu_items/1ef19980-8e08-45b7-aff2-5292b5797aa9_kJopm0u.jpeg', image_full_url: 'http://localhost:8000/media/menu_items/1ef19980-8e08-45b7-aff2-5292b5797aa9_kJopm0u.jpeg'
INFO 2025-06-16 13:18:58,919 basehttp 9 140267382367936 "GET /api/menu-items/?cafe=1 HTTP/1.0" 200 471
INFO 2025-06-16 13:18:58,930 basehttp 9 140267390760640 "GET /api/cities/ HTTP/1.0" 200 168
DEBUG 2025-06-16 13:18:58,943 middleware 9 140267390760640 Request from origin: 
INFO 2025-06-16 13:18:58,958 basehttp 9 140267390760640 "GET /api/cafes/?city=1&t=1750079939034 HTTP/1.0" 200 494
DEBUG 2025-06-16 13:18:58,963 middleware 9 140267390760640 Request from origin: 
DEBUG 2025-06-16 13:18:58,975 views 9 140267390760640 Menu item: РЁСѓСЂРїР°, image: 'http://localhost:8000/media/menu_items/1ef19980-8e08-45b7-aff2-5292b5797aa9_kJopm0u.jpeg', image_full_url: 'http://localhost:8000/media/menu_items/1ef19980-8e08-45b7-aff2-5292b5797aa9_kJopm0u.jpeg'
INFO 2025-06-16 13:18:58,976 basehttp 9 140267390760640 "GET /api/menu-items/?cafe=1 HTTP/1.0" 200 471
DEBUG 2025-06-16 13:18:59,662 middleware 9 140267390760640 Request from origin: 
INFO 2025-06-16 13:18:59,666 basehttp 9 140267390760640 "GET /media/menu_items/1ef19980-8e08-45b7-aff2-5292b5797aa9_kJopm0u.jpeg HTTP/1.1" 304 0
DEBUG 2025-06-16 13:19:12,785 middleware 9 140267382367936 Request from origin: 
INFO 2025-06-16 13:19:12,799 views 9 140267382367936 Health check Р·Р°РїСЂРѕСЃ РѕС‚ 172.18.0.3: ok
INFO 2025-06-16 13:19:12,800 basehttp 9 140267382367936 "GET /api/health/ HTTP/1.0" 200 243
DEBUG 2025-06-16 13:19:12,837 middleware 9 140267382367936 Request from origin: 
INFO 2025-06-16 13:19:12,848 basehttp 9 140267382367936 "GET /api/cities/ HTTP/1.0" 200 168
DEBUG 2025-06-16 13:19:12,853 middleware 9 140267382367936 Request from origin: 
INFO 2025-06-16 13:19:12,867 basehttp 9 140267382367936 "GET /api/cafes/?city=1&t=1750079952072 HTTP/1.0" 200 494
DEBUG 2025-06-16 13:19:12,872 middleware 9 140267382367936 Request from origin: 
DEBUG 2025-06-16 13:19:12,883 views 9 140267382367936 Menu item: РЁСѓСЂРїР°, image: 'http://localhost:8000/media/menu_items/1ef19980-8e08-45b7-aff2-5292b5797aa9_kJopm0u.jpeg', image_full_url: 'http://localhost:8000/media/menu_items/1ef19980-8e08-45b7-aff2-5292b5797aa9_kJopm0u.jpeg'
INFO 2025-06-16 13:19:12,884 basehttp 9 140267382367936 "GET /api/menu-items/?cafe=1 HTTP/1.0" 200 471
DEBUG 2025-06-16 13:19:13,689 middleware 9 140267382367936 Request from origin: 
DEBUG 2025-06-16 13:19:13,690 middleware 9 140267382367936 CSRF Processing path: api/auth/csrf/, Method: GET
DEBUG 2025-06-16 13:19:13,690 middleware 9 140267382367936 CSRF token in cookie: True
DEBUG 2025-06-16 13:19:13,690 middleware 9 140267382367936 CSRF token in header: False
DEBUG 2025-06-16 13:19:13,691 middleware 9 140267382367936 CSRF cookie token (first 6): R7VKrf...
INFO 2025-06-16 13:19:13,697 auth 9 140267382367936 Р—Р°РїСЂРѕСЃ CSRF С‚РѕРєРµРЅР°
INFO 2025-06-16 13:19:13,697 auth 9 140267382367936 CSRF Р·Р°РїСЂРѕСЃ РѕС‚ Origin: Unknown, Referer: http://localhost/admin/login
DEBUG 2025-06-16 13:19:13,697 auth 9 140267382367936 User-Agent: Mozilla/5.0 (Windows NT 10.0; Win64; x64) AppleWebKit/537.36 (KHTML, like Gecko) Chrome/137.0.0.0 Safari/537.36
INFO 2025-06-16 13:19:13,698 auth 9 140267382367936 CSRF С‚РѕРєРµРЅ СЃРіРµРЅРµСЂРёСЂРѕРІР°РЅ: jmdveP... (РїРµСЂРІС‹Рµ 6 СЃРёРјРІРѕР»РѕРІ)
DEBUG 2025-06-16 13:19:13,698 auth 9 140267382367936 РќР°СЃС‚СЂРѕР№РєРё CSRF cookie: {'csrf_cookie': {'name': 'csrftoken', 'secure': False, 'httponly': False, 'samesite': 'Lax'}}
INFO 2025-06-16 13:19:13,699 basehttp 9 140267382367936 "GET /api/auth/csrf/ HTTP/1.0" 200 58
DEBUG 2025-06-16 13:19:23,598 middleware 9 140267382367936 Request from origin: 
DEBUG 2025-06-16 13:19:23,599 middleware 9 140267382367936 CSRF Processing path: api/auth/csrf/, Method: GET
DEBUG 2025-06-16 13:19:23,599 middleware 9 140267382367936 CSRF token in cookie: True
DEBUG 2025-06-16 13:19:23,600 middleware 9 140267382367936 CSRF token in header: False
DEBUG 2025-06-16 13:19:23,600 middleware 9 140267382367936 CSRF cookie token (first 6): R7VKrf...
INFO 2025-06-16 13:19:23,606 auth 9 140267382367936 Р—Р°РїСЂРѕСЃ CSRF С‚РѕРєРµРЅР°
INFO 2025-06-16 13:19:23,607 auth 9 140267382367936 CSRF Р·Р°РїСЂРѕСЃ РѕС‚ Origin: Unknown, Referer: http://localhost/admin/login
DEBUG 2025-06-16 13:19:23,607 auth 9 140267382367936 User-Agent: Mozilla/5.0 (Windows NT 10.0; Win64; x64) AppleWebKit/537.36 (KHTML, like Gecko) Chrome/137.0.0.0 Safari/537.36
INFO 2025-06-16 13:19:23,607 auth 9 140267382367936 CSRF С‚РѕРєРµРЅ СЃРіРµРЅРµСЂРёСЂРѕРІР°РЅ: 6P3KJO... (РїРµСЂРІС‹Рµ 6 СЃРёРјРІРѕР»РѕРІ)
DEBUG 2025-06-16 13:19:23,608 auth 9 140267382367936 РќР°СЃС‚СЂРѕР№РєРё CSRF cookie: {'csrf_cookie': {'name': 'csrftoken', 'secure': False, 'httponly': False, 'samesite': 'Lax'}}
INFO 2025-06-16 13:19:23,608 basehttp 9 140267382367936 "GET /api/auth/csrf/ HTTP/1.0" 200 58
DEBUG 2025-06-16 13:19:24,391 middleware 9 140267382367936 Request from origin: 
DEBUG 2025-06-16 13:19:24,391 middleware 9 140267382367936 CSRF Processing path: api/auth/csrf/, Method: GET
DEBUG 2025-06-16 13:19:24,392 middleware 9 140267382367936 CSRF token in cookie: True
DEBUG 2025-06-16 13:19:24,392 middleware 9 140267382367936 CSRF token in header: False
DEBUG 2025-06-16 13:19:24,392 middleware 9 140267382367936 CSRF cookie token (first 6): R7VKrf...
INFO 2025-06-16 13:19:24,398 auth 9 140267382367936 Р—Р°РїСЂРѕСЃ CSRF С‚РѕРєРµРЅР°
INFO 2025-06-16 13:19:24,398 auth 9 140267382367936 CSRF Р·Р°РїСЂРѕСЃ РѕС‚ Origin: Unknown, Referer: http://localhost/admin/login
DEBUG 2025-06-16 13:19:24,398 auth 9 140267382367936 User-Agent: Mozilla/5.0 (Windows NT 10.0; Win64; x64) AppleWebKit/537.36 (KHTML, like Gecko) Chrome/137.0.0.0 Safari/537.36
INFO 2025-06-16 13:19:24,399 auth 9 140267382367936 CSRF С‚РѕРєРµРЅ СЃРіРµРЅРµСЂРёСЂРѕРІР°РЅ: x3SXVO... (РїРµСЂРІС‹Рµ 6 СЃРёРјРІРѕР»РѕРІ)
DEBUG 2025-06-16 13:19:24,399 auth 9 140267382367936 РќР°СЃС‚СЂРѕР№РєРё CSRF cookie: {'csrf_cookie': {'name': 'csrftoken', 'secure': False, 'httponly': False, 'samesite': 'Lax'}}
INFO 2025-06-16 13:19:24,400 basehttp 9 140267382367936 "GET /api/auth/csrf/ HTTP/1.0" 200 58
DEBUG 2025-06-16 13:19:24,700 middleware 9 140267382367936 Request from origin: 
DEBUG 2025-06-16 13:19:24,701 middleware 9 140267382367936 CSRF Processing path: api/auth/csrf/, Method: GET
DEBUG 2025-06-16 13:19:24,701 middleware 9 140267382367936 CSRF token in cookie: True
DEBUG 2025-06-16 13:19:24,701 middleware 9 140267382367936 CSRF token in header: False
DEBUG 2025-06-16 13:19:24,702 middleware 9 140267382367936 CSRF cookie token (first 6): R7VKrf...
INFO 2025-06-16 13:19:24,708 auth 9 140267382367936 Р—Р°РїСЂРѕСЃ CSRF С‚РѕРєРµРЅР°
INFO 2025-06-16 13:19:24,708 auth 9 140267382367936 CSRF Р·Р°РїСЂРѕСЃ РѕС‚ Origin: Unknown, Referer: http://localhost/admin/login
DEBUG 2025-06-16 13:19:24,709 auth 9 140267382367936 User-Agent: Mozilla/5.0 (Windows NT 10.0; Win64; x64) AppleWebKit/537.36 (KHTML, like Gecko) Chrome/137.0.0.0 Safari/537.36
INFO 2025-06-16 13:19:24,709 auth 9 140267382367936 CSRF С‚РѕРєРµРЅ СЃРіРµРЅРµСЂРёСЂРѕРІР°РЅ: CfNCYT... (РїРµСЂРІС‹Рµ 6 СЃРёРјРІРѕР»РѕРІ)
DEBUG 2025-06-16 13:19:24,709 auth 9 140267382367936 РќР°СЃС‚СЂРѕР№РєРё CSRF cookie: {'csrf_cookie': {'name': 'csrftoken', 'secure': False, 'httponly': False, 'samesite': 'Lax'}}
INFO 2025-06-16 13:19:24,710 basehttp 9 140267382367936 "GET /api/auth/csrf/ HTTP/1.0" 200 58
DEBUG 2025-06-16 13:19:25,003 middleware 9 140267382367936 Request from origin: http://localhost
DEBUG 2025-06-16 13:19:25,004 middleware 9 140267382367936 CSRF Processing path: api/auth/login/, Method: POST
DEBUG 2025-06-16 13:19:25,004 middleware 9 140267382367936 CSRF token in cookie: True
DEBUG 2025-06-16 13:19:25,005 middleware 9 140267382367936 CSRF token in header: True
DEBUG 2025-06-16 13:19:25,005 middleware 9 140267382367936 CSRF cookie token (first 6): R7VKrf...
DEBUG 2025-06-16 13:19:25,005 middleware 9 140267382367936 CSRF header token (first 6): R7VKrf...
INFO 2025-06-16 13:19:25,011 auth 9 140267382367936 РџРѕРїС‹С‚РєР° РІС…РѕРґР° СЃ email: hello@gmail.com
DEBUG 2025-06-16 13:19:25,011 auth 9 140267382367936 Р—Р°РїСЂРѕСЃ РІС…РѕРґР°: {'email': 'hello@gmail.com', 'password': 'A166DB70'}
INFO 2025-06-16 13:19:25,011 auth 9 140267382367936 CSRF С‚РѕРєРµРЅ РІ Р·Р°РіРѕР»РѕРІРєРµ: R7VKrf...
INFO 2025-06-16 13:19:25,012 auth 9 140267382367936 Origin Р·Р°РіРѕР»РѕРІРѕРє: http://localhost
INFO 2025-06-16 13:19:25,012 auth 9 140267382367936 HTTP РјРµС‚РѕРґ: POST
INFO 2025-06-16 13:19:25,012 auth 9 140267382367936 Content-Type: application/json
INFO 2025-06-16 13:19:25,012 auth 9 140267382367936 Cookies: {'csrftoken': 'R7VKrfgb1AGJu4TltRHYqmsiiPd8tkle', 'sessionid': 'yueznorteride93tf1cxl3phhd8rilkl'}
INFO 2025-06-16 13:19:25,013 auth 9 140267382367936 HTTP_X_CSRFTOKEN: R7VKrf...
INFO 2025-06-16 13:19:25,013 auth 9 140267382367936 Cookie CSRF: R7VKrf...
INFO 2025-06-16 13:19:25,013 auth 9 140267382367936 CSRF С‚РѕРєРµРЅС‹ СЃРѕРІРїР°РґР°СЋС‚: True
INFO 2025-06-16 13:19:25,014 auth 9 140267382367936 РџСЂРѕРІРµСЂРєР° СѓС‡РµС‚РЅРѕР№ Р·Р°РїРёСЃРё: hello@gmail.com
WARNING 2025-06-16 13:19:25,192 auth 9 140267382367936 РќРµРІРµСЂРЅС‹Р№ РїР°СЂРѕР»СЊ РґР»СЏ РїРѕР»СЊР·РѕРІР°С‚РµР»СЏ hello@gmail.com
WARNING 2025-06-16 13:19:25,193 log 9 140267382367936 Unauthorized: /api/auth/login/
WARNING 2025-06-16 13:19:25,193 basehttp 9 140267382367936 "POST /api/auth/login/ HTTP/1.0" 401 56
DEBUG 2025-06-16 13:19:26,435 middleware 9 140267382367936 Request from origin: 
DEBUG 2025-06-16 13:19:26,436 middleware 9 140267382367936 CSRF Processing path: api/auth/csrf/, Method: GET
DEBUG 2025-06-16 13:19:26,436 middleware 9 140267382367936 CSRF token in cookie: True
DEBUG 2025-06-16 13:19:26,436 middleware 9 140267382367936 CSRF token in header: False
DEBUG 2025-06-16 13:19:26,436 middleware 9 140267382367936 CSRF cookie token (first 6): R7VKrf...
INFO 2025-06-16 13:19:26,443 auth 9 140267382367936 Р—Р°РїСЂРѕСЃ CSRF С‚РѕРєРµРЅР°
INFO 2025-06-16 13:19:26,444 auth 9 140267382367936 CSRF Р·Р°РїСЂРѕСЃ РѕС‚ Origin: Unknown, Referer: http://localhost/admin/login
DEBUG 2025-06-16 13:19:26,444 auth 9 140267382367936 User-Agent: Mozilla/5.0 (Windows NT 10.0; Win64; x64) AppleWebKit/537.36 (KHTML, like Gecko) Chrome/137.0.0.0 Safari/537.36
INFO 2025-06-16 13:19:26,444 auth 9 140267382367936 CSRF С‚РѕРєРµРЅ СЃРіРµРЅРµСЂРёСЂРѕРІР°РЅ: JKYXPB... (РїРµСЂРІС‹Рµ 6 СЃРёРјРІРѕР»РѕРІ)
DEBUG 2025-06-16 13:19:26,445 auth 9 140267382367936 РќР°СЃС‚СЂРѕР№РєРё CSRF cookie: {'csrf_cookie': {'name': 'csrftoken', 'secure': False, 'httponly': False, 'samesite': 'Lax'}}
INFO 2025-06-16 13:19:26,445 basehttp 9 140267382367936 "GET /api/auth/csrf/ HTTP/1.0" 200 58
DEBUG 2025-06-16 13:19:27,218 middleware 9 140267382367936 Request from origin: 
DEBUG 2025-06-16 13:19:27,218 middleware 9 140267382367936 CSRF Processing path: api/auth/csrf/, Method: GET
DEBUG 2025-06-16 13:19:27,218 middleware 9 140267382367936 CSRF token in cookie: True
DEBUG 2025-06-16 13:19:27,219 middleware 9 140267382367936 CSRF token in header: False
DEBUG 2025-06-16 13:19:27,219 middleware 9 140267382367936 CSRF cookie token (first 6): R7VKrf...
INFO 2025-06-16 13:19:27,226 auth 9 140267382367936 Р—Р°РїСЂРѕСЃ CSRF С‚РѕРєРµРЅР°
INFO 2025-06-16 13:19:27,226 auth 9 140267382367936 CSRF Р·Р°РїСЂРѕСЃ РѕС‚ Origin: Unknown, Referer: http://localhost/admin/login
DEBUG 2025-06-16 13:19:27,227 auth 9 140267382367936 User-Agent: Mozilla/5.0 (Windows NT 10.0; Win64; x64) AppleWebKit/537.36 (KHTML, like Gecko) Chrome/137.0.0.0 Safari/537.36
INFO 2025-06-16 13:19:27,227 auth 9 140267382367936 CSRF С‚РѕРєРµРЅ СЃРіРµРЅРµСЂРёСЂРѕРІР°РЅ: W347ds... (РїРµСЂРІС‹Рµ 6 СЃРёРјРІРѕР»РѕРІ)
DEBUG 2025-06-16 13:19:27,227 auth 9 140267382367936 РќР°СЃС‚СЂРѕР№РєРё CSRF cookie: {'csrf_cookie': {'name': 'csrftoken', 'secure': False, 'httponly': False, 'samesite': 'Lax'}}
INFO 2025-06-16 13:19:27,228 basehttp 9 140267382367936 "GET /api/auth/csrf/ HTTP/1.0" 200 58
DEBUG 2025-06-16 13:19:27,521 middleware 9 140267382367936 Request from origin: 
DEBUG 2025-06-16 13:19:27,522 middleware 9 140267382367936 CSRF Processing path: api/auth/csrf/, Method: GET
DEBUG 2025-06-16 13:19:27,522 middleware 9 140267382367936 CSRF token in cookie: True
DEBUG 2025-06-16 13:19:27,522 middleware 9 140267382367936 CSRF token in header: False
DEBUG 2025-06-16 13:19:27,522 middleware 9 140267382367936 CSRF cookie token (first 6): R7VKrf...
INFO 2025-06-16 13:19:27,528 auth 9 140267382367936 Р—Р°РїСЂРѕСЃ CSRF С‚РѕРєРµРЅР°
INFO 2025-06-16 13:19:27,528 auth 9 140267382367936 CSRF Р·Р°РїСЂРѕСЃ РѕС‚ Origin: Unknown, Referer: http://localhost/admin/login
DEBUG 2025-06-16 13:19:27,528 auth 9 140267382367936 User-Agent: Mozilla/5.0 (Windows NT 10.0; Win64; x64) AppleWebKit/537.36 (KHTML, like Gecko) Chrome/137.0.0.0 Safari/537.36
INFO 2025-06-16 13:19:27,529 auth 9 140267382367936 CSRF С‚РѕРєРµРЅ СЃРіРµРЅРµСЂРёСЂРѕРІР°РЅ: SKZorT... (РїРµСЂРІС‹Рµ 6 СЃРёРјРІРѕР»РѕРІ)
DEBUG 2025-06-16 13:19:27,529 auth 9 140267382367936 РќР°СЃС‚СЂРѕР№РєРё CSRF cookie: {'csrf_cookie': {'name': 'csrftoken', 'secure': False, 'httponly': False, 'samesite': 'Lax'}}
INFO 2025-06-16 13:19:27,530 basehttp 9 140267382367936 "GET /api/auth/csrf/ HTTP/1.0" 200 58
DEBUG 2025-06-16 13:19:27,820 middleware 9 140267382367936 Request from origin: http://localhost
DEBUG 2025-06-16 13:19:27,820 middleware 9 140267382367936 CSRF Processing path: api/auth/login/, Method: POST
DEBUG 2025-06-16 13:19:27,821 middleware 9 140267382367936 CSRF token in cookie: True
DEBUG 2025-06-16 13:19:27,821 middleware 9 140267382367936 CSRF token in header: True
DEBUG 2025-06-16 13:19:27,821 middleware 9 140267382367936 CSRF cookie token (first 6): R7VKrf...
DEBUG 2025-06-16 13:19:27,821 middleware 9 140267382367936 CSRF header token (first 6): R7VKrf...
INFO 2025-06-16 13:19:27,828 auth 9 140267382367936 РџРѕРїС‹С‚РєР° РІС…РѕРґР° СЃ email: hello@gmail.com
DEBUG 2025-06-16 13:19:27,828 auth 9 140267382367936 Р—Р°РїСЂРѕСЃ РІС…РѕРґР°: {'email': 'hello@gmail.com', 'password': 'A166DB701'}
INFO 2025-06-16 13:19:27,828 auth 9 140267382367936 CSRF С‚РѕРєРµРЅ РІ Р·Р°РіРѕР»РѕРІРєРµ: R7VKrf...
INFO 2025-06-16 13:19:27,829 auth 9 140267382367936 Origin Р·Р°РіРѕР»РѕРІРѕРє: http://localhost
INFO 2025-06-16 13:19:27,829 auth 9 140267382367936 HTTP РјРµС‚РѕРґ: POST
INFO 2025-06-16 13:19:27,829 auth 9 140267382367936 Content-Type: application/json
INFO 2025-06-16 13:19:27,830 auth 9 140267382367936 Cookies: {'csrftoken': 'R7VKrfgb1AGJu4TltRHYqmsiiPd8tkle', 'sessionid': 'yueznorteride93tf1cxl3phhd8rilkl'}
INFO 2025-06-16 13:19:27,830 auth 9 140267382367936 HTTP_X_CSRFTOKEN: R7VKrf...
INFO 2025-06-16 13:19:27,830 auth 9 140267382367936 Cookie CSRF: R7VKrf...
INFO 2025-06-16 13:19:27,830 auth 9 140267382367936 CSRF С‚РѕРєРµРЅС‹ СЃРѕРІРїР°РґР°СЋС‚: True
INFO 2025-06-16 13:19:27,832 auth 9 140267382367936 РџСЂРѕРІРµСЂРєР° СѓС‡РµС‚РЅРѕР№ Р·Р°РїРёСЃРё: hello@gmail.com
INFO 2025-06-16 13:19:28,195 auth 9 140267382367936 РЈСЃРїРµС€РЅС‹Р№ РІС…РѕРґ РїРѕР»СЊР·РѕРІР°С‚РµР»СЏ: Hello
INFO 2025-06-16 13:19:28,199 auth 9 140267382367936 РџРѕР»СЊР·РѕРІР°С‚РµР»СЊ Hello СЏРІР»СЏРµС‚СЃСЏ РІР»Р°РґРµР»СЊС†РµРј СЂРµСЃС‚РѕСЂР°РЅР° Aliya
INFO 2025-06-16 13:19:28,200 auth 9 140267382367936 Р”Р°РЅРЅС‹Рµ РґР»СЏ РѕС‚РїСЂР°РІРєРё: {'id': 2, 'email': 'hello@gmail.com', 'name': 'Hello', 'cafe_id': 1, 'role': 'owner'}
INFO 2025-06-16 13:19:28,212 basehttp 9 140267382367936 "POST /api/auth/login/ HTTP/1.0" 200 76
DEBUG 2025-06-16 13:19:28,229 middleware 9 140267382367936 Request from origin: 
INFO 2025-06-16 13:19:28,241 basehttp 9 140267382367936 "GET /api/cafes/1/ HTTP/1.0" 200 442
DEBUG 2025-06-16 13:19:28,245 middleware 9 140267382367936 Request from origin: 
INFO 2025-06-16 13:19:28,261 basehttp 9 140267382367936 "GET /api/cafes/1/statistics/ HTTP/1.0" 200 79
DEBUG 2025-06-16 13:19:28,265 middleware 9 140267382367936 Request from origin: 
INFO 2025-06-16 13:19:28,276 basehttp 9 140267382367936 "GET /api/orders/?cafe=1 HTTP/1.0" 200 52
DEBUG 2025-06-16 13:19:31,025 middleware 9 140267382367936 Request from origin: 
INFO 2025-06-16 13:19:31,038 basehttp 9 140267382367936 "GET /api/cafes/?city=1&t=1750079971165 HTTP/1.0" 200 494
DEBUG 2025-06-16 13:19:31,046 middleware 9 140267382367936 Request from origin: 
INFO 2025-06-16 13:19:31,054 basehttp 9 140267382367936 "GET /media/cafe_covers/XXXL_1_1_ENDyb7O.webp?t=1750079971164 HTTP/1.0" 200 100380
DEBUG 2025-06-16 13:19:31,750 middleware 9 140267382367936 Request from origin: 
DEBUG 2025-06-16 13:19:31,763 views 9 140267382367936 Menu item: РЁСѓСЂРїР°, image: 'http://localhost:8000/media/menu_items/1ef19980-8e08-45b7-aff2-5292b5797aa9_kJopm0u.jpeg', image_full_url: 'http://localhost:8000/media/menu_items/1ef19980-8e08-45b7-aff2-5292b5797aa9_kJopm0u.jpeg'
INFO 2025-06-16 13:19:31,765 basehttp 9 140267382367936 "GET /api/menu-items/?cafe=1 HTTP/1.0" 200 471
DEBUG 2025-06-16 13:19:39,553 middleware 9 140267382367936 Request from origin: 
DEBUG 2025-06-16 13:19:39,554 middleware 9 140267382367936 CSRF Processing path: api/auth/csrf/, Method: GET
DEBUG 2025-06-16 13:19:39,554 middleware 9 140267382367936 CSRF token in cookie: True
DEBUG 2025-06-16 13:19:39,554 middleware 9 140267382367936 CSRF token in header: False
DEBUG 2025-06-16 13:19:39,555 middleware 9 140267382367936 CSRF cookie token (first 6): bA5MzF...
INFO 2025-06-16 13:19:39,561 auth 9 140267382367936 Р—Р°РїСЂРѕСЃ CSRF С‚РѕРєРµРЅР°
INFO 2025-06-16 13:19:39,561 auth 9 140267382367936 CSRF Р·Р°РїСЂРѕСЃ РѕС‚ Origin: Unknown, Referer: http://localhost/order-success
DEBUG 2025-06-16 13:19:39,561 auth 9 140267382367936 User-Agent: Mozilla/5.0 (Windows NT 10.0; Win64; x64) AppleWebKit/537.36 (KHTML, like Gecko) Chrome/137.0.0.0 Safari/537.36
INFO 2025-06-16 13:19:39,562 auth 9 140267382367936 CSRF С‚РѕРєРµРЅ СЃРіРµРЅРµСЂРёСЂРѕРІР°РЅ: X6s9Wq... (РїРµСЂРІС‹Рµ 6 СЃРёРјРІРѕР»РѕРІ)
DEBUG 2025-06-16 13:19:39,562 auth 9 140267382367936 РќР°СЃС‚СЂРѕР№РєРё CSRF cookie: {'csrf_cookie': {'name': 'csrftoken', 'secure': False, 'httponly': False, 'samesite': 'Lax'}}
INFO 2025-06-16 13:19:39,563 basehttp 9 140267382367936 "GET /api/auth/csrf/ HTTP/1.0" 200 58
DEBUG 2025-06-16 13:19:39,859 middleware 9 140267382367936 Request from origin: http://localhost
INFO 2025-06-16 13:19:39,882 basehttp 9 140267382367936 "POST /api/orders/ HTTP/1.0" 201 221
DEBUG 2025-06-16 13:19:40,609 middleware 9 140267382367936 Request from origin: 
DEBUG 2025-06-16 13:19:40,621 views 9 140267382367936 Menu item: РЁСѓСЂРїР°, image: 'http://localhost:8000/media/menu_items/1ef19980-8e08-45b7-aff2-5292b5797aa9_kJopm0u.jpeg', image_full_url: 'http://localhost:8000/media/menu_items/1ef19980-8e08-45b7-aff2-5292b5797aa9_kJopm0u.jpeg'
INFO 2025-06-16 13:19:40,622 basehttp 9 140267382367936 "GET /api/menu-items/?cafe=1 HTTP/1.0" 200 471
DEBUG 2025-06-16 13:19:46,218 middleware 9 140267382367936 Request from origin: 
INFO 2025-06-16 13:19:46,228 views 9 140267382367936 Health check Р·Р°РїСЂРѕСЃ РѕС‚ 172.18.0.3: ok
INFO 2025-06-16 13:19:46,229 basehttp 9 140267382367936 "GET /api/health/ HTTP/1.0" 200 245
DEBUG 2025-06-16 13:19:46,236 middleware 9 140267382367936 Request from origin: 
INFO 2025-06-16 13:19:46,247 basehttp 9 140267382367936 "GET /api/cities/ HTTP/1.0" 200 168
DEBUG 2025-06-16 13:19:46,266 middleware 9 140267382367936 Request from origin: 
INFO 2025-06-16 13:19:46,279 basehttp 9 140267382367936 "GET /api/cafes/?city=1&t=1750079985532 HTTP/1.0" 200 494
DEBUG 2025-06-16 13:19:46,284 middleware 9 140267382367936 Request from origin: 
DEBUG 2025-06-16 13:19:46,295 views 9 140267382367936 Menu item: РЁСѓСЂРїР°, image: 'http://localhost:8000/media/menu_items/1ef19980-8e08-45b7-aff2-5292b5797aa9_kJopm0u.jpeg', image_full_url: 'http://localhost:8000/media/menu_items/1ef19980-8e08-45b7-aff2-5292b5797aa9_kJopm0u.jpeg'
INFO 2025-06-16 13:19:46,296 basehttp 9 140267382367936 "GET /api/menu-items/?cafe=1 HTTP/1.0" 200 471
DEBUG 2025-06-16 13:19:47,179 middleware 9 140267382367936 Request from origin: 
DEBUG 2025-06-16 13:19:47,180 middleware 9 140267382367936 CSRF Processing path: api/auth/csrf/, Method: GET
DEBUG 2025-06-16 13:19:47,180 middleware 9 140267382367936 CSRF token in cookie: True
DEBUG 2025-06-16 13:19:47,180 middleware 9 140267382367936 CSRF token in header: False
DEBUG 2025-06-16 13:19:47,181 middleware 9 140267382367936 CSRF cookie token (first 6): bA5MzF...
INFO 2025-06-16 13:19:47,188 auth 9 140267382367936 Р—Р°РїСЂРѕСЃ CSRF С‚РѕРєРµРЅР°
INFO 2025-06-16 13:19:47,188 auth 9 140267382367936 CSRF Р·Р°РїСЂРѕСЃ РѕС‚ Origin: Unknown, Referer: http://localhost/admin/login
DEBUG 2025-06-16 13:19:47,188 auth 9 140267382367936 User-Agent: Mozilla/5.0 (Windows NT 10.0; Win64; x64) AppleWebKit/537.36 (KHTML, like Gecko) Chrome/137.0.0.0 Safari/537.36
INFO 2025-06-16 13:19:47,189 auth 9 140267382367936 CSRF С‚РѕРєРµРЅ СЃРіРµРЅРµСЂРёСЂРѕРІР°РЅ: HRWdlT... (РїРµСЂРІС‹Рµ 6 СЃРёРјРІРѕР»РѕРІ)
DEBUG 2025-06-16 13:19:47,189 auth 9 140267382367936 РќР°СЃС‚СЂРѕР№РєРё CSRF cookie: {'csrf_cookie': {'name': 'csrftoken', 'secure': False, 'httponly': False, 'samesite': 'Lax'}}
INFO 2025-06-16 13:19:47,190 basehttp 9 140267382367936 "GET /api/auth/csrf/ HTTP/1.0" 200 58
DEBUG 2025-06-16 13:19:56,006 middleware 9 140267382367936 Request from origin: 
DEBUG 2025-06-16 13:19:56,006 middleware 9 140267382367936 CSRF Processing path: api/auth/csrf/, Method: GET
DEBUG 2025-06-16 13:19:56,007 middleware 9 140267382367936 CSRF token in cookie: True
DEBUG 2025-06-16 13:19:56,007 middleware 9 140267382367936 CSRF token in header: False
DEBUG 2025-06-16 13:19:56,007 middleware 9 140267382367936 CSRF cookie token (first 6): bA5MzF...
INFO 2025-06-16 13:19:56,013 auth 9 140267382367936 Р—Р°РїСЂРѕСЃ CSRF С‚РѕРєРµРЅР°
INFO 2025-06-16 13:19:56,013 auth 9 140267382367936 CSRF Р·Р°РїСЂРѕСЃ РѕС‚ Origin: Unknown, Referer: http://localhost/admin/login
DEBUG 2025-06-16 13:19:56,013 auth 9 140267382367936 User-Agent: Mozilla/5.0 (Windows NT 10.0; Win64; x64) AppleWebKit/537.36 (KHTML, like Gecko) Chrome/137.0.0.0 Safari/537.36
INFO 2025-06-16 13:19:56,014 auth 9 140267382367936 CSRF С‚РѕРєРµРЅ СЃРіРµРЅРµСЂРёСЂРѕРІР°РЅ: bL8WQn... (РїРµСЂРІС‹Рµ 6 СЃРёРјРІРѕР»РѕРІ)
DEBUG 2025-06-16 13:19:56,014 auth 9 140267382367936 РќР°СЃС‚СЂРѕР№РєРё CSRF cookie: {'csrf_cookie': {'name': 'csrftoken', 'secure': False, 'httponly': False, 'samesite': 'Lax'}}
INFO 2025-06-16 13:19:56,015 basehttp 9 140267382367936 "GET /api/auth/csrf/ HTTP/1.0" 200 58
DEBUG 2025-06-16 13:19:56,790 middleware 9 140267382367936 Request from origin: 
DEBUG 2025-06-16 13:19:56,791 middleware 9 140267382367936 CSRF Processing path: api/auth/csrf/, Method: GET
DEBUG 2025-06-16 13:19:56,791 middleware 9 140267382367936 CSRF token in cookie: True
DEBUG 2025-06-16 13:19:56,791 middleware 9 140267382367936 CSRF token in header: False
DEBUG 2025-06-16 13:19:56,791 middleware 9 140267382367936 CSRF cookie token (first 6): bA5MzF...
INFO 2025-06-16 13:19:56,797 auth 9 140267382367936 Р—Р°РїСЂРѕСЃ CSRF С‚РѕРєРµРЅР°
INFO 2025-06-16 13:19:56,797 auth 9 140267382367936 CSRF Р·Р°РїСЂРѕСЃ РѕС‚ Origin: Unknown, Referer: http://localhost/admin/login
DEBUG 2025-06-16 13:19:56,797 auth 9 140267382367936 User-Agent: Mozilla/5.0 (Windows NT 10.0; Win64; x64) AppleWebKit/537.36 (KHTML, like Gecko) Chrome/137.0.0.0 Safari/537.36
INFO 2025-06-16 13:19:56,798 auth 9 140267382367936 CSRF С‚РѕРєРµРЅ СЃРіРµРЅРµСЂРёСЂРѕРІР°РЅ: 8zY4rr... (РїРµСЂРІС‹Рµ 6 СЃРёРјРІРѕР»РѕРІ)
DEBUG 2025-06-16 13:19:56,798 auth 9 140267382367936 РќР°СЃС‚СЂРѕР№РєРё CSRF cookie: {'csrf_cookie': {'name': 'csrftoken', 'secure': False, 'httponly': False, 'samesite': 'Lax'}}
INFO 2025-06-16 13:19:56,799 basehttp 9 140267382367936 "GET /api/auth/csrf/ HTTP/1.0" 200 58
DEBUG 2025-06-16 13:19:57,090 middleware 9 140267382367936 Request from origin: 
DEBUG 2025-06-16 13:19:57,091 middleware 9 140267382367936 CSRF Processing path: api/auth/csrf/, Method: GET
DEBUG 2025-06-16 13:19:57,091 middleware 9 140267382367936 CSRF token in cookie: True
DEBUG 2025-06-16 13:19:57,091 middleware 9 140267382367936 CSRF token in header: False
DEBUG 2025-06-16 13:19:57,092 middleware 9 140267382367936 CSRF cookie token (first 6): bA5MzF...
INFO 2025-06-16 13:19:57,097 auth 9 140267382367936 Р—Р°РїСЂРѕСЃ CSRF С‚РѕРєРµРЅР°
INFO 2025-06-16 13:19:57,097 auth 9 140267382367936 CSRF Р·Р°РїСЂРѕСЃ РѕС‚ Origin: Unknown, Referer: http://localhost/admin/login
DEBUG 2025-06-16 13:19:57,098 auth 9 140267382367936 User-Agent: Mozilla/5.0 (Windows NT 10.0; Win64; x64) AppleWebKit/537.36 (KHTML, like Gecko) Chrome/137.0.0.0 Safari/537.36
INFO 2025-06-16 13:19:57,098 auth 9 140267382367936 CSRF С‚РѕРєРµРЅ СЃРіРµРЅРµСЂРёСЂРѕРІР°РЅ: PJ9x60... (РїРµСЂРІС‹Рµ 6 СЃРёРјРІРѕР»РѕРІ)
DEBUG 2025-06-16 13:19:57,098 auth 9 140267382367936 РќР°СЃС‚СЂРѕР№РєРё CSRF cookie: {'csrf_cookie': {'name': 'csrftoken', 'secure': False, 'httponly': False, 'samesite': 'Lax'}}
INFO 2025-06-16 13:19:57,099 basehttp 9 140267382367936 "GET /api/auth/csrf/ HTTP/1.0" 200 58
DEBUG 2025-06-16 13:19:57,390 middleware 9 140267382367936 Request from origin: http://localhost
DEBUG 2025-06-16 13:19:57,391 middleware 9 140267382367936 CSRF Processing path: api/auth/login/, Method: POST
DEBUG 2025-06-16 13:19:57,391 middleware 9 140267382367936 CSRF token in cookie: True
DEBUG 2025-06-16 13:19:57,392 middleware 9 140267382367936 CSRF token in header: True
DEBUG 2025-06-16 13:19:57,392 middleware 9 140267382367936 CSRF cookie token (first 6): bA5MzF...
DEBUG 2025-06-16 13:19:57,392 middleware 9 140267382367936 CSRF header token (first 6): bA5MzF...
INFO 2025-06-16 13:19:57,398 auth 9 140267382367936 РџРѕРїС‹С‚РєР° РІС…РѕРґР° СЃ email: hello@gmail.com
DEBUG 2025-06-16 13:19:57,398 auth 9 140267382367936 Р—Р°РїСЂРѕСЃ РІС…РѕРґР°: {'email': 'hello@gmail.com', 'password': 'A166DB70'}
INFO 2025-06-16 13:19:57,398 auth 9 140267382367936 CSRF С‚РѕРєРµРЅ РІ Р·Р°РіРѕР»РѕРІРєРµ: bA5MzF...
INFO 2025-06-16 13:19:57,398 auth 9 140267382367936 Origin Р·Р°РіРѕР»РѕРІРѕРє: http://localhost
INFO 2025-06-16 13:19:57,399 auth 9 140267382367936 HTTP РјРµС‚РѕРґ: POST
INFO 2025-06-16 13:19:57,399 auth 9 140267382367936 Content-Type: application/json
INFO 2025-06-16 13:19:57,399 auth 9 140267382367936 Cookies: {'csrftoken': 'bA5MzFY5eo5ypf4aWROE8SKyK3XTOUsg', 'sessionid': 'l25tdodhiwo6k9n3dtd6plahvpryo2bw'}
INFO 2025-06-16 13:19:57,399 auth 9 140267382367936 HTTP_X_CSRFTOKEN: bA5MzF...
INFO 2025-06-16 13:19:57,399 auth 9 140267382367936 Cookie CSRF: bA5MzF...
INFO 2025-06-16 13:19:57,400 auth 9 140267382367936 CSRF С‚РѕРєРµРЅС‹ СЃРѕРІРїР°РґР°СЋС‚: True
INFO 2025-06-16 13:19:57,401 auth 9 140267382367936 РџСЂРѕРІРµСЂРєР° СѓС‡РµС‚РЅРѕР№ Р·Р°РїРёСЃРё: hello@gmail.com
WARNING 2025-06-16 13:19:57,545 auth 9 140267382367936 РќРµРІРµСЂРЅС‹Р№ РїР°СЂРѕР»СЊ РґР»СЏ РїРѕР»СЊР·РѕРІР°С‚РµР»СЏ hello@gmail.com
WARNING 2025-06-16 13:19:57,546 log 9 140267382367936 Unauthorized: /api/auth/login/
WARNING 2025-06-16 13:19:57,547 basehttp 9 140267382367936 "POST /api/auth/login/ HTTP/1.0" 401 56
DEBUG 2025-06-16 13:19:58,477 middleware 9 140267382367936 Request from origin: 
DEBUG 2025-06-16 13:19:58,478 middleware 9 140267382367936 CSRF Processing path: api/auth/csrf/, Method: GET
DEBUG 2025-06-16 13:19:58,478 middleware 9 140267382367936 CSRF token in cookie: True
DEBUG 2025-06-16 13:19:58,478 middleware 9 140267382367936 CSRF token in header: False
DEBUG 2025-06-16 13:19:58,479 middleware 9 140267382367936 CSRF cookie token (first 6): bA5MzF...
INFO 2025-06-16 13:19:58,484 auth 9 140267382367936 Р—Р°РїСЂРѕСЃ CSRF С‚РѕРєРµРЅР°
INFO 2025-06-16 13:19:58,485 auth 9 140267382367936 CSRF Р·Р°РїСЂРѕСЃ РѕС‚ Origin: Unknown, Referer: http://localhost/admin/login
DEBUG 2025-06-16 13:19:58,485 auth 9 140267382367936 User-Agent: Mozilla/5.0 (Windows NT 10.0; Win64; x64) AppleWebKit/537.36 (KHTML, like Gecko) Chrome/137.0.0.0 Safari/537.36
INFO 2025-06-16 13:19:58,485 auth 9 140267382367936 CSRF С‚РѕРєРµРЅ СЃРіРµРЅРµСЂРёСЂРѕРІР°РЅ: p0rX3J... (РїРµСЂРІС‹Рµ 6 СЃРёРјРІРѕР»РѕРІ)
DEBUG 2025-06-16 13:19:58,486 auth 9 140267382367936 РќР°СЃС‚СЂРѕР№РєРё CSRF cookie: {'csrf_cookie': {'name': 'csrftoken', 'secure': False, 'httponly': False, 'samesite': 'Lax'}}
INFO 2025-06-16 13:19:58,487 basehttp 9 140267382367936 "GET /api/auth/csrf/ HTTP/1.0" 200 58
DEBUG 2025-06-16 13:19:59,255 middleware 9 140267382367936 Request from origin: 
DEBUG 2025-06-16 13:19:59,256 middleware 9 140267382367936 CSRF Processing path: api/auth/csrf/, Method: GET
DEBUG 2025-06-16 13:19:59,256 middleware 9 140267382367936 CSRF token in cookie: True
DEBUG 2025-06-16 13:19:59,256 middleware 9 140267382367936 CSRF token in header: False
DEBUG 2025-06-16 13:19:59,257 middleware 9 140267382367936 CSRF cookie token (first 6): bA5MzF...
INFO 2025-06-16 13:19:59,262 auth 9 140267382367936 Р—Р°РїСЂРѕСЃ CSRF С‚РѕРєРµРЅР°
INFO 2025-06-16 13:19:59,262 auth 9 140267382367936 CSRF Р·Р°РїСЂРѕСЃ РѕС‚ Origin: Unknown, Referer: http://localhost/admin/login
DEBUG 2025-06-16 13:19:59,263 auth 9 140267382367936 User-Agent: Mozilla/5.0 (Windows NT 10.0; Win64; x64) AppleWebKit/537.36 (KHTML, like Gecko) Chrome/137.0.0.0 Safari/537.36
INFO 2025-06-16 13:19:59,263 auth 9 140267382367936 CSRF С‚РѕРєРµРЅ СЃРіРµРЅРµСЂРёСЂРѕРІР°РЅ: wn9nAu... (РїРµСЂРІС‹Рµ 6 СЃРёРјРІРѕР»РѕРІ)
DEBUG 2025-06-16 13:19:59,264 auth 9 140267382367936 РќР°СЃС‚СЂРѕР№РєРё CSRF cookie: {'csrf_cookie': {'name': 'csrftoken', 'secure': False, 'httponly': False, 'samesite': 'Lax'}}
INFO 2025-06-16 13:19:59,264 basehttp 9 140267382367936 "GET /api/auth/csrf/ HTTP/1.0" 200 58
DEBUG 2025-06-16 13:19:59,563 middleware 9 140267382367936 Request from origin: 
DEBUG 2025-06-16 13:19:59,563 middleware 9 140267382367936 CSRF Processing path: api/auth/csrf/, Method: GET
DEBUG 2025-06-16 13:19:59,564 middleware 9 140267382367936 CSRF token in cookie: True
DEBUG 2025-06-16 13:19:59,564 middleware 9 140267382367936 CSRF token in header: False
DEBUG 2025-06-16 13:19:59,564 middleware 9 140267382367936 CSRF cookie token (first 6): bA5MzF...
INFO 2025-06-16 13:19:59,569 auth 9 140267382367936 Р—Р°РїСЂРѕСЃ CSRF С‚РѕРєРµРЅР°
INFO 2025-06-16 13:19:59,569 auth 9 140267382367936 CSRF Р·Р°РїСЂРѕСЃ РѕС‚ Origin: Unknown, Referer: http://localhost/admin/login
DEBUG 2025-06-16 13:19:59,570 auth 9 140267382367936 User-Agent: Mozilla/5.0 (Windows NT 10.0; Win64; x64) AppleWebKit/537.36 (KHTML, like Gecko) Chrome/137.0.0.0 Safari/537.36
INFO 2025-06-16 13:19:59,570 auth 9 140267382367936 CSRF С‚РѕРєРµРЅ СЃРіРµРЅРµСЂРёСЂРѕРІР°РЅ: N1wjZj... (РїРµСЂРІС‹Рµ 6 СЃРёРјРІРѕР»РѕРІ)
DEBUG 2025-06-16 13:19:59,570 auth 9 140267382367936 РќР°СЃС‚СЂРѕР№РєРё CSRF cookie: {'csrf_cookie': {'name': 'csrftoken', 'secure': False, 'httponly': False, 'samesite': 'Lax'}}
INFO 2025-06-16 13:19:59,571 basehttp 9 140267382367936 "GET /api/auth/csrf/ HTTP/1.0" 200 58
DEBUG 2025-06-16 13:19:59,869 middleware 9 140267382367936 Request from origin: http://localhost
DEBUG 2025-06-16 13:19:59,869 middleware 9 140267382367936 CSRF Processing path: api/auth/login/, Method: POST
DEBUG 2025-06-16 13:19:59,870 middleware 9 140267382367936 CSRF token in cookie: True
DEBUG 2025-06-16 13:19:59,870 middleware 9 140267382367936 CSRF token in header: True
DEBUG 2025-06-16 13:19:59,870 middleware 9 140267382367936 CSRF cookie token (first 6): bA5MzF...
DEBUG 2025-06-16 13:19:59,870 middleware 9 140267382367936 CSRF header token (first 6): bA5MzF...
INFO 2025-06-16 13:19:59,876 auth 9 140267382367936 РџРѕРїС‹С‚РєР° РІС…РѕРґР° СЃ email: hello@gmail.com
DEBUG 2025-06-16 13:19:59,876 auth 9 140267382367936 Р—Р°РїСЂРѕСЃ РІС…РѕРґР°: {'email': 'hello@gmail.com', 'password': 'A166DB701'}
INFO 2025-06-16 13:19:59,876 auth 9 140267382367936 CSRF С‚РѕРєРµРЅ РІ Р·Р°РіРѕР»РѕРІРєРµ: bA5MzF...
INFO 2025-06-16 13:19:59,877 auth 9 140267382367936 Origin Р·Р°РіРѕР»РѕРІРѕРє: http://localhost
INFO 2025-06-16 13:19:59,877 auth 9 140267382367936 HTTP РјРµС‚РѕРґ: POST
INFO 2025-06-16 13:19:59,877 auth 9 140267382367936 Content-Type: application/json
INFO 2025-06-16 13:19:59,877 auth 9 140267382367936 Cookies: {'csrftoken': 'bA5MzFY5eo5ypf4aWROE8SKyK3XTOUsg', 'sessionid': 'l25tdodhiwo6k9n3dtd6plahvpryo2bw'}
INFO 2025-06-16 13:19:59,877 auth 9 140267382367936 HTTP_X_CSRFTOKEN: bA5MzF...
INFO 2025-06-16 13:19:59,878 auth 9 140267382367936 Cookie CSRF: bA5MzF...
INFO 2025-06-16 13:19:59,878 auth 9 140267382367936 CSRF С‚РѕРєРµРЅС‹ СЃРѕРІРїР°РґР°СЋС‚: True
INFO 2025-06-16 13:19:59,879 auth 9 140267382367936 РџСЂРѕРІРµСЂРєР° СѓС‡РµС‚РЅРѕР№ Р·Р°РїРёСЃРё: hello@gmail.com
INFO 2025-06-16 13:20:00,037 auth 9 140267382367936 РЈСЃРїРµС€РЅС‹Р№ РІС…РѕРґ РїРѕР»СЊР·РѕРІР°С‚РµР»СЏ: Hello
INFO 2025-06-16 13:20:00,040 auth 9 140267382367936 РџРѕР»СЊР·РѕРІР°С‚РµР»СЊ Hello СЏРІР»СЏРµС‚СЃСЏ РІР»Р°РґРµР»СЊС†РµРј СЂРµСЃС‚РѕСЂР°РЅР° Aliya
INFO 2025-06-16 13:20:00,041 auth 9 140267382367936 Р”Р°РЅРЅС‹Рµ РґР»СЏ РѕС‚РїСЂР°РІРєРё: {'id': 2, 'email': 'hello@gmail.com', 'name': 'Hello', 'cafe_id': 1, 'role': 'owner'}
INFO 2025-06-16 13:20:00,051 basehttp 9 140267382367936 "POST /api/auth/login/ HTTP/1.0" 200 76
DEBUG 2025-06-16 13:20:00,061 middleware 9 140267382367936 Request from origin: 
INFO 2025-06-16 13:20:00,073 basehttp 9 140267382367936 "GET /api/cafes/1/ HTTP/1.0" 200 442
DEBUG 2025-06-16 13:20:00,077 middleware 9 140267382367936 Request from origin: 
INFO 2025-06-16 13:20:00,090 basehttp 9 140267382367936 "GET /api/cafes/1/statistics/ HTTP/1.0" 200 87
DEBUG 2025-06-16 13:20:00,094 middleware 9 140267382367936 Request from origin: 
INFO 2025-06-16 13:20:00,109 basehttp 9 140267382367936 "GET /api/orders/?cafe=1 HTTP/1.0" 200 273
DEBUG 2025-06-16 13:36:13,901 middleware 9 140267390760640 Request from origin: 
INFO 2025-06-16 13:36:13,916 basehttp 9 140267390760640 "GET /api/cafes/?city=1&t=1750080975019 HTTP/1.0" 200 494
DEBUG 2025-06-16 13:36:13,923 middleware 9 140267390760640 Request from origin: 
INFO 2025-06-16 13:36:13,931 basehttp 9 140267390760640 "GET /media/cafe_covers/XXXL_1_1_ENDyb7O.webp?t=1750080975017 HTTP/1.0" 200 100380
DEBUG 2025-06-16 13:36:14,395 middleware 9 140267390760640 Request from origin: 
DEBUG 2025-06-16 13:36:14,410 views 9 140267390760640 Menu item: РЁСѓСЂРїР°, image: 'http://localhost:8000/media/menu_items/1ef19980-8e08-45b7-aff2-5292b5797aa9_kJopm0u.jpeg', image_full_url: 'http://localhost:8000/media/menu_items/1ef19980-8e08-45b7-aff2-5292b5797aa9_kJopm0u.jpeg'
INFO 2025-06-16 13:36:14,411 basehttp 9 140267390760640 "GET /api/menu-items/?cafe=1 HTTP/1.0" 200 471
DEBUG 2025-06-16 13:36:14,415 middleware 9 140267390760640 Request from origin: 
DEBUG 2025-06-16 13:36:14,428 views 9 140267390760640 Menu item: РЁСѓСЂРїР°, image: 'http://localhost:8000/media/menu_items/1ef19980-8e08-45b7-aff2-5292b5797aa9_kJopm0u.jpeg', image_full_url: 'http://localhost:8000/media/menu_items/1ef19980-8e08-45b7-aff2-5292b5797aa9_kJopm0u.jpeg'
INFO 2025-06-16 13:36:14,429 basehttp 9 140267390760640 "GET /api/menu-items/?cafe=1 HTTP/1.0" 200 471
DEBUG 2025-06-16 13:36:15,181 middleware 9 140267390760640 Request from origin: 
INFO 2025-06-16 13:36:15,184 basehttp 9 140267390760640 "GET /media/menu_items/1ef19980-8e08-45b7-aff2-5292b5797aa9_kJopm0u.jpeg HTTP/1.1" 304 0
DEBUG 2025-06-16 13:36:29,784 middleware 9 140267382367936 Request from origin: 
DEBUG 2025-06-16 13:36:29,785 middleware 9 140267382367936 CSRF Processing path: api/auth/csrf/, Method: GET
DEBUG 2025-06-16 13:36:29,785 middleware 9 140267382367936 CSRF token in cookie: True
DEBUG 2025-06-16 13:36:29,786 middleware 9 140267382367936 CSRF token in header: False
DEBUG 2025-06-16 13:36:29,786 middleware 9 140267382367936 CSRF cookie token (first 6): vtnSTu...
INFO 2025-06-16 13:36:29,794 auth 9 140267382367936 Р—Р°РїСЂРѕСЃ CSRF С‚РѕРєРµРЅР°
INFO 2025-06-16 13:36:29,794 auth 9 140267382367936 CSRF Р·Р°РїСЂРѕСЃ РѕС‚ Origin: Unknown, Referer: http://localhost/admin/login
DEBUG 2025-06-16 13:36:29,795 auth 9 140267382367936 User-Agent: Mozilla/5.0 (Windows NT 10.0; Win64; x64) AppleWebKit/537.36 (KHTML, like Gecko) Chrome/137.0.0.0 Safari/537.36
INFO 2025-06-16 13:36:29,795 auth 9 140267382367936 CSRF С‚РѕРєРµРЅ СЃРіРµРЅРµСЂРёСЂРѕРІР°РЅ: m7IhrZ... (РїРµСЂРІС‹Рµ 6 СЃРёРјРІРѕР»РѕРІ)
DEBUG 2025-06-16 13:36:29,795 auth 9 140267382367936 РќР°СЃС‚СЂРѕР№РєРё CSRF cookie: {'csrf_cookie': {'name': 'csrftoken', 'secure': False, 'httponly': False, 'samesite': 'Lax'}}
INFO 2025-06-16 13:36:29,796 basehttp 9 140267382367936 "GET /api/auth/csrf/ HTTP/1.0" 200 58
DEBUG 2025-06-16 13:36:41,199 middleware 9 140267382367936 Request from origin: 
DEBUG 2025-06-16 13:36:41,199 middleware 9 140267382367936 CSRF Processing path: api/auth/csrf/, Method: GET
DEBUG 2025-06-16 13:36:41,200 middleware 9 140267382367936 CSRF token in cookie: True
DEBUG 2025-06-16 13:36:41,200 middleware 9 140267382367936 CSRF token in header: False
DEBUG 2025-06-16 13:36:41,200 middleware 9 140267382367936 CSRF cookie token (first 6): vtnSTu...
INFO 2025-06-16 13:36:41,207 auth 9 140267382367936 Р—Р°РїСЂРѕСЃ CSRF С‚РѕРєРµРЅР°
INFO 2025-06-16 13:36:41,208 auth 9 140267382367936 CSRF Р·Р°РїСЂРѕСЃ РѕС‚ Origin: Unknown, Referer: http://localhost/admin/login
DEBUG 2025-06-16 13:36:41,208 auth 9 140267382367936 User-Agent: Mozilla/5.0 (Windows NT 10.0; Win64; x64) AppleWebKit/537.36 (KHTML, like Gecko) Chrome/137.0.0.0 Safari/537.36
INFO 2025-06-16 13:36:41,208 auth 9 140267382367936 CSRF С‚РѕРєРµРЅ СЃРіРµРЅРµСЂРёСЂРѕРІР°РЅ: jMW8PR... (РїРµСЂРІС‹Рµ 6 СЃРёРјРІРѕР»РѕРІ)
DEBUG 2025-06-16 13:36:41,209 auth 9 140267382367936 РќР°СЃС‚СЂРѕР№РєРё CSRF cookie: {'csrf_cookie': {'name': 'csrftoken', 'secure': False, 'httponly': False, 'samesite': 'Lax'}}
INFO 2025-06-16 13:36:41,209 basehttp 9 140267382367936 "GET /api/auth/csrf/ HTTP/1.0" 200 58
DEBUG 2025-06-16 13:36:41,988 middleware 9 140267382367936 Request from origin: 
DEBUG 2025-06-16 13:36:41,988 middleware 9 140267382367936 CSRF Processing path: api/auth/csrf/, Method: GET
DEBUG 2025-06-16 13:36:41,989 middleware 9 140267382367936 CSRF token in cookie: True
DEBUG 2025-06-16 13:36:41,989 middleware 9 140267382367936 CSRF token in header: False
DEBUG 2025-06-16 13:36:41,989 middleware 9 140267382367936 CSRF cookie token (first 6): vtnSTu...
INFO 2025-06-16 13:36:41,995 auth 9 140267382367936 Р—Р°РїСЂРѕСЃ CSRF С‚РѕРєРµРЅР°
INFO 2025-06-16 13:36:41,995 auth 9 140267382367936 CSRF Р·Р°РїСЂРѕСЃ РѕС‚ Origin: Unknown, Referer: http://localhost/admin/login
DEBUG 2025-06-16 13:36:41,996 auth 9 140267382367936 User-Agent: Mozilla/5.0 (Windows NT 10.0; Win64; x64) AppleWebKit/537.36 (KHTML, like Gecko) Chrome/137.0.0.0 Safari/537.36
INFO 2025-06-16 13:36:41,996 auth 9 140267382367936 CSRF С‚РѕРєРµРЅ СЃРіРµРЅРµСЂРёСЂРѕРІР°РЅ: q46Bkz... (РїРµСЂРІС‹Рµ 6 СЃРёРјРІРѕР»РѕРІ)
DEBUG 2025-06-16 13:36:41,996 auth 9 140267382367936 РќР°СЃС‚СЂРѕР№РєРё CSRF cookie: {'csrf_cookie': {'name': 'csrftoken', 'secure': False, 'httponly': False, 'samesite': 'Lax'}}
INFO 2025-06-16 13:36:41,997 basehttp 9 140267382367936 "GET /api/auth/csrf/ HTTP/1.0" 200 58
DEBUG 2025-06-16 13:36:42,293 middleware 9 140267382367936 Request from origin: 
DEBUG 2025-06-16 13:36:42,293 middleware 9 140267382367936 CSRF Processing path: api/auth/csrf/, Method: GET
DEBUG 2025-06-16 13:36:42,294 middleware 9 140267382367936 CSRF token in cookie: True
DEBUG 2025-06-16 13:36:42,294 middleware 9 140267382367936 CSRF token in header: False
DEBUG 2025-06-16 13:36:42,294 middleware 9 140267382367936 CSRF cookie token (first 6): vtnSTu...
INFO 2025-06-16 13:36:42,300 auth 9 140267382367936 Р—Р°РїСЂРѕСЃ CSRF С‚РѕРєРµРЅР°
INFO 2025-06-16 13:36:42,300 auth 9 140267382367936 CSRF Р·Р°РїСЂРѕСЃ РѕС‚ Origin: Unknown, Referer: http://localhost/admin/login
DEBUG 2025-06-16 13:36:42,301 auth 9 140267382367936 User-Agent: Mozilla/5.0 (Windows NT 10.0; Win64; x64) AppleWebKit/537.36 (KHTML, like Gecko) Chrome/137.0.0.0 Safari/537.36
INFO 2025-06-16 13:36:42,301 auth 9 140267382367936 CSRF С‚РѕРєРµРЅ СЃРіРµРЅРµСЂРёСЂРѕРІР°РЅ: tBlDz5... (РїРµСЂРІС‹Рµ 6 СЃРёРјРІРѕР»РѕРІ)
DEBUG 2025-06-16 13:36:42,301 auth 9 140267382367936 РќР°СЃС‚СЂРѕР№РєРё CSRF cookie: {'csrf_cookie': {'name': 'csrftoken', 'secure': False, 'httponly': False, 'samesite': 'Lax'}}
INFO 2025-06-16 13:36:42,302 basehttp 9 140267382367936 "GET /api/auth/csrf/ HTTP/1.0" 200 58
DEBUG 2025-06-16 13:36:42,597 middleware 9 140267382367936 Request from origin: http://localhost
DEBUG 2025-06-16 13:36:42,597 middleware 9 140267382367936 CSRF Processing path: api/auth/login/, Method: POST
DEBUG 2025-06-16 13:36:42,597 middleware 9 140267382367936 CSRF token in cookie: True
DEBUG 2025-06-16 13:36:42,598 middleware 9 140267382367936 CSRF token in header: True
DEBUG 2025-06-16 13:36:42,598 middleware 9 140267382367936 CSRF cookie token (first 6): vtnSTu...
DEBUG 2025-06-16 13:36:42,598 middleware 9 140267382367936 CSRF header token (first 6): vtnSTu...
INFO 2025-06-16 13:36:42,604 auth 9 140267382367936 РџРѕРїС‹С‚РєР° РІС…РѕРґР° СЃ email: hello@gmail.com
DEBUG 2025-06-16 13:36:42,604 auth 9 140267382367936 Р—Р°РїСЂРѕСЃ РІС…РѕРґР°: {'email': 'hello@gmail.com', 'password': 'A166DB70'}
INFO 2025-06-16 13:36:42,604 auth 9 140267382367936 CSRF С‚РѕРєРµРЅ РІ Р·Р°РіРѕР»РѕРІРєРµ: vtnSTu...
INFO 2025-06-16 13:36:42,604 auth 9 140267382367936 Origin Р·Р°РіРѕР»РѕРІРѕРє: http://localhost
INFO 2025-06-16 13:36:42,605 auth 9 140267382367936 HTTP РјРµС‚РѕРґ: POST
INFO 2025-06-16 13:36:42,605 auth 9 140267382367936 Content-Type: application/json
INFO 2025-06-16 13:36:42,605 auth 9 140267382367936 Cookies: {'sessionid': 'l25tdodhiwo6k9n3dtd6plahvpryo2bw', 'csrftoken': 'vtnSTu6DmtDWxrULuTgIsQ6iKOz0hmSd'}
INFO 2025-06-16 13:36:42,605 auth 9 140267382367936 HTTP_X_CSRFTOKEN: vtnSTu...
INFO 2025-06-16 13:36:42,606 auth 9 140267382367936 Cookie CSRF: vtnSTu...
INFO 2025-06-16 13:36:42,606 auth 9 140267382367936 CSRF С‚РѕРєРµРЅС‹ СЃРѕРІРїР°РґР°СЋС‚: True
INFO 2025-06-16 13:36:42,607 auth 9 140267382367936 РџСЂРѕРІРµСЂРєР° СѓС‡РµС‚РЅРѕР№ Р·Р°РїРёСЃРё: hello@gmail.com
WARNING 2025-06-16 13:36:42,752 auth 9 140267382367936 РќРµРІРµСЂРЅС‹Р№ РїР°СЂРѕР»СЊ РґР»СЏ РїРѕР»СЊР·РѕРІР°С‚РµР»СЏ hello@gmail.com
WARNING 2025-06-16 13:36:42,753 log 9 140267382367936 Unauthorized: /api/auth/login/
WARNING 2025-06-16 13:36:42,754 basehttp 9 140267382367936 "POST /api/auth/login/ HTTP/1.0" 401 56
DEBUG 2025-06-16 13:36:43,660 middleware 9 140267382367936 Request from origin: 
DEBUG 2025-06-16 13:36:43,660 middleware 9 140267382367936 CSRF Processing path: api/auth/csrf/, Method: GET
DEBUG 2025-06-16 13:36:43,661 middleware 9 140267382367936 CSRF token in cookie: True
DEBUG 2025-06-16 13:36:43,661 middleware 9 140267382367936 CSRF token in header: False
DEBUG 2025-06-16 13:36:43,661 middleware 9 140267382367936 CSRF cookie token (first 6): vtnSTu...
INFO 2025-06-16 13:36:43,667 auth 9 140267382367936 Р—Р°РїСЂРѕСЃ CSRF С‚РѕРєРµРЅР°
INFO 2025-06-16 13:36:43,668 auth 9 140267382367936 CSRF Р·Р°РїСЂРѕСЃ РѕС‚ Origin: Unknown, Referer: http://localhost/admin/login
DEBUG 2025-06-16 13:36:43,668 auth 9 140267382367936 User-Agent: Mozilla/5.0 (Windows NT 10.0; Win64; x64) AppleWebKit/537.36 (KHTML, like Gecko) Chrome/137.0.0.0 Safari/537.36
INFO 2025-06-16 13:36:43,668 auth 9 140267382367936 CSRF С‚РѕРєРµРЅ СЃРіРµРЅРµСЂРёСЂРѕРІР°РЅ: Q2ijeY... (РїРµСЂРІС‹Рµ 6 СЃРёРјРІРѕР»РѕРІ)
DEBUG 2025-06-16 13:36:43,668 auth 9 140267382367936 РќР°СЃС‚СЂРѕР№РєРё CSRF cookie: {'csrf_cookie': {'name': 'csrftoken', 'secure': False, 'httponly': False, 'samesite': 'Lax'}}
INFO 2025-06-16 13:36:43,669 basehttp 9 140267382367936 "GET /api/auth/csrf/ HTTP/1.0" 200 58
DEBUG 2025-06-16 13:36:44,446 middleware 9 140267382367936 Request from origin: 
DEBUG 2025-06-16 13:36:44,446 middleware 9 140267382367936 CSRF Processing path: api/auth/csrf/, Method: GET
DEBUG 2025-06-16 13:36:44,446 middleware 9 140267382367936 CSRF token in cookie: True
DEBUG 2025-06-16 13:36:44,447 middleware 9 140267382367936 CSRF token in header: False
DEBUG 2025-06-16 13:36:44,447 middleware 9 140267382367936 CSRF cookie token (first 6): vtnSTu...
INFO 2025-06-16 13:36:44,453 auth 9 140267382367936 Р—Р°РїСЂРѕСЃ CSRF С‚РѕРєРµРЅР°
INFO 2025-06-16 13:36:44,453 auth 9 140267382367936 CSRF Р·Р°РїСЂРѕСЃ РѕС‚ Origin: Unknown, Referer: http://localhost/admin/login
DEBUG 2025-06-16 13:36:44,454 auth 9 140267382367936 User-Agent: Mozilla/5.0 (Windows NT 10.0; Win64; x64) AppleWebKit/537.36 (KHTML, like Gecko) Chrome/137.0.0.0 Safari/537.36
INFO 2025-06-16 13:36:44,454 auth 9 140267382367936 CSRF С‚РѕРєРµРЅ СЃРіРµРЅРµСЂРёСЂРѕРІР°РЅ: L53TWA... (РїРµСЂРІС‹Рµ 6 СЃРёРјРІРѕР»РѕРІ)
DEBUG 2025-06-16 13:36:44,454 auth 9 140267382367936 РќР°СЃС‚СЂРѕР№РєРё CSRF cookie: {'csrf_cookie': {'name': 'csrftoken', 'secure': False, 'httponly': False, 'samesite': 'Lax'}}
INFO 2025-06-16 13:36:44,455 basehttp 9 140267382367936 "GET /api/auth/csrf/ HTTP/1.0" 200 58
DEBUG 2025-06-16 13:36:44,756 middleware 9 140267382367936 Request from origin: 
DEBUG 2025-06-16 13:36:44,757 middleware 9 140267382367936 CSRF Processing path: api/auth/csrf/, Method: GET
DEBUG 2025-06-16 13:36:44,757 middleware 9 140267382367936 CSRF token in cookie: True
DEBUG 2025-06-16 13:36:44,758 middleware 9 140267382367936 CSRF token in header: False
DEBUG 2025-06-16 13:36:44,758 middleware 9 140267382367936 CSRF cookie token (first 6): vtnSTu...
INFO 2025-06-16 13:36:44,763 auth 9 140267382367936 Р—Р°РїСЂРѕСЃ CSRF С‚РѕРєРµРЅР°
INFO 2025-06-16 13:36:44,763 auth 9 140267382367936 CSRF Р·Р°РїСЂРѕСЃ РѕС‚ Origin: Unknown, Referer: http://localhost/admin/login
DEBUG 2025-06-16 13:36:44,764 auth 9 140267382367936 User-Agent: Mozilla/5.0 (Windows NT 10.0; Win64; x64) AppleWebKit/537.36 (KHTML, like Gecko) Chrome/137.0.0.0 Safari/537.36
INFO 2025-06-16 13:36:44,764 auth 9 140267382367936 CSRF С‚РѕРєРµРЅ СЃРіРµРЅРµСЂРёСЂРѕРІР°РЅ: FAjJem... (РїРµСЂРІС‹Рµ 6 СЃРёРјРІРѕР»РѕРІ)
DEBUG 2025-06-16 13:36:44,764 auth 9 140267382367936 РќР°СЃС‚СЂРѕР№РєРё CSRF cookie: {'csrf_cookie': {'name': 'csrftoken', 'secure': False, 'httponly': False, 'samesite': 'Lax'}}
INFO 2025-06-16 13:36:44,765 basehttp 9 140267382367936 "GET /api/auth/csrf/ HTTP/1.0" 200 58
DEBUG 2025-06-16 13:36:45,062 middleware 9 140267382367936 Request from origin: http://localhost
DEBUG 2025-06-16 13:36:45,063 middleware 9 140267382367936 CSRF Processing path: api/auth/login/, Method: POST
DEBUG 2025-06-16 13:36:45,063 middleware 9 140267382367936 CSRF token in cookie: True
DEBUG 2025-06-16 13:36:45,064 middleware 9 140267382367936 CSRF token in header: True
DEBUG 2025-06-16 13:36:45,064 middleware 9 140267382367936 CSRF cookie token (first 6): vtnSTu...
DEBUG 2025-06-16 13:36:45,064 middleware 9 140267382367936 CSRF header token (first 6): vtnSTu...
INFO 2025-06-16 13:36:45,070 auth 9 140267382367936 РџРѕРїС‹С‚РєР° РІС…РѕРґР° СЃ email: hello@gmail.com
DEBUG 2025-06-16 13:36:45,070 auth 9 140267382367936 Р—Р°РїСЂРѕСЃ РІС…РѕРґР°: {'email': 'hello@gmail.com', 'password': 'A166DB701'}
INFO 2025-06-16 13:36:45,070 auth 9 140267382367936 CSRF С‚РѕРєРµРЅ РІ Р·Р°РіРѕР»РѕРІРєРµ: vtnSTu...
INFO 2025-06-16 13:36:45,070 auth 9 140267382367936 Origin Р·Р°РіРѕР»РѕРІРѕРє: http://localhost
INFO 2025-06-16 13:36:45,070 auth 9 140267382367936 HTTP РјРµС‚РѕРґ: POST
INFO 2025-06-16 13:36:45,071 auth 9 140267382367936 Content-Type: application/json
INFO 2025-06-16 13:36:45,071 auth 9 140267382367936 Cookies: {'sessionid': 'l25tdodhiwo6k9n3dtd6plahvpryo2bw', 'csrftoken': 'vtnSTu6DmtDWxrULuTgIsQ6iKOz0hmSd'}
INFO 2025-06-16 13:36:45,071 auth 9 140267382367936 HTTP_X_CSRFTOKEN: vtnSTu...
INFO 2025-06-16 13:36:45,071 auth 9 140267382367936 Cookie CSRF: vtnSTu...
INFO 2025-06-16 13:36:45,071 auth 9 140267382367936 CSRF С‚РѕРєРµРЅС‹ СЃРѕРІРїР°РґР°СЋС‚: True
INFO 2025-06-16 13:36:45,073 auth 9 140267382367936 РџСЂРѕРІРµСЂРєР° СѓС‡РµС‚РЅРѕР№ Р·Р°РїРёСЃРё: hello@gmail.com
INFO 2025-06-16 13:36:45,239 auth 9 140267382367936 РЈСЃРїРµС€РЅС‹Р№ РІС…РѕРґ РїРѕР»СЊР·РѕРІР°С‚РµР»СЏ: Hello
INFO 2025-06-16 13:36:45,243 auth 9 140267382367936 РџРѕР»СЊР·РѕРІР°С‚РµР»СЊ Hello СЏРІР»СЏРµС‚СЃСЏ РІР»Р°РґРµР»СЊС†РµРј СЂРµСЃС‚РѕСЂР°РЅР° Aliya
INFO 2025-06-16 13:36:45,243 auth 9 140267382367936 Р”Р°РЅРЅС‹Рµ РґР»СЏ РѕС‚РїСЂР°РІРєРё: {'id': 2, 'email': 'hello@gmail.com', 'name': 'Hello', 'cafe_id': 1, 'role': 'owner'}
INFO 2025-06-16 13:36:45,254 basehttp 9 140267382367936 "POST /api/auth/login/ HTTP/1.0" 200 76
DEBUG 2025-06-16 13:36:45,268 middleware 9 140267382367936 Request from origin: 
INFO 2025-06-16 13:36:45,282 basehttp 9 140267382367936 "GET /api/cafes/1/ HTTP/1.0" 200 442
DEBUG 2025-06-16 13:36:45,287 middleware 9 140267382367936 Request from origin: 
INFO 2025-06-16 13:36:45,305 basehttp 9 140267382367936 "GET /api/cafes/1/statistics/ HTTP/1.0" 200 87
DEBUG 2025-06-16 13:36:45,309 middleware 9 140267382367936 Request from origin: 
INFO 2025-06-16 13:36:45,327 basehttp 9 140267382367936 "GET /api/orders/?cafe=1 HTTP/1.0" 200 273
DEBUG 2025-06-16 13:36:51,940 middleware 9 140267382367936 Request from origin: 
DEBUG 2025-06-16 13:36:51,948 middleware 9 140267373713088 Request from origin: 
INFO 2025-06-16 13:36:51,952 views 9 140267382367936 Health check Р·Р°РїСЂРѕСЃ РѕС‚ 172.18.0.3: ok
INFO 2025-06-16 13:36:51,954 basehttp 9 140267382367936 "GET /api/health/ HTTP/1.0" 200 245
DEBUG 2025-06-16 13:36:51,959 middleware 9 140267382367936 Request from origin: 
INFO 2025-06-16 13:36:51,967 basehttp 9 140267373713088 "GET /api/cafes/1/ HTTP/1.0" 200 442
INFO 2025-06-16 13:36:51,975 basehttp 9 140267382367936 "GET /api/cities/ HTTP/1.0" 200 168
DEBUG 2025-06-16 13:36:51,985 middleware 9 140267382367936 Request from origin: 
DEBUG 2025-06-16 13:36:51,986 middleware 9 140267373713088 Request from origin: 
INFO 2025-06-16 13:36:52,001 basehttp 9 140267382367936 "GET /api/cafes/?city=1&t=1750081012405 HTTP/1.0" 200 494
DEBUG 2025-06-16 13:36:52,007 middleware 9 140267382367936 Request from origin: 
INFO 2025-06-16 13:36:52,011 basehttp 9 140267373713088 "GET /api/cafes/1/statistics/ HTTP/1.0" 200 87
DEBUG 2025-06-16 13:36:52,015 middleware 9 140267373713088 Request from origin: 
DEBUG 2025-06-16 13:36:52,022 views 9 140267382367936 Menu item: РЁСѓСЂРїР°, image: 'http://localhost:8000/media/menu_items/1ef19980-8e08-45b7-aff2-5292b5797aa9_kJopm0u.jpeg', image_full_url: 'http://localhost:8000/media/menu_items/1ef19980-8e08-45b7-aff2-5292b5797aa9_kJopm0u.jpeg'
INFO 2025-06-16 13:36:52,024 basehttp 9 140267382367936 "GET /api/menu-items/?cafe=1 HTTP/1.0" 200 471
INFO 2025-06-16 13:36:52,035 basehttp 9 140267373713088 "GET /api/orders/?cafe=1 HTTP/1.0" 200 273
DEBUG 2025-06-16 13:37:17,113 middleware 9 140267373713088 Request from origin: 
DEBUG 2025-06-16 13:37:17,123 middleware 9 140267382367936 Request from origin: 
INFO 2025-06-16 13:37:17,125 views 9 140267373713088 Health check Р·Р°РїСЂРѕСЃ РѕС‚ 172.18.0.3: ok
INFO 2025-06-16 13:37:17,126 basehttp 9 140267373713088 "GET /api/health/ HTTP/1.0" 200 244
INFO 2025-06-16 13:37:17,138 basehttp 9 140267382367936 "GET /api/cafes/1/ HTTP/1.0" 200 442
DEBUG 2025-06-16 13:37:17,155 middleware 9 140267382367936 Request from origin: 
DEBUG 2025-06-16 13:37:17,156 middleware 9 140267373713088 Request from origin: 
INFO 2025-06-16 13:37:17,168 basehttp 9 140267373713088 "GET /api/cities/ HTTP/1.0" 200 168
DEBUG 2025-06-16 13:37:17,173 middleware 9 140267373713088 Request from origin: 
INFO 2025-06-16 13:37:17,173 basehttp 9 140267382367936 "GET /api/cafes/1/statistics/ HTTP/1.0" 200 87
DEBUG 2025-06-16 13:37:17,178 middleware 9 140267382367936 Request from origin: 
INFO 2025-06-16 13:37:17,189 basehttp 9 140267373713088 "GET /api/cafes/?city=1&t=1750081037697 HTTP/1.0" 200 494
DEBUG 2025-06-16 13:37:17,193 middleware 9 140267373713088 Request from origin: 
INFO 2025-06-16 13:37:17,197 basehttp 9 140267382367936 "GET /api/orders/?cafe=1 HTTP/1.0" 200 273
DEBUG 2025-06-16 13:37:17,207 views 9 140267373713088 Menu item: РЁСѓСЂРїР°, image: 'http://localhost:8000/media/menu_items/1ef19980-8e08-45b7-aff2-5292b5797aa9_kJopm0u.jpeg', image_full_url: 'http://localhost:8000/media/menu_items/1ef19980-8e08-45b7-aff2-5292b5797aa9_kJopm0u.jpeg'
INFO 2025-06-16 13:37:17,208 basehttp 9 140267373713088 "GET /api/menu-items/?cafe=1 HTTP/1.0" 200 471
DEBUG 2025-06-16 13:37:17,622 middleware 9 140267373713088 Request from origin: 
DEBUG 2025-06-16 13:37:17,627 middleware 9 140267382367936 Request from origin: 
INFO 2025-06-16 13:37:17,634 views 9 140267373713088 Health check Р·Р°РїСЂРѕСЃ РѕС‚ 172.18.0.3: ok
INFO 2025-06-16 13:37:17,636 basehttp 9 140267373713088 "GET /api/health/ HTTP/1.0" 200 245
INFO 2025-06-16 13:37:17,642 basehttp 9 140267382367936 "GET /api/cafes/1/ HTTP/1.0" 200 442
DEBUG 2025-06-16 13:37:17,658 middleware 9 140267382367936 Request from origin: 
DEBUG 2025-06-16 13:37:17,659 middleware 9 140267373713088 Request from origin: 
INFO 2025-06-16 13:37:17,672 basehttp 9 140267373713088 "GET /api/cities/ HTTP/1.0" 200 168
DEBUG 2025-06-16 13:37:17,677 middleware 9 140267373713088 Request from origin: 
INFO 2025-06-16 13:37:17,678 basehttp 9 140267382367936 "GET /api/cafes/1/statistics/ HTTP/1.0" 200 87
DEBUG 2025-06-16 13:37:17,682 middleware 9 140267382367936 Request from origin: 
INFO 2025-06-16 13:37:17,694 basehttp 9 140267373713088 "GET /api/cafes/?city=1&t=1750081038201 HTTP/1.0" 200 494
DEBUG 2025-06-16 13:37:17,698 middleware 9 140267373713088 Request from origin: 
INFO 2025-06-16 13:37:17,703 basehttp 9 140267382367936 "GET /api/orders/?cafe=1 HTTP/1.0" 200 273
DEBUG 2025-06-16 13:37:17,712 views 9 140267373713088 Menu item: РЁСѓСЂРїР°, image: 'http://localhost:8000/media/menu_items/1ef19980-8e08-45b7-aff2-5292b5797aa9_kJopm0u.jpeg', image_full_url: 'http://localhost:8000/media/menu_items/1ef19980-8e08-45b7-aff2-5292b5797aa9_kJopm0u.jpeg'
INFO 2025-06-16 13:37:17,713 basehttp 9 140267373713088 "GET /api/menu-items/?cafe=1 HTTP/1.0" 200 471
INFO 2025-06-16 21:42:25,694 autoreload 17156 26280 Watching for file changes with StatReloader
INFO 2025-06-16 21:42:26,240 middleware 17156 22692 CORS Middleware initialized with allowed origins: ['http://localhost', 'http://localhost:3000', 'http://localhost:80', 'http://127.0.0.1', 'http://127.0.0.1:3000', 'http://127.0.0.1:80', 'http://frontend', 'http://localhost:3001', 'http://127.0.0.1:3001', 'http://localhost:8000', 'http://127.0.0.1:8000', 'https://ec4db675c64c9f.lhr.life']
INFO 2025-06-16 21:42:26,241 middleware 17156 22692 Custom CSRF Middleware initialized with exempt paths: ['/api/auth/login/', '/api/auth/csrf/']
DEBUG 2025-06-16 21:42:38,996 middleware 17156 21776 Request from origin: http://localhost:3000
INFO 2025-06-16 21:42:39,001 views 17156 21776 Health check запрос от 127.0.0.1: ok
INFO 2025-06-16 21:42:39,002 basehttp 17156 21776 "GET /api/health/ HTTP/1.1" 200 249
DEBUG 2025-06-16 21:42:39,004 middleware 17156 15344 Request from origin: http://localhost:3000
INFO 2025-06-16 21:42:39,006 views 17156 15344 Health check запрос от 127.0.0.1: ok
INFO 2025-06-16 21:42:39,007 basehttp 17156 15344 "GET /api/health/ HTTP/1.1" 200 251
DEBUG 2025-06-16 21:42:39,009 middleware 17156 15344 Request from origin: http://localhost:3000
INFO 2025-06-16 21:42:39,015 basehttp 17156 15344 "GET /api/cities/ HTTP/1.1" 200 168
DEBUG 2025-06-16 21:42:39,016 middleware 17156 21776 Request from origin: http://localhost:3000
INFO 2025-06-16 21:42:39,019 basehttp 17156 21776 "GET /api/cities/ HTTP/1.1" 200 168
DEBUG 2025-06-16 21:42:39,037 middleware 17156 21776 Request from origin: http://localhost:3000
DEBUG 2025-06-16 21:42:39,038 middleware 17156 15344 Request from origin: http://localhost:3000
INFO 2025-06-16 21:42:39,047 basehttp 17156 15344 "GET /api/cafes/?city=1&t=1750081359036 HTTP/1.1" 200 499
DEBUG 2025-06-16 21:42:39,050 middleware 17156 15344 Request from origin: http://localhost:3000
DEBUG 2025-06-16 21:42:39,053 views 17156 15344 Menu item: Шурпа, image: 'http://localhost:8000/media/menu_items/1ef19980-8e08-45b7-aff2-5292b5797aa9_kJopm0u.jpeg', image_full_url: 'http://localhost:8000/media/menu_items/1ef19980-8e08-45b7-aff2-5292b5797aa9_kJopm0u.jpeg'
INFO 2025-06-16 21:42:39,054 basehttp 17156 15344 "GET /api/menu-items/?cafe=1 HTTP/1.1" 200 471
INFO 2025-06-16 21:42:39,061 basehttp 17156 21776 "GET /api/cafes/?city=1&t=1750081359035 HTTP/1.1" 200 499
DEBUG 2025-06-16 21:42:40,101 middleware 17156 21776 Request from origin: http://localhost:3000
INFO 2025-06-16 21:42:40,105 basehttp 17156 21776 "GET /api/cafes/?city=1&t=1750081360099 HTTP/1.1" 200 499
DEBUG 2025-06-16 21:42:40,106 middleware 17156 15344 Request from origin: http://localhost:3000
INFO 2025-06-16 21:42:40,110 basehttp 17156 15344 "GET /api/cafes/?city=1&t=1750081360099 HTTP/1.1" 200 499
DEBUG 2025-06-16 21:42:40,124 middleware 17156 15344 Request from origin: 
INFO 2025-06-16 21:42:40,155 basehttp 17156 15344 "GET /media/cafe_covers/XXXL_1_1_ENDyb7O.webp?t=1750081360086 HTTP/1.1" 200 100380
DEBUG 2025-06-16 21:42:41,271 middleware 17156 3928 Request from origin: http://localhost:3000
WARNING 2025-06-16 21:42:41,273 base 17156 3928 Session data corrupted
DEBUG 2025-06-16 21:42:41,276 views 17156 3928 Menu item: Шурпа, image: 'http://localhost:8000/media/menu_items/1ef19980-8e08-45b7-aff2-5292b5797aa9_kJopm0u.jpeg', image_full_url: 'http://localhost:8000/media/menu_items/1ef19980-8e08-45b7-aff2-5292b5797aa9_kJopm0u.jpeg'
INFO 2025-06-16 21:42:41,276 basehttp 17156 3928 "GET /api/menu-items/?cafe=1 HTTP/1.1" 200 471
DEBUG 2025-06-16 21:42:41,278 middleware 17156 3928 Request from origin: http://localhost:3000
WARNING 2025-06-16 21:42:41,280 base 17156 3928 Session data corrupted
DEBUG 2025-06-16 21:42:41,282 views 17156 3928 Menu item: Шурпа, image: 'http://localhost:8000/media/menu_items/1ef19980-8e08-45b7-aff2-5292b5797aa9_kJopm0u.jpeg', image_full_url: 'http://localhost:8000/media/menu_items/1ef19980-8e08-45b7-aff2-5292b5797aa9_kJopm0u.jpeg'
INFO 2025-06-16 21:42:41,283 basehttp 17156 3928 "GET /api/menu-items/?cafe=1 HTTP/1.1" 200 471
DEBUG 2025-06-16 21:42:53,065 middleware 17156 3928 Request from origin: http://localhost:3000
WARNING 2025-06-16 21:42:53,067 base 17156 3928 Session data corrupted
DEBUG 2025-06-16 21:42:53,070 views 17156 3928 Menu item: Шурпа, image: 'http://localhost:8000/media/menu_items/1ef19980-8e08-45b7-aff2-5292b5797aa9_kJopm0u.jpeg', image_full_url: 'http://localhost:8000/media/menu_items/1ef19980-8e08-45b7-aff2-5292b5797aa9_kJopm0u.jpeg'
INFO 2025-06-16 21:42:53,071 basehttp 17156 3928 "GET /api/menu-items/?cafe=1 HTTP/1.1" 200 471
DEBUG 2025-06-16 21:42:53,072 middleware 17156 12420 Request from origin: http://localhost:3000
WARNING 2025-06-16 21:42:53,074 base 17156 12420 Session data corrupted
DEBUG 2025-06-16 21:42:53,077 views 17156 12420 Menu item: Шурпа, image: 'http://localhost:8000/media/menu_items/1ef19980-8e08-45b7-aff2-5292b5797aa9_kJopm0u.jpeg', image_full_url: 'http://localhost:8000/media/menu_items/1ef19980-8e08-45b7-aff2-5292b5797aa9_kJopm0u.jpeg'
INFO 2025-06-16 21:42:53,078 basehttp 17156 12420 "GET /api/menu-items/?cafe=1 HTTP/1.1" 200 471
DEBUG 2025-06-16 21:42:57,869 middleware 17156 15344 Request from origin: http://localhost:3000
INFO 2025-06-16 21:42:57,871 views 17156 15344 Health check запрос от 127.0.0.1: ok
INFO 2025-06-16 21:42:57,872 basehttp 17156 15344 "GET /api/health/ HTTP/1.1" 200 250
DEBUG 2025-06-16 21:42:57,873 middleware 17156 21776 Request from origin: http://localhost:3000
INFO 2025-06-16 21:42:57,875 views 17156 21776 Health check запрос от 127.0.0.1: ok
INFO 2025-06-16 21:42:57,875 basehttp 17156 21776 "GET /api/health/ HTTP/1.1" 200 251
DEBUG 2025-06-16 21:42:57,880 middleware 17156 21776 Request from origin: http://localhost:3000
INFO 2025-06-16 21:42:57,883 basehttp 17156 21776 "GET /api/cities/ HTTP/1.1" 200 168
DEBUG 2025-06-16 21:42:57,884 middleware 17156 15344 Request from origin: http://localhost:3000
DEBUG 2025-06-16 21:42:57,887 middleware 17156 21776 Request from origin: http://localhost:3000
INFO 2025-06-16 21:42:57,888 basehttp 17156 15344 "GET /api/cities/ HTTP/1.1" 200 168
DEBUG 2025-06-16 21:42:57,891 middleware 17156 15344 Request from origin: http://localhost:3000
INFO 2025-06-16 21:42:57,894 basehttp 17156 21776 "GET /api/cafes/?city=1&t=1750081377885 HTTP/1.1" 200 499
INFO 2025-06-16 21:42:57,897 basehttp 17156 15344 "GET /api/cafes/?city=1&t=1750081377889 HTTP/1.1" 200 499
DEBUG 2025-06-16 21:42:57,904 middleware 17156 15344 Request from origin: http://localhost:3000
DEBUG 2025-06-16 21:42:57,908 views 17156 15344 Menu item: Шурпа, image: 'http://localhost:8000/media/menu_items/1ef19980-8e08-45b7-aff2-5292b5797aa9_kJopm0u.jpeg', image_full_url: 'http://localhost:8000/media/menu_items/1ef19980-8e08-45b7-aff2-5292b5797aa9_kJopm0u.jpeg'
INFO 2025-06-16 21:42:57,908 basehttp 17156 15344 "GET /api/menu-items/?cafe=1 HTTP/1.1" 200 471
DEBUG 2025-06-16 21:42:57,909 middleware 17156 21776 Request from origin: http://localhost:3000
DEBUG 2025-06-16 21:42:57,913 views 17156 21776 Menu item: Шурпа, image: 'http://localhost:8000/media/menu_items/1ef19980-8e08-45b7-aff2-5292b5797aa9_kJopm0u.jpeg', image_full_url: 'http://localhost:8000/media/menu_items/1ef19980-8e08-45b7-aff2-5292b5797aa9_kJopm0u.jpeg'
INFO 2025-06-16 21:42:57,914 basehttp 17156 21776 "GET /api/menu-items/?cafe=1 HTTP/1.1" 200 471
DEBUG 2025-06-16 21:42:58,619 middleware 17156 12420 Request from origin: http://localhost:3000
DEBUG 2025-06-16 21:42:58,619 middleware 17156 12420 CSRF Processing path: api/auth/csrf/, Method: GET
DEBUG 2025-06-16 21:42:58,619 middleware 17156 12420 CSRF token in cookie: True
DEBUG 2025-06-16 21:42:58,619 middleware 17156 12420 CSRF token in header: False
DEBUG 2025-06-16 21:42:58,619 middleware 17156 12420 CSRF cookie token (first 6): xNcY5Z...
WARNING 2025-06-16 21:42:58,621 base 17156 12420 Session data corrupted
INFO 2025-06-16 21:42:58,622 auth 17156 12420 Запрос CSRF токена
INFO 2025-06-16 21:42:58,622 auth 17156 12420 CSRF запрос от Origin: http://localhost:3000, Referer: http://localhost:3000/
DEBUG 2025-06-16 21:42:58,622 auth 17156 12420 User-Agent: Mozilla/5.0 (Windows NT 10.0; Win64; x64) AppleWebKit/537.36 (KHTML, like Gecko) Chrome/137.0.0.0 Safari/537.36
INFO 2025-06-16 21:42:58,622 auth 17156 12420 CSRF токен сгенерирован: khsjG4... (первые 6 символов)
DEBUG 2025-06-16 21:42:58,622 auth 17156 12420 Настройки CSRF cookie: {'csrf_cookie': {'name': 'csrftoken', 'secure': False, 'httponly': False, 'samesite': 'Lax'}}
INFO 2025-06-16 21:42:58,623 basehttp 17156 12420 "GET /api/auth/csrf/ HTTP/1.1" 200 58
DEBUG 2025-06-16 21:42:58,624 middleware 17156 3928 Request from origin: http://localhost:3000
DEBUG 2025-06-16 21:42:58,624 middleware 17156 3928 CSRF Processing path: api/auth/csrf/, Method: GET
DEBUG 2025-06-16 21:42:58,624 middleware 17156 3928 CSRF token in cookie: True
DEBUG 2025-06-16 21:42:58,624 middleware 17156 3928 CSRF token in header: False
DEBUG 2025-06-16 21:42:58,624 middleware 17156 3928 CSRF cookie token (first 6): xNcY5Z...
WARNING 2025-06-16 21:42:58,626 base 17156 3928 Session data corrupted
INFO 2025-06-16 21:42:58,626 auth 17156 3928 Запрос CSRF токена
INFO 2025-06-16 21:42:58,626 auth 17156 3928 CSRF запрос от Origin: http://localhost:3000, Referer: http://localhost:3000/
DEBUG 2025-06-16 21:42:58,626 auth 17156 3928 User-Agent: Mozilla/5.0 (Windows NT 10.0; Win64; x64) AppleWebKit/537.36 (KHTML, like Gecko) Chrome/137.0.0.0 Safari/537.36
INFO 2025-06-16 21:42:58,627 auth 17156 3928 CSRF токен сгенерирован: 9JdTAA... (первые 6 символов)
DEBUG 2025-06-16 21:42:58,627 auth 17156 3928 Настройки CSRF cookie: {'csrf_cookie': {'name': 'csrftoken', 'secure': False, 'httponly': False, 'samesite': 'Lax'}}
INFO 2025-06-16 21:42:58,627 basehttp 17156 3928 "GET /api/auth/csrf/ HTTP/1.1" 200 58
DEBUG 2025-06-16 21:43:06,532 middleware 17156 3928 Request from origin: http://localhost:3000
DEBUG 2025-06-16 21:43:06,532 middleware 17156 3928 CSRF Processing path: api/auth/csrf/, Method: GET
DEBUG 2025-06-16 21:43:06,533 middleware 17156 3928 CSRF token in cookie: True
DEBUG 2025-06-16 21:43:06,533 middleware 17156 3928 CSRF token in header: False
DEBUG 2025-06-16 21:43:06,533 middleware 17156 3928 CSRF cookie token (first 6): xNcY5Z...
WARNING 2025-06-16 21:43:06,534 base 17156 3928 Session data corrupted
INFO 2025-06-16 21:43:06,535 auth 17156 3928 Запрос CSRF токена
INFO 2025-06-16 21:43:06,535 auth 17156 3928 CSRF запрос от Origin: http://localhost:3000, Referer: http://localhost:3000/
DEBUG 2025-06-16 21:43:06,535 auth 17156 3928 User-Agent: Mozilla/5.0 (Windows NT 10.0; Win64; x64) AppleWebKit/537.36 (KHTML, like Gecko) Chrome/137.0.0.0 Safari/537.36
INFO 2025-06-16 21:43:06,535 auth 17156 3928 CSRF токен сгенерирован: uv6QFa... (первые 6 символов)
DEBUG 2025-06-16 21:43:06,535 auth 17156 3928 Настройки CSRF cookie: {'csrf_cookie': {'name': 'csrftoken', 'secure': False, 'httponly': False, 'samesite': 'Lax'}}
INFO 2025-06-16 21:43:06,536 basehttp 17156 3928 "GET /api/auth/csrf/ HTTP/1.1" 200 58
DEBUG 2025-06-16 21:43:07,343 middleware 17156 3928 Request from origin: http://localhost:3000
DEBUG 2025-06-16 21:43:07,344 middleware 17156 3928 CSRF Processing path: api/auth/csrf/, Method: GET
DEBUG 2025-06-16 21:43:07,344 middleware 17156 3928 CSRF token in cookie: True
DEBUG 2025-06-16 21:43:07,344 middleware 17156 3928 CSRF token in header: False
DEBUG 2025-06-16 21:43:07,344 middleware 17156 3928 CSRF cookie token (first 6): xNcY5Z...
WARNING 2025-06-16 21:43:07,345 base 17156 3928 Session data corrupted
INFO 2025-06-16 21:43:07,346 auth 17156 3928 Запрос CSRF токена
INFO 2025-06-16 21:43:07,346 auth 17156 3928 CSRF запрос от Origin: http://localhost:3000, Referer: http://localhost:3000/
DEBUG 2025-06-16 21:43:07,346 auth 17156 3928 User-Agent: Mozilla/5.0 (Windows NT 10.0; Win64; x64) AppleWebKit/537.36 (KHTML, like Gecko) Chrome/137.0.0.0 Safari/537.36
INFO 2025-06-16 21:43:07,346 auth 17156 3928 CSRF токен сгенерирован: DCnYGV... (первые 6 символов)
DEBUG 2025-06-16 21:43:07,346 auth 17156 3928 Настройки CSRF cookie: {'csrf_cookie': {'name': 'csrftoken', 'secure': False, 'httponly': False, 'samesite': 'Lax'}}
INFO 2025-06-16 21:43:07,347 basehttp 17156 3928 "GET /api/auth/csrf/ HTTP/1.1" 200 58
DEBUG 2025-06-16 21:43:07,660 middleware 17156 3928 Request from origin: http://localhost:3000
DEBUG 2025-06-16 21:43:07,661 middleware 17156 3928 CSRF Processing path: api/auth/csrf/, Method: GET
DEBUG 2025-06-16 21:43:07,661 middleware 17156 3928 CSRF token in cookie: True
DEBUG 2025-06-16 21:43:07,661 middleware 17156 3928 CSRF token in header: False
DEBUG 2025-06-16 21:43:07,662 middleware 17156 3928 CSRF cookie token (first 6): xNcY5Z...
WARNING 2025-06-16 21:43:07,663 base 17156 3928 Session data corrupted
INFO 2025-06-16 21:43:07,664 auth 17156 3928 Запрос CSRF токена
INFO 2025-06-16 21:43:07,664 auth 17156 3928 CSRF запрос от Origin: http://localhost:3000, Referer: http://localhost:3000/
DEBUG 2025-06-16 21:43:07,664 auth 17156 3928 User-Agent: Mozilla/5.0 (Windows NT 10.0; Win64; x64) AppleWebKit/537.36 (KHTML, like Gecko) Chrome/137.0.0.0 Safari/537.36
INFO 2025-06-16 21:43:07,664 auth 17156 3928 CSRF токен сгенерирован: MixSXl... (первые 6 символов)
DEBUG 2025-06-16 21:43:07,664 auth 17156 3928 Настройки CSRF cookie: {'csrf_cookie': {'name': 'csrftoken', 'secure': False, 'httponly': False, 'samesite': 'Lax'}}
INFO 2025-06-16 21:43:07,665 basehttp 17156 3928 "GET /api/auth/csrf/ HTTP/1.1" 200 58
INFO 2025-06-16 21:43:08,289 basehttp 17156 28352 "OPTIONS /api/auth/login/ HTTP/1.1" 200 0
DEBUG 2025-06-16 21:43:08,291 middleware 17156 3928 Request from origin: http://localhost:3000
DEBUG 2025-06-16 21:43:08,291 middleware 17156 3928 CSRF Processing path: api/auth/login/, Method: POST
DEBUG 2025-06-16 21:43:08,291 middleware 17156 3928 CSRF token in cookie: True
DEBUG 2025-06-16 21:43:08,291 middleware 17156 3928 CSRF token in header: True
DEBUG 2025-06-16 21:43:08,291 middleware 17156 3928 CSRF cookie token (first 6): xNcY5Z...
DEBUG 2025-06-16 21:43:08,291 middleware 17156 3928 CSRF header token (first 6): xNcY5Z...
WARNING 2025-06-16 21:43:08,293 base 17156 3928 Session data corrupted
INFO 2025-06-16 21:43:08,293 auth 17156 3928 Попытка входа с email: hello@gmail.com
DEBUG 2025-06-16 21:43:08,294 auth 17156 3928 Запрос входа: {'email': 'hello@gmail.com', 'password': 'A166DB701'}
INFO 2025-06-16 21:43:08,294 auth 17156 3928 CSRF токен в заголовке: xNcY5Z...
INFO 2025-06-16 21:43:08,294 auth 17156 3928 Origin заголовок: http://localhost:3000
INFO 2025-06-16 21:43:08,294 auth 17156 3928 HTTP метод: POST
INFO 2025-06-16 21:43:08,294 auth 17156 3928 Content-Type: application/json
INFO 2025-06-16 21:43:08,294 auth 17156 3928 Cookies: {'sessionid': 'l25tdodhiwo6k9n3dtd6plahvpryo2bw', 'csrftoken': 'xNcY5Z0XEcGdF4pcNM8YPNF8OyUHOlt1'}
INFO 2025-06-16 21:43:08,294 auth 17156 3928 HTTP_X_CSRFTOKEN: xNcY5Z...
INFO 2025-06-16 21:43:08,294 auth 17156 3928 Cookie CSRF: xNcY5Z...
INFO 2025-06-16 21:43:08,294 auth 17156 3928 CSRF токены совпадают: True
INFO 2025-06-16 21:43:08,295 auth 17156 3928 Проверка учетной записи: hello@gmail.com
INFO 2025-06-16 21:43:08,772 auth 17156 3928 Успешный вход пользователя: Hello
INFO 2025-06-16 21:43:08,774 auth 17156 3928 Пользователь Hello является владельцем ресторана Aliya
INFO 2025-06-16 21:43:08,774 auth 17156 3928 Данные для отправки: {'id': 2, 'email': 'hello@gmail.com', 'name': 'Hello', 'cafe_id': 1, 'role': 'owner'}
INFO 2025-06-16 21:43:08,780 basehttp 17156 3928 "POST /api/auth/login/ HTTP/1.1" 200 76
DEBUG 2025-06-16 21:43:09,112 middleware 17156 3928 Request from origin: http://localhost:3000
INFO 2025-06-16 21:43:09,117 basehttp 17156 3928 "GET /api/cafes/1/ HTTP/1.1" 200 447
DEBUG 2025-06-16 21:43:09,119 middleware 17156 12420 Request from origin: http://localhost:3000
DEBUG 2025-06-16 21:43:09,121 middleware 17156 3928 Request from origin: http://localhost:3000
INFO 2025-06-16 21:43:09,124 basehttp 17156 12420 "GET /api/cafes/1/ HTTP/1.1" 200 447
INFO 2025-06-16 21:43:09,128 basehttp 17156 3928 "GET /api/cafes/1/statistics/ HTTP/1.1" 200 87
DEBUG 2025-06-16 21:43:09,129 middleware 17156 12420 Request from origin: http://localhost:3000
DEBUG 2025-06-16 21:43:09,131 middleware 17156 3928 Request from origin: http://localhost:3000
INFO 2025-06-16 21:43:09,138 basehttp 17156 12420 "GET /api/cafes/1/statistics/ HTTP/1.1" 200 87
INFO 2025-06-16 21:43:09,139 basehttp 17156 3928 "GET /api/orders/?cafe=1 HTTP/1.1" 200 273
DEBUG 2025-06-16 21:43:09,141 middleware 17156 3928 Request from origin: http://localhost:3000
INFO 2025-06-16 21:43:09,146 basehttp 17156 3928 "GET /api/orders/?cafe=1 HTTP/1.1" 200 273
DEBUG 2025-06-16 21:43:19,612 middleware 17156 21776 Request from origin: http://localhost:3000
INFO 2025-06-16 21:43:19,614 views 17156 21776 Health check запрос от 127.0.0.1: ok
INFO 2025-06-16 21:43:19,615 basehttp 17156 21776 "GET /api/health/ HTTP/1.1" 200 250
DEBUG 2025-06-16 21:43:19,616 middleware 17156 15344 Request from origin: http://localhost:3000
INFO 2025-06-16 21:43:19,618 views 17156 15344 Health check запрос от 127.0.0.1: ok
DEBUG 2025-06-16 21:43:19,619 middleware 17156 21776 Request from origin: http://localhost:3000
INFO 2025-06-16 21:43:19,619 basehttp 17156 15344 "GET /api/health/ HTTP/1.1" 200 251
INFO 2025-06-16 21:43:19,622 basehttp 17156 21776 "GET /api/cities/ HTTP/1.1" 200 168
DEBUG 2025-06-16 21:43:19,640 middleware 17156 21776 Request from origin: http://localhost:3000
DEBUG 2025-06-16 21:43:19,641 middleware 17156 15344 Request from origin: http://localhost:3000
INFO 2025-06-16 21:43:19,644 basehttp 17156 21776 "GET /api/cities/ HTTP/1.1" 200 168
INFO 2025-06-16 21:43:19,646 basehttp 17156 15344 "GET /api/cafes/?city=1&t=1750081399639 HTTP/1.1" 200 499
DEBUG 2025-06-16 21:43:19,649 middleware 17156 15344 Request from origin: http://localhost:3000
DEBUG 2025-06-16 21:43:19,652 middleware 17156 21776 Request from origin: http://localhost:3000
INFO 2025-06-16 21:43:19,655 basehttp 17156 15344 "GET /api/cafes/?city=1&t=1750081399647 HTTP/1.1" 200 499
DEBUG 2025-06-16 21:43:19,657 views 17156 21776 Menu item: Шурпа, image: 'http://localhost:8000/media/menu_items/1ef19980-8e08-45b7-aff2-5292b5797aa9_kJopm0u.jpeg', image_full_url: 'http://localhost:8000/media/menu_items/1ef19980-8e08-45b7-aff2-5292b5797aa9_kJopm0u.jpeg'
INFO 2025-06-16 21:43:19,658 basehttp 17156 21776 "GET /api/menu-items/?cafe=1 HTTP/1.1" 200 471
DEBUG 2025-06-16 21:43:19,659 middleware 17156 15344 Request from origin: http://localhost:3000
DEBUG 2025-06-16 21:43:19,662 views 17156 15344 Menu item: Шурпа, image: 'http://localhost:8000/media/menu_items/1ef19980-8e08-45b7-aff2-5292b5797aa9_kJopm0u.jpeg', image_full_url: 'http://localhost:8000/media/menu_items/1ef19980-8e08-45b7-aff2-5292b5797aa9_kJopm0u.jpeg'
INFO 2025-06-16 21:43:19,662 basehttp 17156 15344 "GET /api/menu-items/?cafe=1 HTTP/1.1" 200 471
DEBUG 2025-06-16 21:43:20,740 middleware 17156 15344 Request from origin: http://localhost:3000
DEBUG 2025-06-16 21:43:20,741 middleware 17156 21776 Request from origin: http://localhost:3000
INFO 2025-06-16 21:43:20,748 basehttp 17156 15344 "GET /api/cafes/?city=1&t=1750081400738 HTTP/1.1" 200 499
INFO 2025-06-16 21:43:20,748 basehttp 17156 21776 "GET /api/cafes/?city=1&t=1750081400739 HTTP/1.1" 200 499
DEBUG 2025-06-16 21:43:20,763 middleware 17156 21776 Request from origin: 
INFO 2025-06-16 21:43:20,765 basehttp 17156 21776 "GET /media/cafe_covers/XXXL_1_1_ENDyb7O.webp?t=1750081400724 HTTP/1.1" 200 100380
DEBUG 2025-06-16 21:43:21,582 middleware 17156 3928 Request from origin: http://localhost:3000
DEBUG 2025-06-16 21:43:21,586 views 17156 3928 Menu item: Шурпа, image: 'http://localhost:8000/media/menu_items/1ef19980-8e08-45b7-aff2-5292b5797aa9_kJopm0u.jpeg', image_full_url: 'http://localhost:8000/media/menu_items/1ef19980-8e08-45b7-aff2-5292b5797aa9_kJopm0u.jpeg'
INFO 2025-06-16 21:43:21,587 basehttp 17156 3928 "GET /api/menu-items/?cafe=1 HTTP/1.1" 200 471
DEBUG 2025-06-16 21:43:21,588 middleware 17156 12420 Request from origin: http://localhost:3000
DEBUG 2025-06-16 21:43:21,591 views 17156 12420 Menu item: Шурпа, image: 'http://localhost:8000/media/menu_items/1ef19980-8e08-45b7-aff2-5292b5797aa9_kJopm0u.jpeg', image_full_url: 'http://localhost:8000/media/menu_items/1ef19980-8e08-45b7-aff2-5292b5797aa9_kJopm0u.jpeg'
INFO 2025-06-16 21:43:21,592 basehttp 17156 12420 "GET /api/menu-items/?cafe=1 HTTP/1.1" 200 471
DEBUG 2025-06-16 21:43:22,409 middleware 17156 12420 Request from origin: 
INFO 2025-06-16 21:43:22,410 basehttp 17156 12420 "GET /media/menu_items/1ef19980-8e08-45b7-aff2-5292b5797aa9_kJopm0u.jpeg HTTP/1.1" 304 0
DEBUG 2025-06-16 21:43:34,161 middleware 17156 21776 Request from origin: http://localhost:3000
INFO 2025-06-16 21:43:34,163 views 17156 21776 Health check запрос от 127.0.0.1: ok
INFO 2025-06-16 21:43:34,164 basehttp 17156 21776 "GET /api/health/ HTTP/1.1" 200 251
DEBUG 2025-06-16 21:43:34,164 middleware 17156 15344 Request from origin: http://localhost:3000
INFO 2025-06-16 21:43:34,167 views 17156 15344 Health check запрос от 127.0.0.1: ok
INFO 2025-06-16 21:43:34,167 basehttp 17156 15344 "GET /api/health/ HTTP/1.1" 200 251
DEBUG 2025-06-16 21:43:34,178 middleware 17156 15344 Request from origin: http://localhost:3000
INFO 2025-06-16 21:43:34,181 basehttp 17156 15344 "GET /api/cities/ HTTP/1.1" 200 168
DEBUG 2025-06-16 21:43:34,182 middleware 17156 21776 Request from origin: http://localhost:3000
INFO 2025-06-16 21:43:34,185 basehttp 17156 21776 "GET /api/cities/ HTTP/1.1" 200 168
DEBUG 2025-06-16 21:43:34,188 middleware 17156 21776 Request from origin: http://localhost:3000
DEBUG 2025-06-16 21:43:34,192 middleware 17156 15344 Request from origin: http://localhost:3000
DEBUG 2025-06-16 21:43:34,195 middleware 17156 12420 Request from origin: http://localhost:3000
INFO 2025-06-16 21:43:34,196 basehttp 17156 21776 "GET /api/cafes/?city=1&t=1750081414187 HTTP/1.1" 200 499
DEBUG 2025-06-16 21:43:34,196 middleware 17156 12420 CSRF Processing path: api/auth/csrf/, Method: GET
DEBUG 2025-06-16 21:43:34,196 middleware 17156 12420 CSRF token in cookie: True
DEBUG 2025-06-16 21:43:34,197 middleware 17156 12420 CSRF token in header: False
DEBUG 2025-06-16 21:43:34,197 middleware 17156 12420 CSRF cookie token (first 6): iYkNyU...
DEBUG 2025-06-16 21:43:34,199 middleware 17156 21776 Request from origin: http://localhost:3000
INFO 2025-06-16 21:43:34,202 basehttp 17156 15344 "GET /api/cafes/?city=1&t=1750081414188 HTTP/1.1" 200 499
INFO 2025-06-16 21:43:34,204 auth 17156 12420 Запрос CSRF токена
INFO 2025-06-16 21:43:34,204 auth 17156 12420 CSRF запрос от Origin: http://localhost:3000, Referer: http://localhost:3000/
DEBUG 2025-06-16 21:43:34,205 views 17156 21776 Menu item: Шурпа, image: 'http://localhost:8000/media/menu_items/1ef19980-8e08-45b7-aff2-5292b5797aa9_kJopm0u.jpeg', image_full_url: 'http://localhost:8000/media/menu_items/1ef19980-8e08-45b7-aff2-5292b5797aa9_kJopm0u.jpeg'
DEBUG 2025-06-16 21:43:34,205 auth 17156 12420 User-Agent: Mozilla/5.0 (Windows NT 10.0; Win64; x64) AppleWebKit/537.36 (KHTML, like Gecko) Chrome/137.0.0.0 Safari/537.36
INFO 2025-06-16 21:43:34,205 auth 17156 12420 CSRF токен сгенерирован: kddtNG... (первые 6 символов)
DEBUG 2025-06-16 21:43:34,205 auth 17156 12420 Настройки CSRF cookie: {'csrf_cookie': {'name': 'csrftoken', 'secure': False, 'httponly': False, 'samesite': 'Lax'}}
INFO 2025-06-16 21:43:34,205 basehttp 17156 21776 "GET /api/menu-items/?cafe=1 HTTP/1.1" 200 471
DEBUG 2025-06-16 21:43:34,206 middleware 17156 15344 Request from origin: http://localhost:3000
INFO 2025-06-16 21:43:34,207 basehttp 17156 12420 "GET /api/auth/csrf/ HTTP/1.1" 200 58
DEBUG 2025-06-16 21:43:34,208 middleware 17156 3928 Request from origin: http://localhost:3000
DEBUG 2025-06-16 21:43:34,209 middleware 17156 3928 CSRF Processing path: api/auth/csrf/, Method: GET
DEBUG 2025-06-16 21:43:34,209 middleware 17156 3928 CSRF token in cookie: True
DEBUG 2025-06-16 21:43:34,210 views 17156 15344 Menu item: Шурпа, image: 'http://localhost:8000/media/menu_items/1ef19980-8e08-45b7-aff2-5292b5797aa9_kJopm0u.jpeg', image_full_url: 'http://localhost:8000/media/menu_items/1ef19980-8e08-45b7-aff2-5292b5797aa9_kJopm0u.jpeg'
DEBUG 2025-06-16 21:43:34,210 middleware 17156 3928 CSRF token in header: False
DEBUG 2025-06-16 21:43:34,211 middleware 17156 3928 CSRF cookie token (first 6): iYkNyU...
INFO 2025-06-16 21:43:34,212 basehttp 17156 15344 "GET /api/menu-items/?cafe=1 HTTP/1.1" 200 471
INFO 2025-06-16 21:43:34,213 auth 17156 3928 Запрос CSRF токена
INFO 2025-06-16 21:43:34,213 auth 17156 3928 CSRF запрос от Origin: http://localhost:3000, Referer: http://localhost:3000/
DEBUG 2025-06-16 21:43:34,214 auth 17156 3928 User-Agent: Mozilla/5.0 (Windows NT 10.0; Win64; x64) AppleWebKit/537.36 (KHTML, like Gecko) Chrome/137.0.0.0 Safari/537.36
INFO 2025-06-16 21:43:34,214 auth 17156 3928 CSRF токен сгенерирован: geuVpZ... (первые 6 символов)
DEBUG 2025-06-16 21:43:34,214 auth 17156 3928 Настройки CSRF cookie: {'csrf_cookie': {'name': 'csrftoken', 'secure': False, 'httponly': False, 'samesite': 'Lax'}}
INFO 2025-06-16 21:43:34,215 basehttp 17156 3928 "GET /api/auth/csrf/ HTTP/1.1" 200 58
DEBUG 2025-06-16 21:43:44,673 middleware 17156 3928 Request from origin: http://localhost:3000
DEBUG 2025-06-16 21:43:44,673 middleware 17156 3928 CSRF Processing path: api/auth/csrf/, Method: GET
DEBUG 2025-06-16 21:43:44,674 middleware 17156 3928 CSRF token in cookie: True
DEBUG 2025-06-16 21:43:44,674 middleware 17156 3928 CSRF token in header: False
DEBUG 2025-06-16 21:43:44,674 middleware 17156 3928 CSRF cookie token (first 6): iYkNyU...
INFO 2025-06-16 21:43:44,676 auth 17156 3928 Запрос CSRF токена
INFO 2025-06-16 21:43:44,676 auth 17156 3928 CSRF запрос от Origin: http://localhost:3000, Referer: http://localhost:3000/
DEBUG 2025-06-16 21:43:44,676 auth 17156 3928 User-Agent: Mozilla/5.0 (Windows NT 10.0; Win64; x64) AppleWebKit/537.36 (KHTML, like Gecko) Chrome/137.0.0.0 Safari/537.36
INFO 2025-06-16 21:43:44,677 auth 17156 3928 CSRF токен сгенерирован: 9t9dVT... (первые 6 символов)
DEBUG 2025-06-16 21:43:44,677 auth 17156 3928 Настройки CSRF cookie: {'csrf_cookie': {'name': 'csrftoken', 'secure': False, 'httponly': False, 'samesite': 'Lax'}}
INFO 2025-06-16 21:43:44,678 basehttp 17156 3928 "GET /api/auth/csrf/ HTTP/1.1" 200 58
DEBUG 2025-06-16 21:43:45,485 middleware 17156 3928 Request from origin: http://localhost:3000
DEBUG 2025-06-16 21:43:45,485 middleware 17156 3928 CSRF Processing path: api/auth/csrf/, Method: GET
DEBUG 2025-06-16 21:43:45,485 middleware 17156 3928 CSRF token in cookie: True
DEBUG 2025-06-16 21:43:45,485 middleware 17156 3928 CSRF token in header: False
DEBUG 2025-06-16 21:43:45,485 middleware 17156 3928 CSRF cookie token (first 6): iYkNyU...
INFO 2025-06-16 21:43:45,487 auth 17156 3928 Запрос CSRF токена
INFO 2025-06-16 21:43:45,488 auth 17156 3928 CSRF запрос от Origin: http://localhost:3000, Referer: http://localhost:3000/
DEBUG 2025-06-16 21:43:45,488 auth 17156 3928 User-Agent: Mozilla/5.0 (Windows NT 10.0; Win64; x64) AppleWebKit/537.36 (KHTML, like Gecko) Chrome/137.0.0.0 Safari/537.36
INFO 2025-06-16 21:43:45,488 auth 17156 3928 CSRF токен сгенерирован: cMxyAK... (первые 6 символов)
DEBUG 2025-06-16 21:43:45,488 auth 17156 3928 Настройки CSRF cookie: {'csrf_cookie': {'name': 'csrftoken', 'secure': False, 'httponly': False, 'samesite': 'Lax'}}
INFO 2025-06-16 21:43:45,489 basehttp 17156 3928 "GET /api/auth/csrf/ HTTP/1.1" 200 58
DEBUG 2025-06-16 21:43:45,808 middleware 17156 3928 Request from origin: http://localhost:3000
DEBUG 2025-06-16 21:43:45,808 middleware 17156 3928 CSRF Processing path: api/auth/csrf/, Method: GET
DEBUG 2025-06-16 21:43:45,809 middleware 17156 3928 CSRF token in cookie: True
DEBUG 2025-06-16 21:43:45,809 middleware 17156 3928 CSRF token in header: False
DEBUG 2025-06-16 21:43:45,809 middleware 17156 3928 CSRF cookie token (first 6): iYkNyU...
INFO 2025-06-16 21:43:45,811 auth 17156 3928 Запрос CSRF токена
INFO 2025-06-16 21:43:45,811 auth 17156 3928 CSRF запрос от Origin: http://localhost:3000, Referer: http://localhost:3000/
DEBUG 2025-06-16 21:43:45,811 auth 17156 3928 User-Agent: Mozilla/5.0 (Windows NT 10.0; Win64; x64) AppleWebKit/537.36 (KHTML, like Gecko) Chrome/137.0.0.0 Safari/537.36
INFO 2025-06-16 21:43:45,812 auth 17156 3928 CSRF токен сгенерирован: MavsgY... (первые 6 символов)
DEBUG 2025-06-16 21:43:45,812 auth 17156 3928 Настройки CSRF cookie: {'csrf_cookie': {'name': 'csrftoken', 'secure': False, 'httponly': False, 'samesite': 'Lax'}}
INFO 2025-06-16 21:43:45,812 basehttp 17156 3928 "GET /api/auth/csrf/ HTTP/1.1" 200 58
DEBUG 2025-06-16 21:43:46,122 middleware 17156 3928 Request from origin: http://localhost:3000
DEBUG 2025-06-16 21:43:46,123 middleware 17156 3928 CSRF Processing path: api/auth/login/, Method: POST
DEBUG 2025-06-16 21:43:46,123 middleware 17156 3928 CSRF token in cookie: True
DEBUG 2025-06-16 21:43:46,123 middleware 17156 3928 CSRF token in header: True
DEBUG 2025-06-16 21:43:46,123 middleware 17156 3928 CSRF cookie token (first 6): iYkNyU...
DEBUG 2025-06-16 21:43:46,123 middleware 17156 3928 CSRF header token (first 6): iYkNyU...
INFO 2025-06-16 21:43:46,126 auth 17156 3928 Попытка входа с email: hello@gmail.com
DEBUG 2025-06-16 21:43:46,126 auth 17156 3928 Запрос входа: {'email': 'hello@gmail.com', 'password': 'A166DB701'}
INFO 2025-06-16 21:43:46,126 auth 17156 3928 CSRF токен в заголовке: iYkNyU...
INFO 2025-06-16 21:43:46,126 auth 17156 3928 Origin заголовок: http://localhost:3000
INFO 2025-06-16 21:43:46,126 auth 17156 3928 HTTP метод: POST
INFO 2025-06-16 21:43:46,126 auth 17156 3928 Content-Type: application/json
INFO 2025-06-16 21:43:46,126 auth 17156 3928 Cookies: {'csrftoken': 'iYkNyUWvfO18UEd9SNPzdZeNMZfDHSz8', 'sessionid': 'hvgi539dtztvoei2cus6q4t5umteicy4'}
INFO 2025-06-16 21:43:46,127 auth 17156 3928 HTTP_X_CSRFTOKEN: iYkNyU...
INFO 2025-06-16 21:43:46,127 auth 17156 3928 Cookie CSRF: iYkNyU...
INFO 2025-06-16 21:43:46,127 auth 17156 3928 CSRF токены совпадают: True
INFO 2025-06-16 21:43:46,127 auth 17156 3928 Проверка учетной записи: hello@gmail.com
INFO 2025-06-16 21:43:46,384 auth 17156 3928 Успешный вход пользователя: Hello
INFO 2025-06-16 21:43:46,386 auth 17156 3928 Пользователь Hello является владельцем ресторана Aliya
INFO 2025-06-16 21:43:46,386 auth 17156 3928 Данные для отправки: {'id': 2, 'email': 'hello@gmail.com', 'name': 'Hello', 'cafe_id': 1, 'role': 'owner'}
INFO 2025-06-16 21:43:46,390 basehttp 17156 3928 "POST /api/auth/login/ HTTP/1.1" 200 76
DEBUG 2025-06-16 21:43:46,401 middleware 17156 3928 Request from origin: http://localhost:3000
INFO 2025-06-16 21:43:46,406 basehttp 17156 3928 "GET /api/cafes/1/ HTTP/1.1" 200 447
DEBUG 2025-06-16 21:43:46,407 middleware 17156 12420 Request from origin: http://localhost:3000
DEBUG 2025-06-16 21:43:46,410 middleware 17156 3928 Request from origin: http://localhost:3000
INFO 2025-06-16 21:43:46,414 basehttp 17156 12420 "GET /api/cafes/1/ HTTP/1.1" 200 447
INFO 2025-06-16 21:43:46,417 basehttp 17156 3928 "GET /api/cafes/1/statistics/ HTTP/1.1" 200 87
DEBUG 2025-06-16 21:43:46,418 middleware 17156 12420 Request from origin: http://localhost:3000
DEBUG 2025-06-16 21:43:46,421 middleware 17156 3928 Request from origin: http://localhost:3000
INFO 2025-06-16 21:43:46,427 basehttp 17156 12420 "GET /api/cafes/1/statistics/ HTTP/1.1" 200 87
INFO 2025-06-16 21:43:46,428 basehttp 17156 3928 "GET /api/orders/?cafe=1 HTTP/1.1" 200 273
DEBUG 2025-06-16 21:43:46,430 middleware 17156 3928 Request from origin: http://localhost:3000
INFO 2025-06-16 21:43:46,435 basehttp 17156 3928 "GET /api/orders/?cafe=1 HTTP/1.1" 200 273
DEBUG 2025-06-16 21:43:51,108 middleware 17156 15344 Request from origin: http://localhost:3000
INFO 2025-06-16 21:43:51,110 views 17156 15344 Health check запрос от 127.0.0.1: ok
INFO 2025-06-16 21:43:51,111 basehttp 17156 15344 "GET /api/health/ HTTP/1.1" 200 251
DEBUG 2025-06-16 21:43:51,112 middleware 17156 21776 Request from origin: http://localhost:3000
DEBUG 2025-06-16 21:43:51,114 middleware 17156 3928 Request from origin: http://localhost:3000
INFO 2025-06-16 21:43:51,115 views 17156 21776 Health check запрос от 127.0.0.1: ok
DEBUG 2025-06-16 21:43:51,116 middleware 17156 15344 Request from origin: http://localhost:3000
INFO 2025-06-16 21:43:51,117 basehttp 17156 21776 "GET /api/health/ HTTP/1.1" 200 250
INFO 2025-06-16 21:43:51,121 basehttp 17156 15344 "GET /api/cities/ HTTP/1.1" 200 168
DEBUG 2025-06-16 21:43:51,122 middleware 17156 21776 Request from origin: http://localhost:3000
DEBUG 2025-06-16 21:43:51,124 middleware 17156 12420 Request from origin: http://localhost:3000
INFO 2025-06-16 21:43:51,124 basehttp 17156 3928 "GET /api/cafes/1/ HTTP/1.1" 200 447
DEBUG 2025-06-16 21:43:51,125 middleware 17156 15344 Request from origin: http://localhost:3000
DEBUG 2025-06-16 21:43:51,127 middleware 17156 3928 Request from origin: http://localhost:3000
INFO 2025-06-16 21:43:51,129 basehttp 17156 21776 "GET /api/cities/ HTTP/1.1" 200 168
DEBUG 2025-06-16 21:43:51,132 middleware 17156 21776 Request from origin: http://localhost:3000
INFO 2025-06-16 21:43:51,134 basehttp 17156 15344 "GET /api/cafes/?city=1&t=1750081431123 HTTP/1.1" 200 499
DEBUG 2025-06-16 21:43:51,137 middleware 17156 15344 Request from origin: http://localhost:3000
INFO 2025-06-16 21:43:51,142 basehttp 17156 21776 "GET /api/cafes/?city=1&t=1750081431130 HTTP/1.1" 200 499
INFO 2025-06-16 21:43:51,142 basehttp 17156 3928 "GET /api/cafes/1/statistics/ HTTP/1.1" 200 87
DEBUG 2025-06-16 21:43:51,143 views 17156 15344 Menu item: Шурпа, image: 'http://localhost:8000/media/menu_items/1ef19980-8e08-45b7-aff2-5292b5797aa9_kJopm0u.jpeg', image_full_url: 'http://localhost:8000/media/menu_items/1ef19980-8e08-45b7-aff2-5292b5797aa9_kJopm0u.jpeg'
INFO 2025-06-16 21:43:51,144 basehttp 17156 15344 "GET /api/menu-items/?cafe=1 HTTP/1.1" 200 471
DEBUG 2025-06-16 21:43:51,145 middleware 17156 21776 Request from origin: http://localhost:3000
DEBUG 2025-06-16 21:43:51,146 middleware 17156 3928 Request from origin: http://localhost:3000
INFO 2025-06-16 21:43:51,149 basehttp 17156 12420 "GET /api/cafes/1/ HTTP/1.1" 200 447
DEBUG 2025-06-16 21:43:51,153 middleware 17156 12420 Request from origin: http://localhost:3000
INFO 2025-06-16 21:43:51,154 basehttp 17156 3928 "GET /api/orders/?cafe=1 HTTP/1.1" 200 273
INFO 2025-06-16 21:43:51,158 basehttp 17156 12420 "GET /api/cafes/1/statistics/ HTTP/1.1" 200 87
DEBUG 2025-06-16 21:43:51,162 views 17156 21776 Menu item: Шурпа, image: 'http://localhost:8000/media/menu_items/1ef19980-8e08-45b7-aff2-5292b5797aa9_kJopm0u.jpeg', image_full_url: 'http://localhost:8000/media/menu_items/1ef19980-8e08-45b7-aff2-5292b5797aa9_kJopm0u.jpeg'
INFO 2025-06-16 21:43:51,162 basehttp 17156 21776 "GET /api/menu-items/?cafe=1 HTTP/1.1" 200 471
DEBUG 2025-06-16 21:43:51,180 middleware 17156 12420 Request from origin: http://localhost:3000
INFO 2025-06-16 21:43:51,186 basehttp 17156 12420 "GET /api/orders/?cafe=1 HTTP/1.1" 200 273
DEBUG 2025-06-16 21:43:51,624 middleware 17156 21776 Request from origin: http://localhost:3000
INFO 2025-06-16 21:43:51,626 views 17156 21776 Health check запрос от 127.0.0.1: ok
INFO 2025-06-16 21:43:51,627 basehttp 17156 21776 "GET /api/health/ HTTP/1.1" 200 250
DEBUG 2025-06-16 21:43:51,628 middleware 17156 15344 Request from origin: http://localhost:3000
INFO 2025-06-16 21:43:51,630 views 17156 15344 Health check запрос от 127.0.0.1: ok
INFO 2025-06-16 21:43:51,631 basehttp 17156 15344 "GET /api/health/ HTTP/1.1" 200 251
DEBUG 2025-06-16 21:43:51,632 middleware 17156 21776 Request from origin: http://localhost:3000
DEBUG 2025-06-16 21:43:51,635 middleware 17156 12420 Request from origin: http://localhost:3000
INFO 2025-06-16 21:43:51,635 basehttp 17156 21776 "GET /api/cities/ HTTP/1.1" 200 168
DEBUG 2025-06-16 21:43:51,638 middleware 17156 21776 Request from origin: http://localhost:3000
DEBUG 2025-06-16 21:43:51,641 middleware 17156 15344 Request from origin: http://localhost:3000
INFO 2025-06-16 21:43:51,645 basehttp 17156 12420 "GET /api/cafes/1/ HTTP/1.1" 200 447
INFO 2025-06-16 21:43:51,645 basehttp 17156 21776 "GET /api/cities/ HTTP/1.1" 200 168
DEBUG 2025-06-16 21:43:51,646 middleware 17156 3928 Request from origin: http://localhost:3000
DEBUG 2025-06-16 21:43:51,649 middleware 17156 12420 Request from origin: http://localhost:3000
DEBUG 2025-06-16 21:43:51,650 middleware 17156 21776 Request from origin: http://localhost:3000
INFO 2025-06-16 21:43:51,653 basehttp 17156 15344 "GET /api/cafes/?city=1&t=1750081431637 HTTP/1.1" 200 499
INFO 2025-06-16 21:43:51,658 basehttp 17156 3928 "GET /api/cafes/1/ HTTP/1.1" 200 447
INFO 2025-06-16 21:43:51,659 basehttp 17156 21776 "GET /api/cafes/?city=1&t=1750081431647 HTTP/1.1" 200 499
INFO 2025-06-16 21:43:51,661 basehttp 17156 12420 "GET /api/cafes/1/statistics/ HTTP/1.1" 200 87
DEBUG 2025-06-16 21:43:51,677 middleware 17156 21776 Request from origin: http://localhost:3000
DEBUG 2025-06-16 21:43:51,678 middleware 17156 12420 Request from origin: http://localhost:3000
DEBUG 2025-06-16 21:43:51,678 middleware 17156 3928 Request from origin: http://localhost:3000
INFO 2025-06-16 21:43:51,687 basehttp 17156 3928 "GET /api/orders/?cafe=1 HTTP/1.1" 200 273
INFO 2025-06-16 21:43:51,687 basehttp 17156 12420 "GET /api/cafes/1/statistics/ HTTP/1.1" 200 87
DEBUG 2025-06-16 21:43:51,690 views 17156 21776 Menu item: Шурпа, image: 'http://localhost:8000/media/menu_items/1ef19980-8e08-45b7-aff2-5292b5797aa9_kJopm0u.jpeg', image_full_url: 'http://localhost:8000/media/menu_items/1ef19980-8e08-45b7-aff2-5292b5797aa9_kJopm0u.jpeg'
DEBUG 2025-06-16 21:43:51,690 middleware 17156 3928 Request from origin: http://localhost:3000
INFO 2025-06-16 21:43:51,692 basehttp 17156 21776 "GET /api/menu-items/?cafe=1 HTTP/1.1" 200 471
DEBUG 2025-06-16 21:43:51,692 middleware 17156 15344 Request from origin: http://localhost:3000
DEBUG 2025-06-16 21:43:51,697 views 17156 15344 Menu item: Шурпа, image: 'http://localhost:8000/media/menu_items/1ef19980-8e08-45b7-aff2-5292b5797aa9_kJopm0u.jpeg', image_full_url: 'http://localhost:8000/media/menu_items/1ef19980-8e08-45b7-aff2-5292b5797aa9_kJopm0u.jpeg'
INFO 2025-06-16 21:43:51,699 basehttp 17156 15344 "GET /api/menu-items/?cafe=1 HTTP/1.1" 200 471
INFO 2025-06-16 21:43:51,699 basehttp 17156 3928 "GET /api/orders/?cafe=1 HTTP/1.1" 200 273
DEBUG 2025-06-16 21:43:51,947 middleware 17156 15344 Request from origin: http://localhost:3000
INFO 2025-06-16 21:43:51,949 views 17156 15344 Health check запрос от 127.0.0.1: ok
INFO 2025-06-16 21:43:51,950 basehttp 17156 15344 "GET /api/health/ HTTP/1.1" 200 251
DEBUG 2025-06-16 21:43:51,951 middleware 17156 21776 Request from origin: http://localhost:3000
DEBUG 2025-06-16 21:43:51,953 middleware 17156 3928 Request from origin: http://localhost:3000
DEBUG 2025-06-16 21:43:51,955 middleware 17156 15344 Request from origin: http://localhost:3000
INFO 2025-06-16 21:43:51,955 views 17156 21776 Health check запрос от 127.0.0.1: ok
INFO 2025-06-16 21:43:51,957 basehttp 17156 21776 "GET /api/health/ HTTP/1.1" 200 250
INFO 2025-06-16 21:43:51,961 basehttp 17156 3928 "GET /api/cafes/1/ HTTP/1.1" 200 447
INFO 2025-06-16 21:43:51,961 basehttp 17156 15344 "GET /api/cities/ HTTP/1.1" 200 168
DEBUG 2025-06-16 21:43:51,962 middleware 17156 12420 Request from origin: http://localhost:3000
DEBUG 2025-06-16 21:43:51,962 middleware 17156 21776 Request from origin: http://localhost:3000
DEBUG 2025-06-16 21:43:51,964 middleware 17156 3928 Request from origin: http://localhost:3000
DEBUG 2025-06-16 21:43:51,965 middleware 17156 15344 Request from origin: http://localhost:3000
INFO 2025-06-16 21:43:51,970 basehttp 17156 21776 "GET /api/cities/ HTTP/1.1" 200 168
INFO 2025-06-16 21:43:51,973 basehttp 17156 12420 "GET /api/cafes/1/ HTTP/1.1" 200 447
INFO 2025-06-16 21:43:51,975 basehttp 17156 15344 "GET /api/cafes/?city=1&t=1750081431963 HTTP/1.1" 200 499
INFO 2025-06-16 21:43:51,977 basehttp 17156 3928 "GET /api/cafes/1/statistics/ HTTP/1.1" 200 87
DEBUG 2025-06-16 21:43:51,994 middleware 17156 15344 Request from origin: http://localhost:3000
DEBUG 2025-06-16 21:43:51,995 middleware 17156 3928 Request from origin: http://localhost:3000
DEBUG 2025-06-16 21:43:51,995 middleware 17156 21776 Request from origin: http://localhost:3000
DEBUG 2025-06-16 21:43:51,996 middleware 17156 12420 Request from origin: http://localhost:3000
DEBUG 2025-06-16 21:43:52,003 views 17156 21776 Menu item: Шурпа, image: 'http://localhost:8000/media/menu_items/1ef19980-8e08-45b7-aff2-5292b5797aa9_kJopm0u.jpeg', image_full_url: 'http://localhost:8000/media/menu_items/1ef19980-8e08-45b7-aff2-5292b5797aa9_kJopm0u.jpeg'
INFO 2025-06-16 21:43:52,006 basehttp 17156 21776 "GET /api/menu-items/?cafe=1 HTTP/1.1" 200 471
INFO 2025-06-16 21:43:52,006 basehttp 17156 15344 "GET /api/cafes/?city=1&t=1750081431991 HTTP/1.1" 200 499
INFO 2025-06-16 21:43:52,011 basehttp 17156 12420 "GET /api/orders/?cafe=1 HTTP/1.1" 200 273
INFO 2025-06-16 21:43:52,011 basehttp 17156 3928 "GET /api/cafes/1/statistics/ HTTP/1.1" 200 87
DEBUG 2025-06-16 21:43:52,016 middleware 17156 3928 Request from origin: http://localhost:3000
INFO 2025-06-16 21:43:52,021 basehttp 17156 3928 "GET /api/orders/?cafe=1 HTTP/1.1" 200 273
DEBUG 2025-06-16 21:43:52,264 middleware 17156 15344 Request from origin: http://localhost:3000
INFO 2025-06-16 21:43:52,266 views 17156 15344 Health check запрос от 127.0.0.1: ok
INFO 2025-06-16 21:43:52,267 basehttp 17156 15344 "GET /api/health/ HTTP/1.1" 200 250
DEBUG 2025-06-16 21:43:52,268 middleware 17156 21776 Request from origin: http://localhost:3000
INFO 2025-06-16 21:43:52,270 views 17156 21776 Health check запрос от 127.0.0.1: ok
DEBUG 2025-06-16 21:43:52,271 middleware 17156 3928 Request from origin: http://localhost:3000
INFO 2025-06-16 21:43:52,272 basehttp 17156 21776 "GET /api/health/ HTTP/1.1" 200 251
DEBUG 2025-06-16 21:43:52,273 middleware 17156 15344 Request from origin: http://localhost:3000
INFO 2025-06-16 21:43:52,278 basehttp 17156 15344 "GET /api/cities/ HTTP/1.1" 200 168
INFO 2025-06-16 21:43:52,278 basehttp 17156 3928 "GET /api/cafes/1/ HTTP/1.1" 200 447
DEBUG 2025-06-16 21:43:52,279 middleware 17156 21776 Request from origin: http://localhost:3000
DEBUG 2025-06-16 21:43:52,279 middleware 17156 12420 Request from origin: http://localhost:3000
DEBUG 2025-06-16 21:43:52,282 middleware 17156 15344 Request from origin: http://localhost:3000
DEBUG 2025-06-16 21:43:52,282 middleware 17156 3928 Request from origin: http://localhost:3000
INFO 2025-06-16 21:43:52,289 basehttp 17156 12420 "GET /api/cafes/1/ HTTP/1.1" 200 447
INFO 2025-06-16 21:43:52,290 basehttp 17156 15344 "GET /api/cafes/?city=1&t=1750081432280 HTTP/1.1" 200 499
INFO 2025-06-16 21:43:52,292 basehttp 17156 3928 "GET /api/cafes/1/statistics/ HTTP/1.1" 200 87
INFO 2025-06-16 21:43:52,297 basehttp 17156 21776 "GET /api/cities/ HTTP/1.1" 200 168
DEBUG 2025-06-16 21:43:52,313 middleware 17156 3928 Request from origin: http://localhost:3000
DEBUG 2025-06-16 21:43:52,313 middleware 17156 21776 Request from origin: http://localhost:3000
DEBUG 2025-06-16 21:43:52,313 middleware 17156 15344 Request from origin: http://localhost:3000
DEBUG 2025-06-16 21:43:52,314 middleware 17156 12420 Request from origin: http://localhost:3000
DEBUG 2025-06-16 21:43:52,320 views 17156 21776 Menu item: Шурпа, image: 'http://localhost:8000/media/menu_items/1ef19980-8e08-45b7-aff2-5292b5797aa9_kJopm0u.jpeg', image_full_url: 'http://localhost:8000/media/menu_items/1ef19980-8e08-45b7-aff2-5292b5797aa9_kJopm0u.jpeg'
INFO 2025-06-16 21:43:52,322 basehttp 17156 21776 "GET /api/menu-items/?cafe=1 HTTP/1.1" 200 471
INFO 2025-06-16 21:43:52,326 basehttp 17156 12420 "GET /api/orders/?cafe=1 HTTP/1.1" 200 273
INFO 2025-06-16 21:43:52,326 basehttp 17156 3928 "GET /api/cafes/1/statistics/ HTTP/1.1" 200 87
INFO 2025-06-16 21:43:52,330 basehttp 17156 15344 "GET /api/cafes/?city=1&t=1750081432310 HTTP/1.1" 200 499
DEBUG 2025-06-16 21:43:52,353 middleware 17156 3928 Request from origin: http://localhost:3000
INFO 2025-06-16 21:43:52,360 basehttp 17156 3928 "GET /api/orders/?cafe=1 HTTP/1.1" 200 273
DEBUG 2025-06-16 21:43:52,590 middleware 17156 15344 Request from origin: http://localhost:3000
INFO 2025-06-16 21:43:52,593 views 17156 15344 Health check запрос от 127.0.0.1: ok
INFO 2025-06-16 21:43:52,593 basehttp 17156 15344 "GET /api/health/ HTTP/1.1" 200 251
DEBUG 2025-06-16 21:43:52,594 middleware 17156 21776 Request from origin: http://localhost:3000
DEBUG 2025-06-16 21:43:52,597 middleware 17156 3928 Request from origin: http://localhost:3000
INFO 2025-06-16 21:43:52,597 views 17156 21776 Health check запрос от 127.0.0.1: ok
DEBUG 2025-06-16 21:43:52,598 middleware 17156 15344 Request from origin: http://localhost:3000
INFO 2025-06-16 21:43:52,599 basehttp 17156 21776 "GET /api/health/ HTTP/1.1" 200 251
INFO 2025-06-16 21:43:52,603 basehttp 17156 15344 "GET /api/cities/ HTTP/1.1" 200 168
INFO 2025-06-16 21:43:52,604 basehttp 17156 3928 "GET /api/cafes/1/ HTTP/1.1" 200 447
DEBUG 2025-06-16 21:43:52,605 middleware 17156 15344 Request from origin: http://localhost:3000
DEBUG 2025-06-16 21:43:52,605 middleware 17156 12420 Request from origin: http://localhost:3000
DEBUG 2025-06-16 21:43:52,607 middleware 17156 21776 Request from origin: http://localhost:3000
DEBUG 2025-06-16 21:43:52,609 middleware 17156 3928 Request from origin: http://localhost:3000
INFO 2025-06-16 21:43:52,615 basehttp 17156 15344 "GET /api/cities/ HTTP/1.1" 200 168
INFO 2025-06-16 21:43:52,618 basehttp 17156 21776 "GET /api/cafes/?city=1&t=1750081432604 HTTP/1.1" 200 499
INFO 2025-06-16 21:43:52,619 basehttp 17156 12420 "GET /api/cafes/1/ HTTP/1.1" 200 447
INFO 2025-06-16 21:43:52,622 basehttp 17156 3928 "GET /api/cafes/1/statistics/ HTTP/1.1" 200 87
DEBUG 2025-06-16 21:43:52,639 middleware 17156 21776 Request from origin: http://localhost:3000
DEBUG 2025-06-16 21:43:52,639 middleware 17156 15344 Request from origin: http://localhost:3000
DEBUG 2025-06-16 21:43:52,639 middleware 17156 12420 Request from origin: http://localhost:3000
DEBUG 2025-06-16 21:43:52,640 middleware 17156 3928 Request from origin: http://localhost:3000
DEBUG 2025-06-16 21:43:52,645 views 17156 15344 Menu item: Шурпа, image: 'http://localhost:8000/media/menu_items/1ef19980-8e08-45b7-aff2-5292b5797aa9_kJopm0u.jpeg', image_full_url: 'http://localhost:8000/media/menu_items/1ef19980-8e08-45b7-aff2-5292b5797aa9_kJopm0u.jpeg'
INFO 2025-06-16 21:43:52,650 basehttp 17156 15344 "GET /api/menu-items/?cafe=1 HTTP/1.1" 200 471
INFO 2025-06-16 21:43:52,652 basehttp 17156 3928 "GET /api/cafes/1/statistics/ HTTP/1.1" 200 87
INFO 2025-06-16 21:43:52,654 basehttp 17156 12420 "GET /api/orders/?cafe=1 HTTP/1.1" 200 273
DEBUG 2025-06-16 21:43:52,656 middleware 17156 3928 Request from origin: http://localhost:3000
INFO 2025-06-16 21:43:52,656 basehttp 17156 21776 "GET /api/cafes/?city=1&t=1750081432634 HTTP/1.1" 200 499
INFO 2025-06-16 21:43:52,661 basehttp 17156 3928 "GET /api/orders/?cafe=1 HTTP/1.1" 200 273
DEBUG 2025-06-16 21:43:52,932 middleware 17156 21776 Request from origin: http://localhost:3000
INFO 2025-06-16 21:43:52,934 views 17156 21776 Health check запрос от 127.0.0.1: ok
INFO 2025-06-16 21:43:52,935 basehttp 17156 21776 "GET /api/health/ HTTP/1.1" 200 251
DEBUG 2025-06-16 21:43:52,936 middleware 17156 15344 Request from origin: http://localhost:3000
DEBUG 2025-06-16 21:43:52,937 middleware 17156 3928 Request from origin: http://localhost:3000
INFO 2025-06-16 21:43:52,938 views 17156 15344 Health check запрос от 127.0.0.1: ok
DEBUG 2025-06-16 21:43:52,939 middleware 17156 21776 Request from origin: http://localhost:3000
INFO 2025-06-16 21:43:52,940 basehttp 17156 15344 "GET /api/health/ HTTP/1.1" 200 251
INFO 2025-06-16 21:43:52,945 basehttp 17156 21776 "GET /api/cities/ HTTP/1.1" 200 168
INFO 2025-06-16 21:43:52,945 basehttp 17156 3928 "GET /api/cafes/1/ HTTP/1.1" 200 447
DEBUG 2025-06-16 21:43:52,946 middleware 17156 12420 Request from origin: http://localhost:3000
DEBUG 2025-06-16 21:43:52,946 middleware 17156 15344 Request from origin: http://localhost:3000
DEBUG 2025-06-16 21:43:52,950 middleware 17156 3928 Request from origin: http://localhost:3000
DEBUG 2025-06-16 21:43:52,951 middleware 17156 21776 Request from origin: http://localhost:3000
INFO 2025-06-16 21:43:52,955 basehttp 17156 15344 "GET /api/cities/ HTTP/1.1" 200 168
INFO 2025-06-16 21:43:52,959 basehttp 17156 12420 "GET /api/cafes/1/ HTTP/1.1" 200 447
INFO 2025-06-16 21:43:52,960 basehttp 17156 21776 "GET /api/cafes/?city=1&t=1750081432947 HTTP/1.1" 200 499
INFO 2025-06-16 21:43:52,962 basehttp 17156 3928 "GET /api/cafes/1/statistics/ HTTP/1.1" 200 87
DEBUG 2025-06-16 21:43:52,978 middleware 17156 21776 Request from origin: http://localhost:3000
DEBUG 2025-06-16 21:43:52,979 middleware 17156 3928 Request from origin: http://localhost:3000
DEBUG 2025-06-16 21:43:52,979 middleware 17156 15344 Request from origin: http://localhost:3000
DEBUG 2025-06-16 21:43:52,980 middleware 17156 12420 Request from origin: http://localhost:3000
DEBUG 2025-06-16 21:43:52,985 views 17156 15344 Menu item: Шурпа, image: 'http://localhost:8000/media/menu_items/1ef19980-8e08-45b7-aff2-5292b5797aa9_kJopm0u.jpeg', image_full_url: 'http://localhost:8000/media/menu_items/1ef19980-8e08-45b7-aff2-5292b5797aa9_kJopm0u.jpeg'
INFO 2025-06-16 21:43:52,987 basehttp 17156 15344 "GET /api/menu-items/?cafe=1 HTTP/1.1" 200 471
INFO 2025-06-16 21:43:52,989 basehttp 17156 12420 "GET /api/orders/?cafe=1 HTTP/1.1" 200 273
INFO 2025-06-16 21:43:52,994 basehttp 17156 21776 "GET /api/cafes/?city=1&t=1750081432975 HTTP/1.1" 200 499
INFO 2025-06-16 21:43:52,995 basehttp 17156 3928 "GET /api/cafes/1/statistics/ HTTP/1.1" 200 87
DEBUG 2025-06-16 21:43:53,015 middleware 17156 3928 Request from origin: http://localhost:3000
INFO 2025-06-16 21:43:53,021 basehttp 17156 3928 "GET /api/orders/?cafe=1 HTTP/1.1" 200 273
DEBUG 2025-06-16 21:44:09,963 middleware 17156 3928 Request from origin: http://localhost:3000
DEBUG 2025-06-16 21:44:09,968 views 17156 3928 Menu item: Шурпа, image: 'http://localhost:8000/media/menu_items/1ef19980-8e08-45b7-aff2-5292b5797aa9_kJopm0u.jpeg', image_full_url: 'http://localhost:8000/media/menu_items/1ef19980-8e08-45b7-aff2-5292b5797aa9_kJopm0u.jpeg'
INFO 2025-06-16 21:44:09,969 basehttp 17156 3928 "GET /api/menu-items/?cafe=1 HTTP/1.1" 200 471
DEBUG 2025-06-16 21:44:09,970 middleware 17156 12420 Request from origin: http://localhost:3000
DEBUG 2025-06-16 21:44:09,974 views 17156 12420 Menu item: Шурпа, image: 'http://localhost:8000/media/menu_items/1ef19980-8e08-45b7-aff2-5292b5797aa9_kJopm0u.jpeg', image_full_url: 'http://localhost:8000/media/menu_items/1ef19980-8e08-45b7-aff2-5292b5797aa9_kJopm0u.jpeg'
INFO 2025-06-16 21:44:09,975 basehttp 17156 12420 "GET /api/menu-items/?cafe=1 HTTP/1.1" 200 471
DEBUG 2025-06-16 21:44:35,729 middleware 17156 12420 Request from origin: http://localhost:3000
DEBUG 2025-06-16 21:44:35,735 views 17156 12420 Menu item: Шурпа, image: 'http://localhost:8000/media/menu_items/1ef19980-8e08-45b7-aff2-5292b5797aa9_kJopm0u.jpeg', image_full_url: 'http://localhost:8000/media/menu_items/1ef19980-8e08-45b7-aff2-5292b5797aa9_kJopm0u.jpeg'
INFO 2025-06-16 21:44:35,735 basehttp 17156 12420 "GET /api/menu-items/?cafe=1 HTTP/1.1" 200 471
DEBUG 2025-06-16 21:44:35,737 middleware 17156 3928 Request from origin: http://localhost:3000
DEBUG 2025-06-16 21:44:35,741 views 17156 3928 Menu item: Шурпа, image: 'http://localhost:8000/media/menu_items/1ef19980-8e08-45b7-aff2-5292b5797aa9_kJopm0u.jpeg', image_full_url: 'http://localhost:8000/media/menu_items/1ef19980-8e08-45b7-aff2-5292b5797aa9_kJopm0u.jpeg'
INFO 2025-06-16 21:44:35,742 basehttp 17156 3928 "GET /api/menu-items/?cafe=1 HTTP/1.1" 200 471
DEBUG 2025-06-16 21:44:47,805 middleware 17156 3928 Request from origin: http://localhost:3000
DEBUG 2025-06-16 21:44:47,805 middleware 17156 3928 CSRF Processing path: api/auth/csrf/, Method: GET
DEBUG 2025-06-16 21:44:47,805 middleware 17156 3928 CSRF token in cookie: True
DEBUG 2025-06-16 21:44:47,806 middleware 17156 3928 CSRF token in header: False
DEBUG 2025-06-16 21:44:47,806 middleware 17156 3928 CSRF cookie token (first 6): 2s43V9...
INFO 2025-06-16 21:44:47,810 auth 17156 3928 Запрос CSRF токена
INFO 2025-06-16 21:44:47,810 auth 17156 3928 CSRF запрос от Origin: http://localhost:3000, Referer: http://localhost:3000/
DEBUG 2025-06-16 21:44:47,810 auth 17156 3928 User-Agent: Mozilla/5.0 (Windows NT 10.0; Win64; x64) AppleWebKit/537.36 (KHTML, like Gecko) Chrome/137.0.0.0 Safari/537.36
INFO 2025-06-16 21:44:47,810 auth 17156 3928 CSRF токен сгенерирован: aoKygq... (первые 6 символов)
DEBUG 2025-06-16 21:44:47,811 auth 17156 3928 Настройки CSRF cookie: {'csrf_cookie': {'name': 'csrftoken', 'secure': False, 'httponly': False, 'samesite': 'Lax'}}
INFO 2025-06-16 21:44:47,811 basehttp 17156 3928 "GET /api/auth/csrf/ HTTP/1.1" 200 58
INFO 2025-06-16 21:44:48,118 basehttp 17156 28352 "OPTIONS /api/orders/ HTTP/1.1" 200 0
DEBUG 2025-06-16 21:44:48,119 middleware 17156 3928 Request from origin: http://localhost:3000
INFO 2025-06-16 21:44:48,130 basehttp 17156 3928 "POST /api/orders/ HTTP/1.1" 201 221
DEBUG 2025-06-16 21:44:53,440 middleware 17156 3928 Request from origin: http://localhost:3000
DEBUG 2025-06-16 21:44:53,440 middleware 17156 3928 CSRF Processing path: api/auth/csrf/, Method: GET
DEBUG 2025-06-16 21:44:53,440 middleware 17156 3928 CSRF token in cookie: True
DEBUG 2025-06-16 21:44:53,440 middleware 17156 3928 CSRF token in header: False
DEBUG 2025-06-16 21:44:53,441 middleware 17156 3928 CSRF cookie token (first 6): 2s43V9...
INFO 2025-06-16 21:44:53,443 auth 17156 3928 Запрос CSRF токена
INFO 2025-06-16 21:44:53,443 auth 17156 3928 CSRF запрос от Origin: http://localhost:3000, Referer: http://localhost:3000/
DEBUG 2025-06-16 21:44:53,444 auth 17156 3928 User-Agent: Mozilla/5.0 (Windows NT 10.0; Win64; x64) AppleWebKit/537.36 (KHTML, like Gecko) Chrome/137.0.0.0 Safari/537.36
INFO 2025-06-16 21:44:53,444 auth 17156 3928 CSRF токен сгенерирован: EViD4m... (первые 6 символов)
DEBUG 2025-06-16 21:44:53,444 auth 17156 3928 Настройки CSRF cookie: {'csrf_cookie': {'name': 'csrftoken', 'secure': False, 'httponly': False, 'samesite': 'Lax'}}
INFO 2025-06-16 21:44:53,445 basehttp 17156 3928 "GET /api/auth/csrf/ HTTP/1.1" 200 58
DEBUG 2025-06-16 21:44:53,446 middleware 17156 12420 Request from origin: http://localhost:3000
DEBUG 2025-06-16 21:44:53,446 middleware 17156 12420 CSRF Processing path: api/auth/csrf/, Method: GET
DEBUG 2025-06-16 21:44:53,446 middleware 17156 12420 CSRF token in cookie: True
DEBUG 2025-06-16 21:44:53,446 middleware 17156 12420 CSRF token in header: False
DEBUG 2025-06-16 21:44:53,447 middleware 17156 12420 CSRF cookie token (first 6): 2s43V9...
INFO 2025-06-16 21:44:53,450 auth 17156 12420 Запрос CSRF токена
INFO 2025-06-16 21:44:53,450 auth 17156 12420 CSRF запрос от Origin: http://localhost:3000, Referer: http://localhost:3000/
DEBUG 2025-06-16 21:44:53,450 auth 17156 12420 User-Agent: Mozilla/5.0 (Windows NT 10.0; Win64; x64) AppleWebKit/537.36 (KHTML, like Gecko) Chrome/137.0.0.0 Safari/537.36
INFO 2025-06-16 21:44:53,450 auth 17156 12420 CSRF токен сгенерирован: o5tskG... (первые 6 символов)
DEBUG 2025-06-16 21:44:53,451 auth 17156 12420 Настройки CSRF cookie: {'csrf_cookie': {'name': 'csrftoken', 'secure': False, 'httponly': False, 'samesite': 'Lax'}}
INFO 2025-06-16 21:44:53,451 basehttp 17156 12420 "GET /api/auth/csrf/ HTTP/1.1" 200 58
DEBUG 2025-06-16 21:45:02,964 middleware 17156 12420 Request from origin: http://localhost:3000
DEBUG 2025-06-16 21:45:02,964 middleware 17156 12420 CSRF Processing path: api/auth/csrf/, Method: GET
DEBUG 2025-06-16 21:45:02,965 middleware 17156 12420 CSRF token in cookie: True
DEBUG 2025-06-16 21:45:02,965 middleware 17156 12420 CSRF token in header: False
DEBUG 2025-06-16 21:45:02,965 middleware 17156 12420 CSRF cookie token (first 6): 2s43V9...
INFO 2025-06-16 21:45:02,967 auth 17156 12420 Запрос CSRF токена
INFO 2025-06-16 21:45:02,967 auth 17156 12420 CSRF запрос от Origin: http://localhost:3000, Referer: http://localhost:3000/
DEBUG 2025-06-16 21:45:02,967 auth 17156 12420 User-Agent: Mozilla/5.0 (Windows NT 10.0; Win64; x64) AppleWebKit/537.36 (KHTML, like Gecko) Chrome/137.0.0.0 Safari/537.36
INFO 2025-06-16 21:45:02,968 auth 17156 12420 CSRF токен сгенерирован: ADkd0n... (первые 6 символов)
DEBUG 2025-06-16 21:45:02,968 auth 17156 12420 Настройки CSRF cookie: {'csrf_cookie': {'name': 'csrftoken', 'secure': False, 'httponly': False, 'samesite': 'Lax'}}
INFO 2025-06-16 21:45:02,968 basehttp 17156 12420 "GET /api/auth/csrf/ HTTP/1.1" 200 58
DEBUG 2025-06-16 21:45:03,799 middleware 17156 12420 Request from origin: http://localhost:3000
DEBUG 2025-06-16 21:45:03,800 middleware 17156 12420 CSRF Processing path: api/auth/csrf/, Method: GET
DEBUG 2025-06-16 21:45:03,800 middleware 17156 12420 CSRF token in cookie: True
DEBUG 2025-06-16 21:45:03,800 middleware 17156 12420 CSRF token in header: False
DEBUG 2025-06-16 21:45:03,800 middleware 17156 12420 CSRF cookie token (first 6): 2s43V9...
INFO 2025-06-16 21:45:03,803 auth 17156 12420 Запрос CSRF токена
INFO 2025-06-16 21:45:03,803 auth 17156 12420 CSRF запрос от Origin: http://localhost:3000, Referer: http://localhost:3000/
DEBUG 2025-06-16 21:45:03,803 auth 17156 12420 User-Agent: Mozilla/5.0 (Windows NT 10.0; Win64; x64) AppleWebKit/537.36 (KHTML, like Gecko) Chrome/137.0.0.0 Safari/537.36
INFO 2025-06-16 21:45:03,803 auth 17156 12420 CSRF токен сгенерирован: wZtriS... (первые 6 символов)
DEBUG 2025-06-16 21:45:03,804 auth 17156 12420 Настройки CSRF cookie: {'csrf_cookie': {'name': 'csrftoken', 'secure': False, 'httponly': False, 'samesite': 'Lax'}}
INFO 2025-06-16 21:45:03,804 basehttp 17156 12420 "GET /api/auth/csrf/ HTTP/1.1" 200 58
DEBUG 2025-06-16 21:45:04,111 middleware 17156 12420 Request from origin: http://localhost:3000
DEBUG 2025-06-16 21:45:04,111 middleware 17156 12420 CSRF Processing path: api/auth/csrf/, Method: GET
DEBUG 2025-06-16 21:45:04,112 middleware 17156 12420 CSRF token in cookie: True
DEBUG 2025-06-16 21:45:04,112 middleware 17156 12420 CSRF token in header: False
DEBUG 2025-06-16 21:45:04,112 middleware 17156 12420 CSRF cookie token (first 6): 2s43V9...
INFO 2025-06-16 21:45:04,114 auth 17156 12420 Запрос CSRF токена
INFO 2025-06-16 21:45:04,114 auth 17156 12420 CSRF запрос от Origin: http://localhost:3000, Referer: http://localhost:3000/
DEBUG 2025-06-16 21:45:04,114 auth 17156 12420 User-Agent: Mozilla/5.0 (Windows NT 10.0; Win64; x64) AppleWebKit/537.36 (KHTML, like Gecko) Chrome/137.0.0.0 Safari/537.36
INFO 2025-06-16 21:45:04,114 auth 17156 12420 CSRF токен сгенерирован: kSuYj3... (первые 6 символов)
DEBUG 2025-06-16 21:45:04,114 auth 17156 12420 Настройки CSRF cookie: {'csrf_cookie': {'name': 'csrftoken', 'secure': False, 'httponly': False, 'samesite': 'Lax'}}
INFO 2025-06-16 21:45:04,115 basehttp 17156 12420 "GET /api/auth/csrf/ HTTP/1.1" 200 58
DEBUG 2025-06-16 21:45:04,422 middleware 17156 12420 Request from origin: http://localhost:3000
DEBUG 2025-06-16 21:45:04,422 middleware 17156 12420 CSRF Processing path: api/auth/login/, Method: POST
DEBUG 2025-06-16 21:45:04,422 middleware 17156 12420 CSRF token in cookie: True
DEBUG 2025-06-16 21:45:04,422 middleware 17156 12420 CSRF token in header: True
DEBUG 2025-06-16 21:45:04,422 middleware 17156 12420 CSRF cookie token (first 6): 2s43V9...
DEBUG 2025-06-16 21:45:04,422 middleware 17156 12420 CSRF header token (first 6): 2s43V9...
INFO 2025-06-16 21:45:04,424 auth 17156 12420 Попытка входа с email: hello@gmail.com
DEBUG 2025-06-16 21:45:04,424 auth 17156 12420 Запрос входа: {'email': 'hello@gmail.com', 'password': 'A166DB701'}
INFO 2025-06-16 21:45:04,425 auth 17156 12420 CSRF токен в заголовке: 2s43V9...
INFO 2025-06-16 21:45:04,425 auth 17156 12420 Origin заголовок: http://localhost:3000
INFO 2025-06-16 21:45:04,425 auth 17156 12420 HTTP метод: POST
INFO 2025-06-16 21:45:04,425 auth 17156 12420 Content-Type: application/json
INFO 2025-06-16 21:45:04,425 auth 17156 12420 Cookies: {'sessionid': 'hvgi539dtztvoei2cus6q4t5umteicy4', 'csrftoken': '2s43V9lkU6LTiGQSeS5KQkTAig6D6sLk'}
INFO 2025-06-16 21:45:04,425 auth 17156 12420 HTTP_X_CSRFTOKEN: 2s43V9...
INFO 2025-06-16 21:45:04,426 auth 17156 12420 Cookie CSRF: 2s43V9...
INFO 2025-06-16 21:45:04,426 auth 17156 12420 CSRF токены совпадают: True
INFO 2025-06-16 21:45:04,426 auth 17156 12420 Проверка учетной записи: hello@gmail.com
INFO 2025-06-16 21:45:04,685 auth 17156 12420 Успешный вход пользователя: Hello
INFO 2025-06-16 21:45:04,687 auth 17156 12420 Пользователь Hello является владельцем ресторана Aliya
INFO 2025-06-16 21:45:04,687 auth 17156 12420 Данные для отправки: {'id': 2, 'email': 'hello@gmail.com', 'name': 'Hello', 'cafe_id': 1, 'role': 'owner'}
INFO 2025-06-16 21:45:04,692 basehttp 17156 12420 "POST /api/auth/login/ HTTP/1.1" 200 76
DEBUG 2025-06-16 21:45:05,023 middleware 17156 12420 Request from origin: http://localhost:3000
INFO 2025-06-16 21:45:05,028 basehttp 17156 12420 "GET /api/cafes/1/ HTTP/1.1" 200 447
DEBUG 2025-06-16 21:45:05,029 middleware 17156 3928 Request from origin: http://localhost:3000
DEBUG 2025-06-16 21:45:05,033 middleware 17156 12420 Request from origin: http://localhost:3000
INFO 2025-06-16 21:45:05,036 basehttp 17156 3928 "GET /api/cafes/1/ HTTP/1.1" 200 447
INFO 2025-06-16 21:45:05,041 basehttp 17156 12420 "GET /api/cafes/1/statistics/ HTTP/1.1" 200 87
DEBUG 2025-06-16 21:45:05,042 middleware 17156 3928 Request from origin: http://localhost:3000
DEBUG 2025-06-16 21:45:05,045 middleware 17156 12420 Request from origin: http://localhost:3000
INFO 2025-06-16 21:45:05,049 basehttp 17156 3928 "GET /api/cafes/1/statistics/ HTTP/1.1" 200 87
INFO 2025-06-16 21:45:05,053 basehttp 17156 12420 "GET /api/orders/?cafe=1 HTTP/1.1" 200 495
DEBUG 2025-06-16 21:45:05,054 middleware 17156 3928 Request from origin: http://localhost:3000
INFO 2025-06-16 21:45:05,061 basehttp 17156 3928 "GET /api/orders/?cafe=1 HTTP/1.1" 200 495
DEBUG 2025-06-16 21:45:12,694 middleware 17156 21776 Request from origin: http://localhost:3000
DEBUG 2025-06-16 21:45:12,695 middleware 17156 15344 Request from origin: http://localhost:3000
INFO 2025-06-16 21:45:12,702 basehttp 17156 21776 "GET /api/cafes/?city=1&t=1750081512685 HTTP/1.1" 200 499
INFO 2025-06-16 21:45:12,703 basehttp 17156 15344 "GET /api/cafes/?city=1&t=1750081512687 HTTP/1.1" 200 499
DEBUG 2025-06-16 21:45:12,712 middleware 17156 15344 Request from origin: 
INFO 2025-06-16 21:45:12,713 basehttp 17156 15344 "GET /media/cafe_covers/XXXL_1_1_ENDyb7O.webp?t=1750081512683 HTTP/1.1" 200 100380
DEBUG 2025-06-16 21:45:13,347 middleware 17156 3928 Request from origin: http://localhost:3000
DEBUG 2025-06-16 21:45:13,353 views 17156 3928 Menu item: Шурпа, image: 'http://localhost:8000/media/menu_items/1ef19980-8e08-45b7-aff2-5292b5797aa9_kJopm0u.jpeg', image_full_url: 'http://localhost:8000/media/menu_items/1ef19980-8e08-45b7-aff2-5292b5797aa9_kJopm0u.jpeg'
INFO 2025-06-16 21:45:13,353 basehttp 17156 3928 "GET /api/menu-items/?cafe=1 HTTP/1.1" 200 471
DEBUG 2025-06-16 21:45:13,355 middleware 17156 12420 Request from origin: http://localhost:3000
DEBUG 2025-06-16 21:45:13,359 views 17156 12420 Menu item: Шурпа, image: 'http://localhost:8000/media/menu_items/1ef19980-8e08-45b7-aff2-5292b5797aa9_kJopm0u.jpeg', image_full_url: 'http://localhost:8000/media/menu_items/1ef19980-8e08-45b7-aff2-5292b5797aa9_kJopm0u.jpeg'
INFO 2025-06-16 21:45:13,360 basehttp 17156 12420 "GET /api/menu-items/?cafe=1 HTTP/1.1" 200 471
DEBUG 2025-06-16 21:45:44,659 middleware 17156 15344 Request from origin: http://localhost:3000
DEBUG 2025-06-16 21:45:44,663 middleware 17156 21776 Request from origin: http://localhost:3000
INFO 2025-06-16 21:45:44,665 basehttp 17156 15344 "GET /api/cafes/?city=1&t=1750081544653 HTTP/1.1" 200 499
INFO 2025-06-16 21:45:44,669 basehttp 17156 21776 "GET /api/cafes/?city=1&t=1750081544654 HTTP/1.1" 200 499
DEBUG 2025-06-16 21:45:44,677 middleware 17156 21776 Request from origin: 
INFO 2025-06-16 21:45:44,678 basehttp 17156 21776 "GET /media/cafe_covers/XXXL_1_1_ENDyb7O.webp?t=1750081544651 HTTP/1.1" 200 100380
DEBUG 2025-06-16 21:45:45,287 middleware 17156 12420 Request from origin: http://localhost:3000
DEBUG 2025-06-16 21:45:45,292 views 17156 12420 Menu item: Шурпа, image: 'http://localhost:8000/media/menu_items/1ef19980-8e08-45b7-aff2-5292b5797aa9_kJopm0u.jpeg', image_full_url: 'http://localhost:8000/media/menu_items/1ef19980-8e08-45b7-aff2-5292b5797aa9_kJopm0u.jpeg'
INFO 2025-06-16 21:45:45,293 basehttp 17156 12420 "GET /api/menu-items/?cafe=1 HTTP/1.1" 200 471
DEBUG 2025-06-16 21:45:45,294 middleware 17156 3928 Request from origin: http://localhost:3000
DEBUG 2025-06-16 21:45:45,298 views 17156 3928 Menu item: Шурпа, image: 'http://localhost:8000/media/menu_items/1ef19980-8e08-45b7-aff2-5292b5797aa9_kJopm0u.jpeg', image_full_url: 'http://localhost:8000/media/menu_items/1ef19980-8e08-45b7-aff2-5292b5797aa9_kJopm0u.jpeg'
INFO 2025-06-16 21:45:45,299 basehttp 17156 3928 "GET /api/menu-items/?cafe=1 HTTP/1.1" 200 471
INFO 2025-06-18 06:28:20,115 autoreload 34956 14688 Watching for file changes with StatReloader
INFO 2025-06-18 06:28:20,563 middleware 34956 29960 CORS Middleware initialized with allowed origins: ['http://localhost', 'http://localhost:3000', 'http://localhost:80', 'http://127.0.0.1', 'http://127.0.0.1:3000', 'http://127.0.0.1:80', 'http://frontend', 'http://localhost:3001', 'http://127.0.0.1:3001', 'http://localhost:8000', 'http://127.0.0.1:8000', 'https://ec4db675c64c9f.lhr.life']
INFO 2025-06-18 06:28:20,564 middleware 34956 29960 Custom CSRF Middleware initialized with exempt paths: ['/api/auth/login/', '/api/auth/csrf/']
DEBUG 2025-06-18 06:28:30,916 middleware 34956 9704 Request from origin: http://localhost:3000
INFO 2025-06-18 06:28:30,924 views 34956 9704 Health check запрос от 127.0.0.1: ok
INFO 2025-06-18 06:28:30,925 basehttp 34956 9704 "GET /api/health/ HTTP/1.1" 200 250
DEBUG 2025-06-18 06:28:30,927 middleware 34956 9704 Request from origin: http://localhost:3000
INFO 2025-06-18 06:28:30,930 views 34956 9704 Health check запрос от 127.0.0.1: ok
INFO 2025-06-18 06:28:30,931 basehttp 34956 9704 "GET /api/health/ HTTP/1.1" 200 250
DEBUG 2025-06-18 06:28:30,940 middleware 34956 9704 Request from origin: http://localhost:3000
INFO 2025-06-18 06:28:30,950 basehttp 34956 9704 "GET /api/cities/ HTTP/1.1" 200 168
DEBUG 2025-06-18 06:28:30,960 middleware 34956 9704 Request from origin: http://localhost:3000
DEBUG 2025-06-18 06:28:30,964 middleware 34956 33068 Request from origin: http://localhost:3000
INFO 2025-06-18 06:28:30,964 basehttp 34956 9704 "GET /api/cities/ HTTP/1.1" 200 168
DEBUG 2025-06-18 06:28:30,969 middleware 34956 9704 Request from origin: http://localhost:3000
INFO 2025-06-18 06:28:30,976 basehttp 34956 33068 "GET /api/cafes/?city=1&t=1750199310960 HTTP/1.1" 200 499
INFO 2025-06-18 06:28:30,978 basehttp 34956 9704 "GET /api/cafes/?city=1&t=1750199310966 HTTP/1.1" 200 499
DEBUG 2025-06-18 06:28:30,981 middleware 34956 9704 Request from origin: http://localhost:3000
DEBUG 2025-06-18 06:28:30,985 views 34956 9704 Menu item: Шурпа, image: 'http://localhost:8000/media/menu_items/1ef19980-8e08-45b7-aff2-5292b5797aa9_kJopm0u.jpeg', image_full_url: 'http://localhost:8000/media/menu_items/1ef19980-8e08-45b7-aff2-5292b5797aa9_kJopm0u.jpeg'
INFO 2025-06-18 06:28:30,986 basehttp 34956 9704 "GET /api/menu-items/?cafe=1 HTTP/1.1" 200 471
DEBUG 2025-06-18 06:28:30,987 middleware 34956 9704 Request from origin: http://localhost:3000
DEBUG 2025-06-18 06:28:30,991 views 34956 9704 Menu item: Шурпа, image: 'http://localhost:8000/media/menu_items/1ef19980-8e08-45b7-aff2-5292b5797aa9_kJopm0u.jpeg', image_full_url: 'http://localhost:8000/media/menu_items/1ef19980-8e08-45b7-aff2-5292b5797aa9_kJopm0u.jpeg'
INFO 2025-06-18 06:28:30,992 basehttp 34956 9704 "GET /api/menu-items/?cafe=1 HTTP/1.1" 200 471
DEBUG 2025-06-18 06:28:33,126 middleware 34956 32548 Request from origin: http://localhost:3000
DEBUG 2025-06-18 06:28:33,127 middleware 34956 22384 Request from origin: http://localhost:3000
INFO 2025-06-18 06:28:33,133 basehttp 34956 32548 "GET /api/cafes/?city=1&t=1750199313123 HTTP/1.1" 200 499
INFO 2025-06-18 06:28:33,134 basehttp 34956 22384 "GET /api/cafes/?city=1&t=1750199313124 HTTP/1.1" 200 499
DEBUG 2025-06-18 06:28:33,151 middleware 34956 22384 Request from origin: 
INFO 2025-06-18 06:28:33,188 basehttp 34956 22384 "GET /media/cafe_covers/XXXL_1_1_ENDyb7O.webp?t=1750199313111 HTTP/1.1" 200 100380
DEBUG 2025-06-18 06:28:34,482 middleware 34956 29508 Request from origin: http://localhost:3000
DEBUG 2025-06-18 06:28:34,485 views 34956 29508 Menu item: Шурпа, image: 'http://localhost:8000/media/menu_items/1ef19980-8e08-45b7-aff2-5292b5797aa9_kJopm0u.jpeg', image_full_url: 'http://localhost:8000/media/menu_items/1ef19980-8e08-45b7-aff2-5292b5797aa9_kJopm0u.jpeg'
INFO 2025-06-18 06:28:34,486 basehttp 34956 29508 "GET /api/menu-items/?cafe=1 HTTP/1.1" 200 471
DEBUG 2025-06-18 06:28:34,488 middleware 34956 29508 Request from origin: http://localhost:3000
DEBUG 2025-06-18 06:28:34,494 views 34956 29508 Menu item: Шурпа, image: 'http://localhost:8000/media/menu_items/1ef19980-8e08-45b7-aff2-5292b5797aa9_kJopm0u.jpeg', image_full_url: 'http://localhost:8000/media/menu_items/1ef19980-8e08-45b7-aff2-5292b5797aa9_kJopm0u.jpeg'
INFO 2025-06-18 06:28:34,495 basehttp 34956 29508 "GET /api/menu-items/?cafe=1 HTTP/1.1" 200 471
DEBUG 2025-06-18 06:28:35,000 middleware 34956 29508 Request from origin: 
INFO 2025-06-18 06:28:35,003 basehttp 34956 29508 "GET /media/menu_items/1ef19980-8e08-45b7-aff2-5292b5797aa9_kJopm0u.jpeg HTTP/1.1" 200 393205
DEBUG 2025-06-18 06:28:45,352 middleware 34956 29508 Request from origin: http://localhost:3000
DEBUG 2025-06-18 06:28:45,356 views 34956 29508 Menu item: Шурпа, image: 'http://localhost:8000/media/menu_items/1ef19980-8e08-45b7-aff2-5292b5797aa9_kJopm0u.jpeg', image_full_url: 'http://localhost:8000/media/menu_items/1ef19980-8e08-45b7-aff2-5292b5797aa9_kJopm0u.jpeg'
INFO 2025-06-18 06:28:45,357 basehttp 34956 29508 "GET /api/menu-items/?cafe=1 HTTP/1.1" 200 471
DEBUG 2025-06-18 06:28:45,358 middleware 34956 29508 Request from origin: http://localhost:3000
DEBUG 2025-06-18 06:28:45,363 views 34956 29508 Menu item: Шурпа, image: 'http://localhost:8000/media/menu_items/1ef19980-8e08-45b7-aff2-5292b5797aa9_kJopm0u.jpeg', image_full_url: 'http://localhost:8000/media/menu_items/1ef19980-8e08-45b7-aff2-5292b5797aa9_kJopm0u.jpeg'
INFO 2025-06-18 06:28:45,363 basehttp 34956 29508 "GET /api/menu-items/?cafe=1 HTTP/1.1" 200 471
DEBUG 2025-06-18 06:28:49,613 middleware 34956 29508 Request from origin: http://localhost:3000
DEBUG 2025-06-18 06:28:49,613 middleware 34956 29508 CSRF Processing path: api/auth/csrf/, Method: GET
DEBUG 2025-06-18 06:28:49,613 middleware 34956 29508 CSRF token in cookie: True
DEBUG 2025-06-18 06:28:49,613 middleware 34956 29508 CSRF token in header: False
DEBUG 2025-06-18 06:28:49,614 middleware 34956 29508 CSRF cookie token (first 6): h2WvKM...
INFO 2025-06-18 06:28:49,614 auth 34956 29508 Запрос CSRF токена
INFO 2025-06-18 06:28:49,614 auth 34956 29508 CSRF запрос от Origin: http://localhost:3000, Referer: http://localhost:3000/
DEBUG 2025-06-18 06:28:49,614 auth 34956 29508 User-Agent: Mozilla/5.0 (Windows NT 10.0; Win64; x64) AppleWebKit/537.36 (KHTML, like Gecko) Chrome/134.0.0.0 Safari/537.36 OPR/119.0.0.0
INFO 2025-06-18 06:28:49,614 auth 34956 29508 CSRF токен сгенерирован: PlgCTz... (первые 6 символов)
DEBUG 2025-06-18 06:28:49,615 auth 34956 29508 Настройки CSRF cookie: {'csrf_cookie': {'name': 'csrftoken', 'secure': False, 'httponly': False, 'samesite': 'Lax'}}
INFO 2025-06-18 06:28:49,615 basehttp 34956 29508 "GET /api/auth/csrf/ HTTP/1.1" 200 58
DEBUG 2025-06-18 06:28:49,616 middleware 34956 29508 Request from origin: http://localhost:3000
DEBUG 2025-06-18 06:28:49,616 middleware 34956 29508 CSRF Processing path: api/auth/csrf/, Method: GET
DEBUG 2025-06-18 06:28:49,617 middleware 34956 29508 CSRF token in cookie: True
DEBUG 2025-06-18 06:28:49,617 middleware 34956 29508 CSRF token in header: False
DEBUG 2025-06-18 06:28:49,617 middleware 34956 29508 CSRF cookie token (first 6): h2WvKM...
INFO 2025-06-18 06:28:49,617 auth 34956 29508 Запрос CSRF токена
INFO 2025-06-18 06:28:49,617 auth 34956 29508 CSRF запрос от Origin: http://localhost:3000, Referer: http://localhost:3000/
DEBUG 2025-06-18 06:28:49,617 auth 34956 29508 User-Agent: Mozilla/5.0 (Windows NT 10.0; Win64; x64) AppleWebKit/537.36 (KHTML, like Gecko) Chrome/134.0.0.0 Safari/537.36 OPR/119.0.0.0
INFO 2025-06-18 06:28:49,618 auth 34956 29508 CSRF токен сгенерирован: uBOdFC... (первые 6 символов)
DEBUG 2025-06-18 06:28:49,618 auth 34956 29508 Настройки CSRF cookie: {'csrf_cookie': {'name': 'csrftoken', 'secure': False, 'httponly': False, 'samesite': 'Lax'}}
INFO 2025-06-18 06:28:49,618 basehttp 34956 29508 "GET /api/auth/csrf/ HTTP/1.1" 200 58
DEBUG 2025-06-18 06:28:55,846 middleware 34956 29508 Request from origin: http://localhost:3000
DEBUG 2025-06-18 06:28:55,847 middleware 34956 29508 CSRF Processing path: api/auth/csrf/, Method: GET
DEBUG 2025-06-18 06:28:55,847 middleware 34956 29508 CSRF token in cookie: True
DEBUG 2025-06-18 06:28:55,847 middleware 34956 29508 CSRF token in header: False
DEBUG 2025-06-18 06:28:55,847 middleware 34956 29508 CSRF cookie token (first 6): h2WvKM...
INFO 2025-06-18 06:28:55,848 auth 34956 29508 Запрос CSRF токена
INFO 2025-06-18 06:28:55,848 auth 34956 29508 CSRF запрос от Origin: http://localhost:3000, Referer: http://localhost:3000/
DEBUG 2025-06-18 06:28:55,848 auth 34956 29508 User-Agent: Mozilla/5.0 (Windows NT 10.0; Win64; x64) AppleWebKit/537.36 (KHTML, like Gecko) Chrome/134.0.0.0 Safari/537.36 OPR/119.0.0.0
INFO 2025-06-18 06:28:55,848 auth 34956 29508 CSRF токен сгенерирован: IyncFM... (первые 6 символов)
DEBUG 2025-06-18 06:28:55,848 auth 34956 29508 Настройки CSRF cookie: {'csrf_cookie': {'name': 'csrftoken', 'secure': False, 'httponly': False, 'samesite': 'Lax'}}
INFO 2025-06-18 06:28:55,849 basehttp 34956 29508 "GET /api/auth/csrf/ HTTP/1.1" 200 58
DEBUG 2025-06-18 06:28:56,657 middleware 34956 29508 Request from origin: http://localhost:3000
DEBUG 2025-06-18 06:28:56,657 middleware 34956 29508 CSRF Processing path: api/auth/csrf/, Method: GET
DEBUG 2025-06-18 06:28:56,657 middleware 34956 29508 CSRF token in cookie: True
DEBUG 2025-06-18 06:28:56,658 middleware 34956 29508 CSRF token in header: False
DEBUG 2025-06-18 06:28:56,658 middleware 34956 29508 CSRF cookie token (first 6): h2WvKM...
INFO 2025-06-18 06:28:56,658 auth 34956 29508 Запрос CSRF токена
INFO 2025-06-18 06:28:56,658 auth 34956 29508 CSRF запрос от Origin: http://localhost:3000, Referer: http://localhost:3000/
DEBUG 2025-06-18 06:28:56,658 auth 34956 29508 User-Agent: Mozilla/5.0 (Windows NT 10.0; Win64; x64) AppleWebKit/537.36 (KHTML, like Gecko) Chrome/134.0.0.0 Safari/537.36 OPR/119.0.0.0
INFO 2025-06-18 06:28:56,659 auth 34956 29508 CSRF токен сгенерирован: WivFik... (первые 6 символов)
DEBUG 2025-06-18 06:28:56,659 auth 34956 29508 Настройки CSRF cookie: {'csrf_cookie': {'name': 'csrftoken', 'secure': False, 'httponly': False, 'samesite': 'Lax'}}
INFO 2025-06-18 06:28:56,659 basehttp 34956 29508 "GET /api/auth/csrf/ HTTP/1.1" 200 58
DEBUG 2025-06-18 06:28:56,964 middleware 34956 29508 Request from origin: http://localhost:3000
DEBUG 2025-06-18 06:28:56,964 middleware 34956 29508 CSRF Processing path: api/auth/csrf/, Method: GET
DEBUG 2025-06-18 06:28:56,965 middleware 34956 29508 CSRF token in cookie: True
DEBUG 2025-06-18 06:28:56,965 middleware 34956 29508 CSRF token in header: False
DEBUG 2025-06-18 06:28:56,965 middleware 34956 29508 CSRF cookie token (first 6): h2WvKM...
INFO 2025-06-18 06:28:56,965 auth 34956 29508 Запрос CSRF токена
INFO 2025-06-18 06:28:56,965 auth 34956 29508 CSRF запрос от Origin: http://localhost:3000, Referer: http://localhost:3000/
DEBUG 2025-06-18 06:28:56,965 auth 34956 29508 User-Agent: Mozilla/5.0 (Windows NT 10.0; Win64; x64) AppleWebKit/537.36 (KHTML, like Gecko) Chrome/134.0.0.0 Safari/537.36 OPR/119.0.0.0
INFO 2025-06-18 06:28:56,966 auth 34956 29508 CSRF токен сгенерирован: RPAXGB... (первые 6 символов)
DEBUG 2025-06-18 06:28:56,966 auth 34956 29508 Настройки CSRF cookie: {'csrf_cookie': {'name': 'csrftoken', 'secure': False, 'httponly': False, 'samesite': 'Lax'}}
INFO 2025-06-18 06:28:56,966 basehttp 34956 29508 "GET /api/auth/csrf/ HTTP/1.1" 200 58
INFO 2025-06-18 06:28:57,583 basehttp 34956 11292 "OPTIONS /api/auth/login/ HTTP/1.1" 200 0
DEBUG 2025-06-18 06:28:57,584 middleware 34956 29508 Request from origin: http://localhost:3000
DEBUG 2025-06-18 06:28:57,584 middleware 34956 29508 CSRF Processing path: api/auth/login/, Method: POST
DEBUG 2025-06-18 06:28:57,585 middleware 34956 29508 CSRF token in cookie: True
DEBUG 2025-06-18 06:28:57,585 middleware 34956 29508 CSRF token in header: True
DEBUG 2025-06-18 06:28:57,585 middleware 34956 29508 CSRF cookie token (first 6): h2WvKM...
DEBUG 2025-06-18 06:28:57,585 middleware 34956 29508 CSRF header token (first 6): h2WvKM...
INFO 2025-06-18 06:28:57,586 auth 34956 29508 Попытка входа с email: hello@gmail.com
DEBUG 2025-06-18 06:28:57,586 auth 34956 29508 Запрос входа: {'email': 'hello@gmail.com', 'password': 'A166DB701'}
INFO 2025-06-18 06:28:57,586 auth 34956 29508 CSRF токен в заголовке: h2WvKM...
INFO 2025-06-18 06:28:57,586 auth 34956 29508 Origin заголовок: http://localhost:3000
INFO 2025-06-18 06:28:57,587 auth 34956 29508 HTTP метод: POST
INFO 2025-06-18 06:28:57,587 auth 34956 29508 Content-Type: application/json
INFO 2025-06-18 06:28:57,587 auth 34956 29508 Cookies: {'csrftoken': 'h2WvKMrE6Vao7WjLc4dIHaRgWzlio9yZ'}
INFO 2025-06-18 06:28:57,587 auth 34956 29508 HTTP_X_CSRFTOKEN: h2WvKM...
INFO 2025-06-18 06:28:57,587 auth 34956 29508 Cookie CSRF: h2WvKM...
INFO 2025-06-18 06:28:57,587 auth 34956 29508 CSRF токены совпадают: True
INFO 2025-06-18 06:28:57,588 auth 34956 29508 Проверка учетной записи: hello@gmail.com
INFO 2025-06-18 06:28:57,860 auth 34956 29508 Успешный вход пользователя: Hello
INFO 2025-06-18 06:28:57,863 auth 34956 29508 Пользователь Hello является владельцем ресторана Aliya
INFO 2025-06-18 06:28:57,863 auth 34956 29508 Данные для отправки: {'id': 2, 'email': 'hello@gmail.com', 'name': 'Hello', 'cafe_id': 1, 'role': 'owner'}
INFO 2025-06-18 06:28:57,868 basehttp 34956 29508 "POST /api/auth/login/ HTTP/1.1" 200 76
DEBUG 2025-06-18 06:28:57,887 middleware 34956 29508 Request from origin: http://localhost:3000
INFO 2025-06-18 06:28:57,894 basehttp 34956 29508 "GET /api/cafes/1/ HTTP/1.1" 200 447
DEBUG 2025-06-18 06:28:57,896 middleware 34956 29508 Request from origin: http://localhost:3000
DEBUG 2025-06-18 06:28:57,897 middleware 34956 19820 Request from origin: http://localhost:3000
INFO 2025-06-18 06:28:57,902 basehttp 34956 29508 "GET /api/cafes/1/ HTTP/1.1" 200 447
INFO 2025-06-18 06:28:57,907 basehttp 34956 19820 "GET /api/cafes/1/statistics/ HTTP/1.1" 200 87
DEBUG 2025-06-18 06:28:57,908 middleware 34956 19820 Request from origin: http://localhost:3000
DEBUG 2025-06-18 06:28:57,910 middleware 34956 29508 Request from origin: http://localhost:3000
INFO 2025-06-18 06:28:57,918 basehttp 34956 19820 "GET /api/cafes/1/statistics/ HTTP/1.1" 200 87
ERROR 2025-06-18 06:28:57,950 log 34956 29508 Internal Server Error: /api/orders/
Traceback (most recent call last):
  File "C:\Users\AsusLaptop\AppData\Local\Programs\Python\Python313\Lib\site-packages\django\db\backends\utils.py", line 105, in _execute
    return self.cursor.execute(sql, params)
           ~~~~~~~~~~~~~~~~~~~^^^^^^^^^^^^^
  File "C:\Users\AsusLaptop\AppData\Local\Programs\Python\Python313\Lib\site-packages\django\db\backends\sqlite3\base.py", line 329, in execute
    return super().execute(query, params)
           ~~~~~~~~~~~~~~~^^^^^^^^^^^^^^^
sqlite3.OperationalError: no such column: cafes_order.client_order_id

The above exception was the direct cause of the following exception:

Traceback (most recent call last):
  File "C:\Users\AsusLaptop\AppData\Local\Programs\Python\Python313\Lib\site-packages\django\core\handlers\exception.py", line 55, in inner
    response = get_response(request)
  File "C:\Users\AsusLaptop\AppData\Local\Programs\Python\Python313\Lib\site-packages\django\core\handlers\base.py", line 197, in _get_response
    response = wrapped_callback(request, *callback_args, **callback_kwargs)
  File "C:\Users\AsusLaptop\AppData\Local\Programs\Python\Python313\Lib\site-packages\django\views\decorators\csrf.py", line 65, in _view_wrapper
    return view_func(request, *args, **kwargs)
  File "C:\Users\AsusLaptop\AppData\Local\Programs\Python\Python313\Lib\site-packages\rest_framework\viewsets.py", line 125, in view
    return self.dispatch(request, *args, **kwargs)
           ~~~~~~~~~~~~~^^^^^^^^^^^^^^^^^^^^^^^^^^
  File "C:\Users\AsusLaptop\AppData\Local\Programs\Python\Python313\Lib\site-packages\rest_framework\views.py", line 509, in dispatch
    response = self.handle_exception(exc)
  File "C:\Users\AsusLaptop\AppData\Local\Programs\Python\Python313\Lib\site-packages\rest_framework\views.py", line 469, in handle_exception
    self.raise_uncaught_exception(exc)
    ~~~~~~~~~~~~~~~~~~~~~~~~~~~~~^^^^^
  File "C:\Users\AsusLaptop\AppData\Local\Programs\Python\Python313\Lib\site-packages\rest_framework\views.py", line 480, in raise_uncaught_exception
    raise exc
  File "C:\Users\AsusLaptop\AppData\Local\Programs\Python\Python313\Lib\site-packages\rest_framework\views.py", line 506, in dispatch
    response = handler(request, *args, **kwargs)
  File "C:\Users\AsusLaptop\AppData\Local\Programs\Python\Python313\Lib\site-packages\rest_framework\mixins.py", line 40, in list
    page = self.paginate_queryset(queryset)
  File "C:\Users\AsusLaptop\AppData\Local\Programs\Python\Python313\Lib\site-packages\rest_framework\generics.py", line 171, in paginate_queryset
    return self.paginator.paginate_queryset(queryset, self.request, view=self)
           ~~~~~~~~~~~~~~~~~~~~~~~~~~~~~~~~^^^^^^^^^^^^^^^^^^^^^^^^^^^^^^^^^^^
  File "C:\Users\AsusLaptop\AppData\Local\Programs\Python\Python313\Lib\site-packages\rest_framework\pagination.py", line 216, in paginate_queryset
    return list(self.page)
  File "C:\Users\AsusLaptop\AppData\Local\Programs\Python\Python313\Lib\site-packages\django\core\paginator.py", line 191, in __len__
    return len(self.object_list)
  File "C:\Users\AsusLaptop\AppData\Local\Programs\Python\Python313\Lib\site-packages\django\db\models\query.py", line 382, in __len__
    self._fetch_all()
    ~~~~~~~~~~~~~~~^^
  File "C:\Users\AsusLaptop\AppData\Local\Programs\Python\Python313\Lib\site-packages\django\db\models\query.py", line 1928, in _fetch_all
    self._result_cache = list(self._iterable_class(self))
                         ~~~~^^^^^^^^^^^^^^^^^^^^^^^^^^^^
  File "C:\Users\AsusLaptop\AppData\Local\Programs\Python\Python313\Lib\site-packages\django\db\models\query.py", line 91, in __iter__
    results = compiler.execute_sql(
        chunked_fetch=self.chunked_fetch, chunk_size=self.chunk_size
    )
  File "C:\Users\AsusLaptop\AppData\Local\Programs\Python\Python313\Lib\site-packages\django\db\models\sql\compiler.py", line 1562, in execute_sql
    cursor.execute(sql, params)
    ~~~~~~~~~~~~~~^^^^^^^^^^^^^
  File "C:\Users\AsusLaptop\AppData\Local\Programs\Python\Python313\Lib\site-packages\django\db\backends\utils.py", line 122, in execute
    return super().execute(sql, params)
           ~~~~~~~~~~~~~~~^^^^^^^^^^^^^
  File "C:\Users\AsusLaptop\AppData\Local\Programs\Python\Python313\Lib\site-packages\django\db\backends\utils.py", line 79, in execute
    return self._execute_with_wrappers(
           ~~~~~~~~~~~~~~~~~~~~~~~~~~~^
        sql, params, many=False, executor=self._execute
        ^^^^^^^^^^^^^^^^^^^^^^^^^^^^^^^^^^^^^^^^^^^^^^^
    )
    ^
  File "C:\Users\AsusLaptop\AppData\Local\Programs\Python\Python313\Lib\site-packages\django\db\backends\utils.py", line 92, in _execute_with_wrappers
    return executor(sql, params, many, context)
  File "C:\Users\AsusLaptop\AppData\Local\Programs\Python\Python313\Lib\site-packages\django\db\backends\utils.py", line 100, in _execute
    with self.db.wrap_database_errors:
         ^^^^^^^^^^^^^^^^^^^^^^^^^^^^
  File "C:\Users\AsusLaptop\AppData\Local\Programs\Python\Python313\Lib\site-packages\django\db\utils.py", line 91, in __exit__
    raise dj_exc_value.with_traceback(traceback) from exc_value
  File "C:\Users\AsusLaptop\AppData\Local\Programs\Python\Python313\Lib\site-packages\django\db\backends\utils.py", line 105, in _execute
    return self.cursor.execute(sql, params)
           ~~~~~~~~~~~~~~~~~~~^^^^^^^^^^^^^
  File "C:\Users\AsusLaptop\AppData\Local\Programs\Python\Python313\Lib\site-packages\django\db\backends\sqlite3\base.py", line 329, in execute
    return super().execute(query, params)
           ~~~~~~~~~~~~~~~^^^^^^^^^^^^^^^
django.db.utils.OperationalError: no such column: cafes_order.client_order_id
ERROR 2025-06-18 06:28:57,958 basehttp 34956 29508 "GET /api/orders/?cafe=1 HTTP/1.1" 500 26967
DEBUG 2025-06-18 06:28:57,960 middleware 34956 19820 Request from origin: http://localhost:3000
ERROR 2025-06-18 06:28:57,981 log 34956 19820 Internal Server Error: /api/orders/
Traceback (most recent call last):
  File "C:\Users\AsusLaptop\AppData\Local\Programs\Python\Python313\Lib\site-packages\django\db\backends\utils.py", line 105, in _execute
    return self.cursor.execute(sql, params)
           ~~~~~~~~~~~~~~~~~~~^^^^^^^^^^^^^
  File "C:\Users\AsusLaptop\AppData\Local\Programs\Python\Python313\Lib\site-packages\django\db\backends\sqlite3\base.py", line 329, in execute
    return super().execute(query, params)
           ~~~~~~~~~~~~~~~^^^^^^^^^^^^^^^
sqlite3.OperationalError: no such column: cafes_order.client_order_id

The above exception was the direct cause of the following exception:

Traceback (most recent call last):
  File "C:\Users\AsusLaptop\AppData\Local\Programs\Python\Python313\Lib\site-packages\django\core\handlers\exception.py", line 55, in inner
    response = get_response(request)
  File "C:\Users\AsusLaptop\AppData\Local\Programs\Python\Python313\Lib\site-packages\django\core\handlers\base.py", line 197, in _get_response
    response = wrapped_callback(request, *callback_args, **callback_kwargs)
  File "C:\Users\AsusLaptop\AppData\Local\Programs\Python\Python313\Lib\site-packages\django\views\decorators\csrf.py", line 65, in _view_wrapper
    return view_func(request, *args, **kwargs)
  File "C:\Users\AsusLaptop\AppData\Local\Programs\Python\Python313\Lib\site-packages\rest_framework\viewsets.py", line 125, in view
    return self.dispatch(request, *args, **kwargs)
           ~~~~~~~~~~~~~^^^^^^^^^^^^^^^^^^^^^^^^^^
  File "C:\Users\AsusLaptop\AppData\Local\Programs\Python\Python313\Lib\site-packages\rest_framework\views.py", line 509, in dispatch
    response = self.handle_exception(exc)
  File "C:\Users\AsusLaptop\AppData\Local\Programs\Python\Python313\Lib\site-packages\rest_framework\views.py", line 469, in handle_exception
    self.raise_uncaught_exception(exc)
    ~~~~~~~~~~~~~~~~~~~~~~~~~~~~~^^^^^
  File "C:\Users\AsusLaptop\AppData\Local\Programs\Python\Python313\Lib\site-packages\rest_framework\views.py", line 480, in raise_uncaught_exception
    raise exc
  File "C:\Users\AsusLaptop\AppData\Local\Programs\Python\Python313\Lib\site-packages\rest_framework\views.py", line 506, in dispatch
    response = handler(request, *args, **kwargs)
  File "C:\Users\AsusLaptop\AppData\Local\Programs\Python\Python313\Lib\site-packages\rest_framework\mixins.py", line 40, in list
    page = self.paginate_queryset(queryset)
  File "C:\Users\AsusLaptop\AppData\Local\Programs\Python\Python313\Lib\site-packages\rest_framework\generics.py", line 171, in paginate_queryset
    return self.paginator.paginate_queryset(queryset, self.request, view=self)
           ~~~~~~~~~~~~~~~~~~~~~~~~~~~~~~~~^^^^^^^^^^^^^^^^^^^^^^^^^^^^^^^^^^^
  File "C:\Users\AsusLaptop\AppData\Local\Programs\Python\Python313\Lib\site-packages\rest_framework\pagination.py", line 216, in paginate_queryset
    return list(self.page)
  File "C:\Users\AsusLaptop\AppData\Local\Programs\Python\Python313\Lib\site-packages\django\core\paginator.py", line 191, in __len__
    return len(self.object_list)
  File "C:\Users\AsusLaptop\AppData\Local\Programs\Python\Python313\Lib\site-packages\django\db\models\query.py", line 382, in __len__
    self._fetch_all()
    ~~~~~~~~~~~~~~~^^
  File "C:\Users\AsusLaptop\AppData\Local\Programs\Python\Python313\Lib\site-packages\django\db\models\query.py", line 1928, in _fetch_all
    self._result_cache = list(self._iterable_class(self))
                         ~~~~^^^^^^^^^^^^^^^^^^^^^^^^^^^^
  File "C:\Users\AsusLaptop\AppData\Local\Programs\Python\Python313\Lib\site-packages\django\db\models\query.py", line 91, in __iter__
    results = compiler.execute_sql(
        chunked_fetch=self.chunked_fetch, chunk_size=self.chunk_size
    )
  File "C:\Users\AsusLaptop\AppData\Local\Programs\Python\Python313\Lib\site-packages\django\db\models\sql\compiler.py", line 1562, in execute_sql
    cursor.execute(sql, params)
    ~~~~~~~~~~~~~~^^^^^^^^^^^^^
  File "C:\Users\AsusLaptop\AppData\Local\Programs\Python\Python313\Lib\site-packages\django\db\backends\utils.py", line 122, in execute
    return super().execute(sql, params)
           ~~~~~~~~~~~~~~~^^^^^^^^^^^^^
  File "C:\Users\AsusLaptop\AppData\Local\Programs\Python\Python313\Lib\site-packages\django\db\backends\utils.py", line 79, in execute
    return self._execute_with_wrappers(
           ~~~~~~~~~~~~~~~~~~~~~~~~~~~^
        sql, params, many=False, executor=self._execute
        ^^^^^^^^^^^^^^^^^^^^^^^^^^^^^^^^^^^^^^^^^^^^^^^
    )
    ^
  File "C:\Users\AsusLaptop\AppData\Local\Programs\Python\Python313\Lib\site-packages\django\db\backends\utils.py", line 92, in _execute_with_wrappers
    return executor(sql, params, many, context)
  File "C:\Users\AsusLaptop\AppData\Local\Programs\Python\Python313\Lib\site-packages\django\db\backends\utils.py", line 100, in _execute
    with self.db.wrap_database_errors:
         ^^^^^^^^^^^^^^^^^^^^^^^^^^^^
  File "C:\Users\AsusLaptop\AppData\Local\Programs\Python\Python313\Lib\site-packages\django\db\utils.py", line 91, in __exit__
    raise dj_exc_value.with_traceback(traceback) from exc_value
  File "C:\Users\AsusLaptop\AppData\Local\Programs\Python\Python313\Lib\site-packages\django\db\backends\utils.py", line 105, in _execute
    return self.cursor.execute(sql, params)
           ~~~~~~~~~~~~~~~~~~~^^^^^^^^^^^^^
  File "C:\Users\AsusLaptop\AppData\Local\Programs\Python\Python313\Lib\site-packages\django\db\backends\sqlite3\base.py", line 329, in execute
    return super().execute(query, params)
           ~~~~~~~~~~~~~~~^^^^^^^^^^^^^^^
django.db.utils.OperationalError: no such column: cafes_order.client_order_id
ERROR 2025-06-18 06:28:57,986 basehttp 34956 19820 "GET /api/orders/?cafe=1 HTTP/1.1" 500 26967
DEBUG 2025-06-18 06:29:09,517 middleware 34956 19820 Request from origin: http://localhost:3000
INFO 2025-06-18 06:29:09,521 basehttp 34956 19820 "GET /api/cafes/1/ HTTP/1.1" 200 447
DEBUG 2025-06-18 06:29:09,523 middleware 34956 19820 Request from origin: http://localhost:3000
DEBUG 2025-06-18 06:29:09,524 middleware 34956 29508 Request from origin: http://localhost:3000
INFO 2025-06-18 06:29:09,529 basehttp 34956 19820 "GET /api/cafes/1/ HTTP/1.1" 200 447
INFO 2025-06-18 06:29:09,532 basehttp 34956 29508 "GET /api/cafes/1/statistics/ HTTP/1.1" 200 87
DEBUG 2025-06-18 06:29:09,533 middleware 34956 29508 Request from origin: http://localhost:3000
INFO 2025-06-18 06:29:09,538 basehttp 34956 29508 "GET /api/cafes/1/statistics/ HTTP/1.1" 200 87
DEBUG 2025-06-18 06:29:12,089 middleware 34956 29508 Request from origin: http://localhost:3000
INFO 2025-06-18 06:29:12,094 basehttp 34956 29508 "GET /api/cafes/1/ HTTP/1.1" 200 447
DEBUG 2025-06-18 06:29:12,095 middleware 34956 29508 Request from origin: http://localhost:3000
DEBUG 2025-06-18 06:29:12,098 middleware 34956 19820 Request from origin: http://localhost:3000
INFO 2025-06-18 06:29:12,102 basehttp 34956 29508 "GET /api/cafes/1/ HTTP/1.1" 200 447
INFO 2025-06-18 06:29:12,106 basehttp 34956 19820 "GET /api/cafes/1/statistics/ HTTP/1.1" 200 87
DEBUG 2025-06-18 06:29:12,108 middleware 34956 19820 Request from origin: http://localhost:3000
DEBUG 2025-06-18 06:29:12,109 middleware 34956 29508 Request from origin: http://localhost:3000
INFO 2025-06-18 06:29:12,118 basehttp 34956 19820 "GET /api/cafes/1/statistics/ HTTP/1.1" 200 87
ERROR 2025-06-18 06:29:12,130 log 34956 29508 Internal Server Error: /api/orders/
Traceback (most recent call last):
  File "C:\Users\AsusLaptop\AppData\Local\Programs\Python\Python313\Lib\site-packages\django\db\backends\utils.py", line 105, in _execute
    return self.cursor.execute(sql, params)
           ~~~~~~~~~~~~~~~~~~~^^^^^^^^^^^^^
  File "C:\Users\AsusLaptop\AppData\Local\Programs\Python\Python313\Lib\site-packages\django\db\backends\sqlite3\base.py", line 329, in execute
    return super().execute(query, params)
           ~~~~~~~~~~~~~~~^^^^^^^^^^^^^^^
sqlite3.OperationalError: no such column: cafes_order.client_order_id

The above exception was the direct cause of the following exception:

Traceback (most recent call last):
  File "C:\Users\AsusLaptop\AppData\Local\Programs\Python\Python313\Lib\site-packages\django\core\handlers\exception.py", line 55, in inner
    response = get_response(request)
  File "C:\Users\AsusLaptop\AppData\Local\Programs\Python\Python313\Lib\site-packages\django\core\handlers\base.py", line 197, in _get_response
    response = wrapped_callback(request, *callback_args, **callback_kwargs)
  File "C:\Users\AsusLaptop\AppData\Local\Programs\Python\Python313\Lib\site-packages\django\views\decorators\csrf.py", line 65, in _view_wrapper
    return view_func(request, *args, **kwargs)
  File "C:\Users\AsusLaptop\AppData\Local\Programs\Python\Python313\Lib\site-packages\rest_framework\viewsets.py", line 125, in view
    return self.dispatch(request, *args, **kwargs)
           ~~~~~~~~~~~~~^^^^^^^^^^^^^^^^^^^^^^^^^^
  File "C:\Users\AsusLaptop\AppData\Local\Programs\Python\Python313\Lib\site-packages\rest_framework\views.py", line 509, in dispatch
    response = self.handle_exception(exc)
  File "C:\Users\AsusLaptop\AppData\Local\Programs\Python\Python313\Lib\site-packages\rest_framework\views.py", line 469, in handle_exception
    self.raise_uncaught_exception(exc)
    ~~~~~~~~~~~~~~~~~~~~~~~~~~~~~^^^^^
  File "C:\Users\AsusLaptop\AppData\Local\Programs\Python\Python313\Lib\site-packages\rest_framework\views.py", line 480, in raise_uncaught_exception
    raise exc
  File "C:\Users\AsusLaptop\AppData\Local\Programs\Python\Python313\Lib\site-packages\rest_framework\views.py", line 506, in dispatch
    response = handler(request, *args, **kwargs)
  File "C:\Users\AsusLaptop\AppData\Local\Programs\Python\Python313\Lib\site-packages\rest_framework\mixins.py", line 40, in list
    page = self.paginate_queryset(queryset)
  File "C:\Users\AsusLaptop\AppData\Local\Programs\Python\Python313\Lib\site-packages\rest_framework\generics.py", line 171, in paginate_queryset
    return self.paginator.paginate_queryset(queryset, self.request, view=self)
           ~~~~~~~~~~~~~~~~~~~~~~~~~~~~~~~~^^^^^^^^^^^^^^^^^^^^^^^^^^^^^^^^^^^
  File "C:\Users\AsusLaptop\AppData\Local\Programs\Python\Python313\Lib\site-packages\rest_framework\pagination.py", line 216, in paginate_queryset
    return list(self.page)
  File "C:\Users\AsusLaptop\AppData\Local\Programs\Python\Python313\Lib\site-packages\django\core\paginator.py", line 191, in __len__
    return len(self.object_list)
  File "C:\Users\AsusLaptop\AppData\Local\Programs\Python\Python313\Lib\site-packages\django\db\models\query.py", line 382, in __len__
    self._fetch_all()
    ~~~~~~~~~~~~~~~^^
  File "C:\Users\AsusLaptop\AppData\Local\Programs\Python\Python313\Lib\site-packages\django\db\models\query.py", line 1928, in _fetch_all
    self._result_cache = list(self._iterable_class(self))
                         ~~~~^^^^^^^^^^^^^^^^^^^^^^^^^^^^
  File "C:\Users\AsusLaptop\AppData\Local\Programs\Python\Python313\Lib\site-packages\django\db\models\query.py", line 91, in __iter__
    results = compiler.execute_sql(
        chunked_fetch=self.chunked_fetch, chunk_size=self.chunk_size
    )
  File "C:\Users\AsusLaptop\AppData\Local\Programs\Python\Python313\Lib\site-packages\django\db\models\sql\compiler.py", line 1562, in execute_sql
    cursor.execute(sql, params)
    ~~~~~~~~~~~~~~^^^^^^^^^^^^^
  File "C:\Users\AsusLaptop\AppData\Local\Programs\Python\Python313\Lib\site-packages\django\db\backends\utils.py", line 122, in execute
    return super().execute(sql, params)
           ~~~~~~~~~~~~~~~^^^^^^^^^^^^^
  File "C:\Users\AsusLaptop\AppData\Local\Programs\Python\Python313\Lib\site-packages\django\db\backends\utils.py", line 79, in execute
    return self._execute_with_wrappers(
           ~~~~~~~~~~~~~~~~~~~~~~~~~~~^
        sql, params, many=False, executor=self._execute
        ^^^^^^^^^^^^^^^^^^^^^^^^^^^^^^^^^^^^^^^^^^^^^^^
    )
    ^
  File "C:\Users\AsusLaptop\AppData\Local\Programs\Python\Python313\Lib\site-packages\django\db\backends\utils.py", line 92, in _execute_with_wrappers
    return executor(sql, params, many, context)
  File "C:\Users\AsusLaptop\AppData\Local\Programs\Python\Python313\Lib\site-packages\django\db\backends\utils.py", line 100, in _execute
    with self.db.wrap_database_errors:
         ^^^^^^^^^^^^^^^^^^^^^^^^^^^^
  File "C:\Users\AsusLaptop\AppData\Local\Programs\Python\Python313\Lib\site-packages\django\db\utils.py", line 91, in __exit__
    raise dj_exc_value.with_traceback(traceback) from exc_value
  File "C:\Users\AsusLaptop\AppData\Local\Programs\Python\Python313\Lib\site-packages\django\db\backends\utils.py", line 105, in _execute
    return self.cursor.execute(sql, params)
           ~~~~~~~~~~~~~~~~~~~^^^^^^^^^^^^^
  File "C:\Users\AsusLaptop\AppData\Local\Programs\Python\Python313\Lib\site-packages\django\db\backends\sqlite3\base.py", line 329, in execute
    return super().execute(query, params)
           ~~~~~~~~~~~~~~~^^^^^^^^^^^^^^^
django.db.utils.OperationalError: no such column: cafes_order.client_order_id
ERROR 2025-06-18 06:29:12,134 basehttp 34956 29508 "GET /api/orders/?cafe=1 HTTP/1.1" 500 26967
DEBUG 2025-06-18 06:29:12,135 middleware 34956 29508 Request from origin: http://localhost:3000
ERROR 2025-06-18 06:29:12,154 log 34956 29508 Internal Server Error: /api/orders/
Traceback (most recent call last):
  File "C:\Users\AsusLaptop\AppData\Local\Programs\Python\Python313\Lib\site-packages\django\db\backends\utils.py", line 105, in _execute
    return self.cursor.execute(sql, params)
           ~~~~~~~~~~~~~~~~~~~^^^^^^^^^^^^^
  File "C:\Users\AsusLaptop\AppData\Local\Programs\Python\Python313\Lib\site-packages\django\db\backends\sqlite3\base.py", line 329, in execute
    return super().execute(query, params)
           ~~~~~~~~~~~~~~~^^^^^^^^^^^^^^^
sqlite3.OperationalError: no such column: cafes_order.client_order_id

The above exception was the direct cause of the following exception:

Traceback (most recent call last):
  File "C:\Users\AsusLaptop\AppData\Local\Programs\Python\Python313\Lib\site-packages\django\core\handlers\exception.py", line 55, in inner
    response = get_response(request)
  File "C:\Users\AsusLaptop\AppData\Local\Programs\Python\Python313\Lib\site-packages\django\core\handlers\base.py", line 197, in _get_response
    response = wrapped_callback(request, *callback_args, **callback_kwargs)
  File "C:\Users\AsusLaptop\AppData\Local\Programs\Python\Python313\Lib\site-packages\django\views\decorators\csrf.py", line 65, in _view_wrapper
    return view_func(request, *args, **kwargs)
  File "C:\Users\AsusLaptop\AppData\Local\Programs\Python\Python313\Lib\site-packages\rest_framework\viewsets.py", line 125, in view
    return self.dispatch(request, *args, **kwargs)
           ~~~~~~~~~~~~~^^^^^^^^^^^^^^^^^^^^^^^^^^
  File "C:\Users\AsusLaptop\AppData\Local\Programs\Python\Python313\Lib\site-packages\rest_framework\views.py", line 509, in dispatch
    response = self.handle_exception(exc)
  File "C:\Users\AsusLaptop\AppData\Local\Programs\Python\Python313\Lib\site-packages\rest_framework\views.py", line 469, in handle_exception
    self.raise_uncaught_exception(exc)
    ~~~~~~~~~~~~~~~~~~~~~~~~~~~~~^^^^^
  File "C:\Users\AsusLaptop\AppData\Local\Programs\Python\Python313\Lib\site-packages\rest_framework\views.py", line 480, in raise_uncaught_exception
    raise exc
  File "C:\Users\AsusLaptop\AppData\Local\Programs\Python\Python313\Lib\site-packages\rest_framework\views.py", line 506, in dispatch
    response = handler(request, *args, **kwargs)
  File "C:\Users\AsusLaptop\AppData\Local\Programs\Python\Python313\Lib\site-packages\rest_framework\mixins.py", line 40, in list
    page = self.paginate_queryset(queryset)
  File "C:\Users\AsusLaptop\AppData\Local\Programs\Python\Python313\Lib\site-packages\rest_framework\generics.py", line 171, in paginate_queryset
    return self.paginator.paginate_queryset(queryset, self.request, view=self)
           ~~~~~~~~~~~~~~~~~~~~~~~~~~~~~~~~^^^^^^^^^^^^^^^^^^^^^^^^^^^^^^^^^^^
  File "C:\Users\AsusLaptop\AppData\Local\Programs\Python\Python313\Lib\site-packages\rest_framework\pagination.py", line 216, in paginate_queryset
    return list(self.page)
  File "C:\Users\AsusLaptop\AppData\Local\Programs\Python\Python313\Lib\site-packages\django\core\paginator.py", line 191, in __len__
    return len(self.object_list)
  File "C:\Users\AsusLaptop\AppData\Local\Programs\Python\Python313\Lib\site-packages\django\db\models\query.py", line 382, in __len__
    self._fetch_all()
    ~~~~~~~~~~~~~~~^^
  File "C:\Users\AsusLaptop\AppData\Local\Programs\Python\Python313\Lib\site-packages\django\db\models\query.py", line 1928, in _fetch_all
    self._result_cache = list(self._iterable_class(self))
                         ~~~~^^^^^^^^^^^^^^^^^^^^^^^^^^^^
  File "C:\Users\AsusLaptop\AppData\Local\Programs\Python\Python313\Lib\site-packages\django\db\models\query.py", line 91, in __iter__
    results = compiler.execute_sql(
        chunked_fetch=self.chunked_fetch, chunk_size=self.chunk_size
    )
  File "C:\Users\AsusLaptop\AppData\Local\Programs\Python\Python313\Lib\site-packages\django\db\models\sql\compiler.py", line 1562, in execute_sql
    cursor.execute(sql, params)
    ~~~~~~~~~~~~~~^^^^^^^^^^^^^
  File "C:\Users\AsusLaptop\AppData\Local\Programs\Python\Python313\Lib\site-packages\django\db\backends\utils.py", line 122, in execute
    return super().execute(sql, params)
           ~~~~~~~~~~~~~~~^^^^^^^^^^^^^
  File "C:\Users\AsusLaptop\AppData\Local\Programs\Python\Python313\Lib\site-packages\django\db\backends\utils.py", line 79, in execute
    return self._execute_with_wrappers(
           ~~~~~~~~~~~~~~~~~~~~~~~~~~~^
        sql, params, many=False, executor=self._execute
        ^^^^^^^^^^^^^^^^^^^^^^^^^^^^^^^^^^^^^^^^^^^^^^^
    )
    ^
  File "C:\Users\AsusLaptop\AppData\Local\Programs\Python\Python313\Lib\site-packages\django\db\backends\utils.py", line 92, in _execute_with_wrappers
    return executor(sql, params, many, context)
  File "C:\Users\AsusLaptop\AppData\Local\Programs\Python\Python313\Lib\site-packages\django\db\backends\utils.py", line 100, in _execute
    with self.db.wrap_database_errors:
         ^^^^^^^^^^^^^^^^^^^^^^^^^^^^
  File "C:\Users\AsusLaptop\AppData\Local\Programs\Python\Python313\Lib\site-packages\django\db\utils.py", line 91, in __exit__
    raise dj_exc_value.with_traceback(traceback) from exc_value
  File "C:\Users\AsusLaptop\AppData\Local\Programs\Python\Python313\Lib\site-packages\django\db\backends\utils.py", line 105, in _execute
    return self.cursor.execute(sql, params)
           ~~~~~~~~~~~~~~~~~~~^^^^^^^^^^^^^
  File "C:\Users\AsusLaptop\AppData\Local\Programs\Python\Python313\Lib\site-packages\django\db\backends\sqlite3\base.py", line 329, in execute
    return super().execute(query, params)
           ~~~~~~~~~~~~~~~^^^^^^^^^^^^^^^
django.db.utils.OperationalError: no such column: cafes_order.client_order_id
ERROR 2025-06-18 06:29:12,158 basehttp 34956 29508 "GET /api/orders/?cafe=1 HTTP/1.1" 500 26967
DEBUG 2025-06-18 06:29:21,024 middleware 34956 22384 Request from origin: http://localhost:3000
INFO 2025-06-18 06:29:21,027 views 34956 22384 Health check запрос от 127.0.0.1: ok
INFO 2025-06-18 06:29:21,028 basehttp 34956 22384 "GET /api/health/ HTTP/1.1" 200 248
DEBUG 2025-06-18 06:29:21,029 middleware 34956 22384 Request from origin: http://localhost:3000
INFO 2025-06-18 06:29:21,031 views 34956 22384 Health check запрос от 127.0.0.1: ok
INFO 2025-06-18 06:29:21,032 basehttp 34956 22384 "GET /api/health/ HTTP/1.1" 200 250
DEBUG 2025-06-18 06:29:21,036 middleware 34956 22384 Request from origin: http://localhost:3000
INFO 2025-06-18 06:29:21,039 basehttp 34956 22384 "GET /api/cities/ HTTP/1.1" 200 168
DEBUG 2025-06-18 06:29:21,040 middleware 34956 22384 Request from origin: http://localhost:3000
INFO 2025-06-18 06:29:21,043 basehttp 34956 22384 "GET /api/cities/ HTTP/1.1" 200 168
DEBUG 2025-06-18 06:29:21,048 middleware 34956 22384 Request from origin: http://localhost:3000
INFO 2025-06-18 06:29:21,053 basehttp 34956 22384 "GET /api/cafes/?city=1&t=1750199361047 HTTP/1.1" 200 499
DEBUG 2025-06-18 06:29:21,064 middleware 34956 22384 Request from origin: http://localhost:3000
DEBUG 2025-06-18 06:29:21,068 middleware 34956 32548 Request from origin: http://localhost:3000
INFO 2025-06-18 06:29:21,070 basehttp 34956 22384 "GET /api/cafes/?city=1&t=1750199361062 HTTP/1.1" 200 499
DEBUG 2025-06-18 06:29:21,072 views 34956 32548 Menu item: Шурпа, image: 'http://localhost:8000/media/menu_items/1ef19980-8e08-45b7-aff2-5292b5797aa9_kJopm0u.jpeg', image_full_url: 'http://localhost:8000/media/menu_items/1ef19980-8e08-45b7-aff2-5292b5797aa9_kJopm0u.jpeg'
INFO 2025-06-18 06:29:21,072 basehttp 34956 32548 "GET /api/menu-items/?cafe=1 HTTP/1.1" 200 471
DEBUG 2025-06-18 06:29:21,128 middleware 34956 32548 Request from origin: http://localhost:3000
DEBUG 2025-06-18 06:29:21,131 views 34956 32548 Menu item: Шурпа, image: 'http://localhost:8000/media/menu_items/1ef19980-8e08-45b7-aff2-5292b5797aa9_kJopm0u.jpeg', image_full_url: 'http://localhost:8000/media/menu_items/1ef19980-8e08-45b7-aff2-5292b5797aa9_kJopm0u.jpeg'
INFO 2025-06-18 06:29:21,132 basehttp 34956 32548 "GET /api/menu-items/?cafe=1 HTTP/1.1" 200 471
DEBUG 2025-06-18 06:29:22,279 middleware 34956 32548 Request from origin: http://localhost:3000
DEBUG 2025-06-18 06:29:22,280 middleware 34956 22384 Request from origin: http://localhost:3000
INFO 2025-06-18 06:29:22,285 basehttp 34956 22384 "GET /api/cafes/?city=1&t=1750199362278 HTTP/1.1" 200 499
INFO 2025-06-18 06:29:22,289 basehttp 34956 32548 "GET /api/cafes/?city=1&t=1750199362277 HTTP/1.1" 200 499
DEBUG 2025-06-18 06:29:22,303 middleware 34956 32548 Request from origin: 
INFO 2025-06-18 06:29:22,304 basehttp 34956 32548 "GET /media/cafe_covers/XXXL_1_1_ENDyb7O.webp?t=1750199362262 HTTP/1.1" 200 100380
DEBUG 2025-06-18 06:29:23,195 middleware 34956 29508 Request from origin: http://localhost:3000
DEBUG 2025-06-18 06:29:23,199 views 34956 29508 Menu item: Шурпа, image: 'http://localhost:8000/media/menu_items/1ef19980-8e08-45b7-aff2-5292b5797aa9_kJopm0u.jpeg', image_full_url: 'http://localhost:8000/media/menu_items/1ef19980-8e08-45b7-aff2-5292b5797aa9_kJopm0u.jpeg'
INFO 2025-06-18 06:29:23,200 basehttp 34956 29508 "GET /api/menu-items/?cafe=1 HTTP/1.1" 200 471
DEBUG 2025-06-18 06:29:23,201 middleware 34956 29508 Request from origin: http://localhost:3000
DEBUG 2025-06-18 06:29:23,205 views 34956 29508 Menu item: Шурпа, image: 'http://localhost:8000/media/menu_items/1ef19980-8e08-45b7-aff2-5292b5797aa9_kJopm0u.jpeg', image_full_url: 'http://localhost:8000/media/menu_items/1ef19980-8e08-45b7-aff2-5292b5797aa9_kJopm0u.jpeg'
INFO 2025-06-18 06:29:23,206 basehttp 34956 29508 "GET /api/menu-items/?cafe=1 HTTP/1.1" 200 471
DEBUG 2025-06-18 06:29:37,010 middleware 34956 32548 Request from origin: http://localhost:3000
INFO 2025-06-18 06:29:37,012 views 34956 32548 Health check запрос от 127.0.0.1: ok
INFO 2025-06-18 06:29:37,013 basehttp 34956 32548 "GET /api/health/ HTTP/1.1" 200 249
DEBUG 2025-06-18 06:29:37,014 middleware 34956 32548 Request from origin: http://localhost:3000
INFO 2025-06-18 06:29:37,016 views 34956 32548 Health check запрос от 127.0.0.1: ok
INFO 2025-06-18 06:29:37,017 basehttp 34956 32548 "GET /api/health/ HTTP/1.1" 200 250
DEBUG 2025-06-18 06:29:37,018 middleware 34956 32548 Request from origin: http://localhost:3000
INFO 2025-06-18 06:29:37,023 basehttp 34956 32548 "GET /api/cities/ HTTP/1.1" 200 168
DEBUG 2025-06-18 06:29:37,071 middleware 34956 32548 Request from origin: http://localhost:3000
DEBUG 2025-06-18 06:29:37,072 middleware 34956 22384 Request from origin: http://localhost:3000
INFO 2025-06-18 06:29:37,077 basehttp 34956 32548 "GET /api/cities/ HTTP/1.1" 200 168
INFO 2025-06-18 06:29:37,080 basehttp 34956 22384 "GET /api/cafes/?city=1&t=1750199377070 HTTP/1.1" 200 499
DEBUG 2025-06-18 06:29:37,084 middleware 34956 22384 Request from origin: http://localhost:3000
DEBUG 2025-06-18 06:29:37,087 middleware 34956 32548 Request from origin: http://localhost:3000
DEBUG 2025-06-18 06:29:37,089 middleware 34956 29508 Request from origin: http://localhost:3000
DEBUG 2025-06-18 06:29:37,091 middleware 34956 29508 CSRF Processing path: api/auth/csrf/, Method: GET
INFO 2025-06-18 06:29:37,091 basehttp 34956 22384 "GET /api/cafes/?city=1&t=1750199377082 HTTP/1.1" 200 499
DEBUG 2025-06-18 06:29:37,091 middleware 34956 29508 CSRF token in cookie: True
DEBUG 2025-06-18 06:29:37,092 middleware 34956 29508 CSRF token in header: False
DEBUG 2025-06-18 06:29:37,094 views 34956 32548 Menu item: Шурпа, image: 'http://localhost:8000/media/menu_items/1ef19980-8e08-45b7-aff2-5292b5797aa9_kJopm0u.jpeg', image_full_url: 'http://localhost:8000/media/menu_items/1ef19980-8e08-45b7-aff2-5292b5797aa9_kJopm0u.jpeg'
DEBUG 2025-06-18 06:29:37,094 middleware 34956 29508 CSRF cookie token (first 6): ypkERf...
INFO 2025-06-18 06:29:37,095 basehttp 34956 32548 "GET /api/menu-items/?cafe=1 HTTP/1.1" 200 471
DEBUG 2025-06-18 06:29:37,097 middleware 34956 32548 Request from origin: http://localhost:3000
INFO 2025-06-18 06:29:37,099 auth 34956 29508 Запрос CSRF токена
INFO 2025-06-18 06:29:37,100 auth 34956 29508 CSRF запрос от Origin: http://localhost:3000, Referer: http://localhost:3000/
DEBUG 2025-06-18 06:29:37,101 views 34956 32548 Menu item: Шурпа, image: 'http://localhost:8000/media/menu_items/1ef19980-8e08-45b7-aff2-5292b5797aa9_kJopm0u.jpeg', image_full_url: 'http://localhost:8000/media/menu_items/1ef19980-8e08-45b7-aff2-5292b5797aa9_kJopm0u.jpeg'
DEBUG 2025-06-18 06:29:37,101 auth 34956 29508 User-Agent: Mozilla/5.0 (Windows NT 10.0; Win64; x64) AppleWebKit/537.36 (KHTML, like Gecko) Chrome/134.0.0.0 Safari/537.36 OPR/119.0.0.0
INFO 2025-06-18 06:29:37,101 auth 34956 29508 CSRF токен сгенерирован: SVTVPU... (первые 6 символов)
DEBUG 2025-06-18 06:29:37,102 auth 34956 29508 Настройки CSRF cookie: {'csrf_cookie': {'name': 'csrftoken', 'secure': False, 'httponly': False, 'samesite': 'Lax'}}
INFO 2025-06-18 06:29:37,102 basehttp 34956 32548 "GET /api/menu-items/?cafe=1 HTTP/1.1" 200 471
INFO 2025-06-18 06:29:37,102 basehttp 34956 29508 "GET /api/auth/csrf/ HTTP/1.1" 200 58
DEBUG 2025-06-18 06:29:37,103 middleware 34956 29508 Request from origin: http://localhost:3000
DEBUG 2025-06-18 06:29:37,104 middleware 34956 29508 CSRF Processing path: api/auth/csrf/, Method: GET
DEBUG 2025-06-18 06:29:37,104 middleware 34956 29508 CSRF token in cookie: True
DEBUG 2025-06-18 06:29:37,104 middleware 34956 29508 CSRF token in header: False
DEBUG 2025-06-18 06:29:37,104 middleware 34956 29508 CSRF cookie token (first 6): ypkERf...
INFO 2025-06-18 06:29:37,107 auth 34956 29508 Запрос CSRF токена
INFO 2025-06-18 06:29:37,107 auth 34956 29508 CSRF запрос от Origin: http://localhost:3000, Referer: http://localhost:3000/
DEBUG 2025-06-18 06:29:37,107 auth 34956 29508 User-Agent: Mozilla/5.0 (Windows NT 10.0; Win64; x64) AppleWebKit/537.36 (KHTML, like Gecko) Chrome/134.0.0.0 Safari/537.36 OPR/119.0.0.0
INFO 2025-06-18 06:29:37,108 auth 34956 29508 CSRF токен сгенерирован: 8gdhNN... (первые 6 символов)
DEBUG 2025-06-18 06:29:37,108 auth 34956 29508 Настройки CSRF cookie: {'csrf_cookie': {'name': 'csrftoken', 'secure': False, 'httponly': False, 'samesite': 'Lax'}}
INFO 2025-06-18 06:29:37,108 basehttp 34956 29508 "GET /api/auth/csrf/ HTTP/1.1" 200 58
DEBUG 2025-06-18 06:29:44,542 middleware 34956 29508 Request from origin: http://localhost:3000
DEBUG 2025-06-18 06:29:44,542 middleware 34956 29508 CSRF Processing path: api/auth/csrf/, Method: GET
DEBUG 2025-06-18 06:29:44,543 middleware 34956 29508 CSRF token in cookie: True
DEBUG 2025-06-18 06:29:44,543 middleware 34956 29508 CSRF token in header: False
DEBUG 2025-06-18 06:29:44,543 middleware 34956 29508 CSRF cookie token (first 6): ypkERf...
INFO 2025-06-18 06:29:44,545 auth 34956 29508 Запрос CSRF токена
INFO 2025-06-18 06:29:44,545 auth 34956 29508 CSRF запрос от Origin: http://localhost:3000, Referer: http://localhost:3000/
DEBUG 2025-06-18 06:29:44,545 auth 34956 29508 User-Agent: Mozilla/5.0 (Windows NT 10.0; Win64; x64) AppleWebKit/537.36 (KHTML, like Gecko) Chrome/134.0.0.0 Safari/537.36 OPR/119.0.0.0
INFO 2025-06-18 06:29:44,546 auth 34956 29508 CSRF токен сгенерирован: B7qo0Z... (первые 6 символов)
DEBUG 2025-06-18 06:29:44,546 auth 34956 29508 Настройки CSRF cookie: {'csrf_cookie': {'name': 'csrftoken', 'secure': False, 'httponly': False, 'samesite': 'Lax'}}
INFO 2025-06-18 06:29:44,546 basehttp 34956 29508 "GET /api/auth/csrf/ HTTP/1.1" 200 58
DEBUG 2025-06-18 06:29:45,359 middleware 34956 29508 Request from origin: http://localhost:3000
DEBUG 2025-06-18 06:29:45,359 middleware 34956 29508 CSRF Processing path: api/auth/csrf/, Method: GET
DEBUG 2025-06-18 06:29:45,359 middleware 34956 29508 CSRF token in cookie: True
DEBUG 2025-06-18 06:29:45,360 middleware 34956 29508 CSRF token in header: False
DEBUG 2025-06-18 06:29:45,360 middleware 34956 29508 CSRF cookie token (first 6): ypkERf...
INFO 2025-06-18 06:29:45,362 auth 34956 29508 Запрос CSRF токена
INFO 2025-06-18 06:29:45,362 auth 34956 29508 CSRF запрос от Origin: http://localhost:3000, Referer: http://localhost:3000/
DEBUG 2025-06-18 06:29:45,362 auth 34956 29508 User-Agent: Mozilla/5.0 (Windows NT 10.0; Win64; x64) AppleWebKit/537.36 (KHTML, like Gecko) Chrome/134.0.0.0 Safari/537.36 OPR/119.0.0.0
INFO 2025-06-18 06:29:45,362 auth 34956 29508 CSRF токен сгенерирован: jJU0bB... (первые 6 символов)
DEBUG 2025-06-18 06:29:45,362 auth 34956 29508 Настройки CSRF cookie: {'csrf_cookie': {'name': 'csrftoken', 'secure': False, 'httponly': False, 'samesite': 'Lax'}}
INFO 2025-06-18 06:29:45,363 basehttp 34956 29508 "GET /api/auth/csrf/ HTTP/1.1" 200 58
DEBUG 2025-06-18 06:29:45,667 middleware 34956 29508 Request from origin: http://localhost:3000
DEBUG 2025-06-18 06:29:45,667 middleware 34956 29508 CSRF Processing path: api/auth/csrf/, Method: GET
DEBUG 2025-06-18 06:29:45,667 middleware 34956 29508 CSRF token in cookie: True
DEBUG 2025-06-18 06:29:45,667 middleware 34956 29508 CSRF token in header: False
DEBUG 2025-06-18 06:29:45,668 middleware 34956 29508 CSRF cookie token (first 6): ypkERf...
INFO 2025-06-18 06:29:45,670 auth 34956 29508 Запрос CSRF токена
INFO 2025-06-18 06:29:45,670 auth 34956 29508 CSRF запрос от Origin: http://localhost:3000, Referer: http://localhost:3000/
DEBUG 2025-06-18 06:29:45,670 auth 34956 29508 User-Agent: Mozilla/5.0 (Windows NT 10.0; Win64; x64) AppleWebKit/537.36 (KHTML, like Gecko) Chrome/134.0.0.0 Safari/537.36 OPR/119.0.0.0
INFO 2025-06-18 06:29:45,670 auth 34956 29508 CSRF токен сгенерирован: iqgOyn... (первые 6 символов)
DEBUG 2025-06-18 06:29:45,670 auth 34956 29508 Настройки CSRF cookie: {'csrf_cookie': {'name': 'csrftoken', 'secure': False, 'httponly': False, 'samesite': 'Lax'}}
INFO 2025-06-18 06:29:45,671 basehttp 34956 29508 "GET /api/auth/csrf/ HTTP/1.1" 200 58
DEBUG 2025-06-18 06:29:45,974 middleware 34956 29508 Request from origin: http://localhost:3000
DEBUG 2025-06-18 06:29:45,975 middleware 34956 29508 CSRF Processing path: api/auth/login/, Method: POST
DEBUG 2025-06-18 06:29:45,975 middleware 34956 29508 CSRF token in cookie: True
DEBUG 2025-06-18 06:29:45,975 middleware 34956 29508 CSRF token in header: True
DEBUG 2025-06-18 06:29:45,975 middleware 34956 29508 CSRF cookie token (first 6): ypkERf...
DEBUG 2025-06-18 06:29:45,975 middleware 34956 29508 CSRF header token (first 6): ypkERf...
INFO 2025-06-18 06:29:45,978 auth 34956 29508 Попытка входа с email: hello@gmail.com
DEBUG 2025-06-18 06:29:45,978 auth 34956 29508 Запрос входа: {'email': 'hello@gmail.com', 'password': 'A166DB701'}
INFO 2025-06-18 06:29:45,978 auth 34956 29508 CSRF токен в заголовке: ypkERf...
INFO 2025-06-18 06:29:45,978 auth 34956 29508 Origin заголовок: http://localhost:3000
INFO 2025-06-18 06:29:45,978 auth 34956 29508 HTTP метод: POST
INFO 2025-06-18 06:29:45,978 auth 34956 29508 Content-Type: application/json
INFO 2025-06-18 06:29:45,978 auth 34956 29508 Cookies: {'csrftoken': 'ypkERfTbX818cVL5xOdJcyuCtpip10kn', 'sessionid': 'fj5o25xybhdrci5nu0tictpekeb0kw56'}
INFO 2025-06-18 06:29:45,979 auth 34956 29508 HTTP_X_CSRFTOKEN: ypkERf...
INFO 2025-06-18 06:29:45,979 auth 34956 29508 Cookie CSRF: ypkERf...
INFO 2025-06-18 06:29:45,979 auth 34956 29508 CSRF токены совпадают: True
INFO 2025-06-18 06:29:45,979 auth 34956 29508 Проверка учетной записи: hello@gmail.com
INFO 2025-06-18 06:29:46,233 auth 34956 29508 Успешный вход пользователя: Hello
INFO 2025-06-18 06:29:46,235 auth 34956 29508 Пользователь Hello является владельцем ресторана Aliya
INFO 2025-06-18 06:29:46,235 auth 34956 29508 Данные для отправки: {'id': 2, 'email': 'hello@gmail.com', 'name': 'Hello', 'cafe_id': 1, 'role': 'owner'}
INFO 2025-06-18 06:29:46,240 basehttp 34956 29508 "POST /api/auth/login/ HTTP/1.1" 200 76
DEBUG 2025-06-18 06:29:46,249 middleware 34956 29508 Request from origin: http://localhost:3000
INFO 2025-06-18 06:29:46,254 basehttp 34956 29508 "GET /api/cafes/1/ HTTP/1.1" 200 447
DEBUG 2025-06-18 06:29:46,256 middleware 34956 29508 Request from origin: http://localhost:3000
DEBUG 2025-06-18 06:29:46,257 middleware 34956 19820 Request from origin: http://localhost:3000
INFO 2025-06-18 06:29:46,263 basehttp 34956 29508 "GET /api/cafes/1/ HTTP/1.1" 200 447
INFO 2025-06-18 06:29:46,266 basehttp 34956 19820 "GET /api/cafes/1/statistics/ HTTP/1.1" 200 87
DEBUG 2025-06-18 06:29:46,267 middleware 34956 19820 Request from origin: http://localhost:3000
DEBUG 2025-06-18 06:29:46,268 middleware 34956 29508 Request from origin: http://localhost:3000
INFO 2025-06-18 06:29:46,272 basehttp 34956 19820 "GET /api/cafes/1/statistics/ HTTP/1.1" 200 87
ERROR 2025-06-18 06:29:46,301 log 34956 29508 Internal Server Error: /api/orders/
Traceback (most recent call last):
  File "C:\Users\AsusLaptop\AppData\Local\Programs\Python\Python313\Lib\site-packages\django\db\backends\utils.py", line 105, in _execute
    return self.cursor.execute(sql, params)
           ~~~~~~~~~~~~~~~~~~~^^^^^^^^^^^^^
  File "C:\Users\AsusLaptop\AppData\Local\Programs\Python\Python313\Lib\site-packages\django\db\backends\sqlite3\base.py", line 329, in execute
    return super().execute(query, params)
           ~~~~~~~~~~~~~~~^^^^^^^^^^^^^^^
sqlite3.OperationalError: no such column: cafes_order.client_order_id

The above exception was the direct cause of the following exception:

Traceback (most recent call last):
  File "C:\Users\AsusLaptop\AppData\Local\Programs\Python\Python313\Lib\site-packages\django\core\handlers\exception.py", line 55, in inner
    response = get_response(request)
  File "C:\Users\AsusLaptop\AppData\Local\Programs\Python\Python313\Lib\site-packages\django\core\handlers\base.py", line 197, in _get_response
    response = wrapped_callback(request, *callback_args, **callback_kwargs)
  File "C:\Users\AsusLaptop\AppData\Local\Programs\Python\Python313\Lib\site-packages\django\views\decorators\csrf.py", line 65, in _view_wrapper
    return view_func(request, *args, **kwargs)
  File "C:\Users\AsusLaptop\AppData\Local\Programs\Python\Python313\Lib\site-packages\rest_framework\viewsets.py", line 125, in view
    return self.dispatch(request, *args, **kwargs)
           ~~~~~~~~~~~~~^^^^^^^^^^^^^^^^^^^^^^^^^^
  File "C:\Users\AsusLaptop\AppData\Local\Programs\Python\Python313\Lib\site-packages\rest_framework\views.py", line 509, in dispatch
    response = self.handle_exception(exc)
  File "C:\Users\AsusLaptop\AppData\Local\Programs\Python\Python313\Lib\site-packages\rest_framework\views.py", line 469, in handle_exception
    self.raise_uncaught_exception(exc)
    ~~~~~~~~~~~~~~~~~~~~~~~~~~~~~^^^^^
  File "C:\Users\AsusLaptop\AppData\Local\Programs\Python\Python313\Lib\site-packages\rest_framework\views.py", line 480, in raise_uncaught_exception
    raise exc
  File "C:\Users\AsusLaptop\AppData\Local\Programs\Python\Python313\Lib\site-packages\rest_framework\views.py", line 506, in dispatch
    response = handler(request, *args, **kwargs)
  File "C:\Users\AsusLaptop\AppData\Local\Programs\Python\Python313\Lib\site-packages\rest_framework\mixins.py", line 40, in list
    page = self.paginate_queryset(queryset)
  File "C:\Users\AsusLaptop\AppData\Local\Programs\Python\Python313\Lib\site-packages\rest_framework\generics.py", line 171, in paginate_queryset
    return self.paginator.paginate_queryset(queryset, self.request, view=self)
           ~~~~~~~~~~~~~~~~~~~~~~~~~~~~~~~~^^^^^^^^^^^^^^^^^^^^^^^^^^^^^^^^^^^
  File "C:\Users\AsusLaptop\AppData\Local\Programs\Python\Python313\Lib\site-packages\rest_framework\pagination.py", line 216, in paginate_queryset
    return list(self.page)
  File "C:\Users\AsusLaptop\AppData\Local\Programs\Python\Python313\Lib\site-packages\django\core\paginator.py", line 191, in __len__
    return len(self.object_list)
  File "C:\Users\AsusLaptop\AppData\Local\Programs\Python\Python313\Lib\site-packages\django\db\models\query.py", line 382, in __len__
    self._fetch_all()
    ~~~~~~~~~~~~~~~^^
  File "C:\Users\AsusLaptop\AppData\Local\Programs\Python\Python313\Lib\site-packages\django\db\models\query.py", line 1928, in _fetch_all
    self._result_cache = list(self._iterable_class(self))
                         ~~~~^^^^^^^^^^^^^^^^^^^^^^^^^^^^
  File "C:\Users\AsusLaptop\AppData\Local\Programs\Python\Python313\Lib\site-packages\django\db\models\query.py", line 91, in __iter__
    results = compiler.execute_sql(
        chunked_fetch=self.chunked_fetch, chunk_size=self.chunk_size
    )
  File "C:\Users\AsusLaptop\AppData\Local\Programs\Python\Python313\Lib\site-packages\django\db\models\sql\compiler.py", line 1562, in execute_sql
    cursor.execute(sql, params)
    ~~~~~~~~~~~~~~^^^^^^^^^^^^^
  File "C:\Users\AsusLaptop\AppData\Local\Programs\Python\Python313\Lib\site-packages\django\db\backends\utils.py", line 122, in execute
    return super().execute(sql, params)
           ~~~~~~~~~~~~~~~^^^^^^^^^^^^^
  File "C:\Users\AsusLaptop\AppData\Local\Programs\Python\Python313\Lib\site-packages\django\db\backends\utils.py", line 79, in execute
    return self._execute_with_wrappers(
           ~~~~~~~~~~~~~~~~~~~~~~~~~~~^
        sql, params, many=False, executor=self._execute
        ^^^^^^^^^^^^^^^^^^^^^^^^^^^^^^^^^^^^^^^^^^^^^^^
    )
    ^
  File "C:\Users\AsusLaptop\AppData\Local\Programs\Python\Python313\Lib\site-packages\django\db\backends\utils.py", line 92, in _execute_with_wrappers
    return executor(sql, params, many, context)
  File "C:\Users\AsusLaptop\AppData\Local\Programs\Python\Python313\Lib\site-packages\django\db\backends\utils.py", line 100, in _execute
    with self.db.wrap_database_errors:
         ^^^^^^^^^^^^^^^^^^^^^^^^^^^^
  File "C:\Users\AsusLaptop\AppData\Local\Programs\Python\Python313\Lib\site-packages\django\db\utils.py", line 91, in __exit__
    raise dj_exc_value.with_traceback(traceback) from exc_value
  File "C:\Users\AsusLaptop\AppData\Local\Programs\Python\Python313\Lib\site-packages\django\db\backends\utils.py", line 105, in _execute
    return self.cursor.execute(sql, params)
           ~~~~~~~~~~~~~~~~~~~^^^^^^^^^^^^^
  File "C:\Users\AsusLaptop\AppData\Local\Programs\Python\Python313\Lib\site-packages\django\db\backends\sqlite3\base.py", line 329, in execute
    return super().execute(query, params)
           ~~~~~~~~~~~~~~~^^^^^^^^^^^^^^^
django.db.utils.OperationalError: no such column: cafes_order.client_order_id
ERROR 2025-06-18 06:29:46,304 basehttp 34956 29508 "GET /api/orders/?cafe=1 HTTP/1.1" 500 26967
DEBUG 2025-06-18 06:29:46,306 middleware 34956 29508 Request from origin: http://localhost:3000
ERROR 2025-06-18 06:29:46,323 log 34956 29508 Internal Server Error: /api/orders/
Traceback (most recent call last):
  File "C:\Users\AsusLaptop\AppData\Local\Programs\Python\Python313\Lib\site-packages\django\db\backends\utils.py", line 105, in _execute
    return self.cursor.execute(sql, params)
           ~~~~~~~~~~~~~~~~~~~^^^^^^^^^^^^^
  File "C:\Users\AsusLaptop\AppData\Local\Programs\Python\Python313\Lib\site-packages\django\db\backends\sqlite3\base.py", line 329, in execute
    return super().execute(query, params)
           ~~~~~~~~~~~~~~~^^^^^^^^^^^^^^^
sqlite3.OperationalError: no such column: cafes_order.client_order_id

The above exception was the direct cause of the following exception:

Traceback (most recent call last):
  File "C:\Users\AsusLaptop\AppData\Local\Programs\Python\Python313\Lib\site-packages\django\core\handlers\exception.py", line 55, in inner
    response = get_response(request)
  File "C:\Users\AsusLaptop\AppData\Local\Programs\Python\Python313\Lib\site-packages\django\core\handlers\base.py", line 197, in _get_response
    response = wrapped_callback(request, *callback_args, **callback_kwargs)
  File "C:\Users\AsusLaptop\AppData\Local\Programs\Python\Python313\Lib\site-packages\django\views\decorators\csrf.py", line 65, in _view_wrapper
    return view_func(request, *args, **kwargs)
  File "C:\Users\AsusLaptop\AppData\Local\Programs\Python\Python313\Lib\site-packages\rest_framework\viewsets.py", line 125, in view
    return self.dispatch(request, *args, **kwargs)
           ~~~~~~~~~~~~~^^^^^^^^^^^^^^^^^^^^^^^^^^
  File "C:\Users\AsusLaptop\AppData\Local\Programs\Python\Python313\Lib\site-packages\rest_framework\views.py", line 509, in dispatch
    response = self.handle_exception(exc)
  File "C:\Users\AsusLaptop\AppData\Local\Programs\Python\Python313\Lib\site-packages\rest_framework\views.py", line 469, in handle_exception
    self.raise_uncaught_exception(exc)
    ~~~~~~~~~~~~~~~~~~~~~~~~~~~~~^^^^^
  File "C:\Users\AsusLaptop\AppData\Local\Programs\Python\Python313\Lib\site-packages\rest_framework\views.py", line 480, in raise_uncaught_exception
    raise exc
  File "C:\Users\AsusLaptop\AppData\Local\Programs\Python\Python313\Lib\site-packages\rest_framework\views.py", line 506, in dispatch
    response = handler(request, *args, **kwargs)
  File "C:\Users\AsusLaptop\AppData\Local\Programs\Python\Python313\Lib\site-packages\rest_framework\mixins.py", line 40, in list
    page = self.paginate_queryset(queryset)
  File "C:\Users\AsusLaptop\AppData\Local\Programs\Python\Python313\Lib\site-packages\rest_framework\generics.py", line 171, in paginate_queryset
    return self.paginator.paginate_queryset(queryset, self.request, view=self)
           ~~~~~~~~~~~~~~~~~~~~~~~~~~~~~~~~^^^^^^^^^^^^^^^^^^^^^^^^^^^^^^^^^^^
  File "C:\Users\AsusLaptop\AppData\Local\Programs\Python\Python313\Lib\site-packages\rest_framework\pagination.py", line 216, in paginate_queryset
    return list(self.page)
  File "C:\Users\AsusLaptop\AppData\Local\Programs\Python\Python313\Lib\site-packages\django\core\paginator.py", line 191, in __len__
    return len(self.object_list)
  File "C:\Users\AsusLaptop\AppData\Local\Programs\Python\Python313\Lib\site-packages\django\db\models\query.py", line 382, in __len__
    self._fetch_all()
    ~~~~~~~~~~~~~~~^^
  File "C:\Users\AsusLaptop\AppData\Local\Programs\Python\Python313\Lib\site-packages\django\db\models\query.py", line 1928, in _fetch_all
    self._result_cache = list(self._iterable_class(self))
                         ~~~~^^^^^^^^^^^^^^^^^^^^^^^^^^^^
  File "C:\Users\AsusLaptop\AppData\Local\Programs\Python\Python313\Lib\site-packages\django\db\models\query.py", line 91, in __iter__
    results = compiler.execute_sql(
        chunked_fetch=self.chunked_fetch, chunk_size=self.chunk_size
    )
  File "C:\Users\AsusLaptop\AppData\Local\Programs\Python\Python313\Lib\site-packages\django\db\models\sql\compiler.py", line 1562, in execute_sql
    cursor.execute(sql, params)
    ~~~~~~~~~~~~~~^^^^^^^^^^^^^
  File "C:\Users\AsusLaptop\AppData\Local\Programs\Python\Python313\Lib\site-packages\django\db\backends\utils.py", line 122, in execute
    return super().execute(sql, params)
           ~~~~~~~~~~~~~~~^^^^^^^^^^^^^
  File "C:\Users\AsusLaptop\AppData\Local\Programs\Python\Python313\Lib\site-packages\django\db\backends\utils.py", line 79, in execute
    return self._execute_with_wrappers(
           ~~~~~~~~~~~~~~~~~~~~~~~~~~~^
        sql, params, many=False, executor=self._execute
        ^^^^^^^^^^^^^^^^^^^^^^^^^^^^^^^^^^^^^^^^^^^^^^^
    )
    ^
  File "C:\Users\AsusLaptop\AppData\Local\Programs\Python\Python313\Lib\site-packages\django\db\backends\utils.py", line 92, in _execute_with_wrappers
    return executor(sql, params, many, context)
  File "C:\Users\AsusLaptop\AppData\Local\Programs\Python\Python313\Lib\site-packages\django\db\backends\utils.py", line 100, in _execute
    with self.db.wrap_database_errors:
         ^^^^^^^^^^^^^^^^^^^^^^^^^^^^
  File "C:\Users\AsusLaptop\AppData\Local\Programs\Python\Python313\Lib\site-packages\django\db\utils.py", line 91, in __exit__
    raise dj_exc_value.with_traceback(traceback) from exc_value
  File "C:\Users\AsusLaptop\AppData\Local\Programs\Python\Python313\Lib\site-packages\django\db\backends\utils.py", line 105, in _execute
    return self.cursor.execute(sql, params)
           ~~~~~~~~~~~~~~~~~~~^^^^^^^^^^^^^
  File "C:\Users\AsusLaptop\AppData\Local\Programs\Python\Python313\Lib\site-packages\django\db\backends\sqlite3\base.py", line 329, in execute
    return super().execute(query, params)
           ~~~~~~~~~~~~~~~^^^^^^^^^^^^^^^
django.db.utils.OperationalError: no such column: cafes_order.client_order_id
ERROR 2025-06-18 06:29:46,327 basehttp 34956 29508 "GET /api/orders/?cafe=1 HTTP/1.1" 500 26967
DEBUG 2025-06-18 06:30:02,122 middleware 34956 32548 Request from origin: http://localhost:3000
DEBUG 2025-06-18 06:30:02,123 middleware 34956 22384 Request from origin: http://localhost:3000
INFO 2025-06-18 06:30:02,128 basehttp 34956 32548 "GET /api/cafes/?city=1&t=1750199402115 HTTP/1.1" 200 499
INFO 2025-06-18 06:30:02,131 basehttp 34956 22384 "GET /api/cafes/?city=1&t=1750199402116 HTTP/1.1" 200 499
DEBUG 2025-06-18 06:30:02,137 middleware 34956 22384 Request from origin: 
INFO 2025-06-18 06:30:02,138 basehttp 34956 22384 "GET /media/cafe_covers/XXXL_1_1_ENDyb7O.webp?t=1750199402114 HTTP/1.1" 200 100380
DEBUG 2025-06-18 06:30:03,042 middleware 34956 29508 Request from origin: http://localhost:3000
DEBUG 2025-06-18 06:30:03,047 views 34956 29508 Menu item: Шурпа, image: 'http://localhost:8000/media/menu_items/1ef19980-8e08-45b7-aff2-5292b5797aa9_kJopm0u.jpeg', image_full_url: 'http://localhost:8000/media/menu_items/1ef19980-8e08-45b7-aff2-5292b5797aa9_kJopm0u.jpeg'
INFO 2025-06-18 06:30:03,048 basehttp 34956 29508 "GET /api/menu-items/?cafe=1 HTTP/1.1" 200 471
DEBUG 2025-06-18 06:30:03,049 middleware 34956 29508 Request from origin: http://localhost:3000
DEBUG 2025-06-18 06:30:03,053 views 34956 29508 Menu item: Шурпа, image: 'http://localhost:8000/media/menu_items/1ef19980-8e08-45b7-aff2-5292b5797aa9_kJopm0u.jpeg', image_full_url: 'http://localhost:8000/media/menu_items/1ef19980-8e08-45b7-aff2-5292b5797aa9_kJopm0u.jpeg'
INFO 2025-06-18 06:30:03,054 basehttp 34956 29508 "GET /api/menu-items/?cafe=1 HTTP/1.1" 200 471
INFO 2025-06-18 06:49:06,914 autoreload 3604 2188 Watching for file changes with StatReloader
INFO 2025-06-18 06:49:07,331 middleware 3604 34032 CORS Middleware initialized with allowed origins: ['http://localhost', 'http://localhost:3000', 'http://localhost:80', 'http://127.0.0.1', 'http://127.0.0.1:3000', 'http://127.0.0.1:80', 'http://frontend', 'http://localhost:3001', 'http://127.0.0.1:3001', 'http://localhost:8000', 'http://127.0.0.1:8000', 'https://ec4db675c64c9f.lhr.life']
INFO 2025-06-18 06:49:07,332 middleware 3604 34032 Custom CSRF Middleware initialized with exempt paths: ['/api/auth/login/', '/api/auth/csrf/']
DEBUG 2025-06-18 06:49:21,144 middleware 3604 14500 Request from origin: http://localhost:3000
INFO 2025-06-18 06:49:21,149 views 3604 14500 Health check запрос от 127.0.0.1: ok
INFO 2025-06-18 06:49:21,150 basehttp 3604 14500 "GET /api/health/ HTTP/1.1" 200 250
DEBUG 2025-06-18 06:49:21,151 middleware 3604 14500 Request from origin: http://localhost:3000
INFO 2025-06-18 06:49:21,154 views 3604 14500 Health check запрос от 127.0.0.1: ok
INFO 2025-06-18 06:49:21,155 basehttp 3604 14500 "GET /api/health/ HTTP/1.1" 200 249
DEBUG 2025-06-18 06:49:21,214 middleware 3604 14500 Request from origin: http://localhost:3000
INFO 2025-06-18 06:49:21,218 basehttp 3604 14500 "GET /api/cities/ HTTP/1.1" 200 168
DEBUG 2025-06-18 06:49:21,220 middleware 3604 14500 Request from origin: http://localhost:3000
INFO 2025-06-18 06:49:21,223 basehttp 3604 14500 "GET /api/cities/ HTTP/1.1" 200 168
DEBUG 2025-06-18 06:49:21,226 middleware 3604 14500 Request from origin: http://localhost:3000
DEBUG 2025-06-18 06:49:21,231 middleware 3604 37272 Request from origin: http://localhost:3000
INFO 2025-06-18 06:49:21,234 basehttp 3604 14500 "GET /api/cafes/?city=1&t=1750200561224 HTTP/1.1" 200 499
INFO 2025-06-18 06:49:21,238 basehttp 3604 37272 "GET /api/cafes/?city=1&t=1750200561227 HTTP/1.1" 200 499
DEBUG 2025-06-18 06:49:21,255 middleware 3604 37272 Request from origin: http://localhost:3000
DEBUG 2025-06-18 06:49:21,259 views 3604 37272 Menu item: Шурпа, image: 'http://localhost:8000/media/menu_items/1ef19980-8e08-45b7-aff2-5292b5797aa9_kJopm0u.jpeg', image_full_url: 'http://localhost:8000/media/menu_items/1ef19980-8e08-45b7-aff2-5292b5797aa9_kJopm0u.jpeg'
INFO 2025-06-18 06:49:21,260 basehttp 3604 37272 "GET /api/menu-items/?cafe=1 HTTP/1.1" 200 471
DEBUG 2025-06-18 06:49:21,261 middleware 3604 37272 Request from origin: http://localhost:3000
DEBUG 2025-06-18 06:49:21,264 views 3604 37272 Menu item: Шурпа, image: 'http://localhost:8000/media/menu_items/1ef19980-8e08-45b7-aff2-5292b5797aa9_kJopm0u.jpeg', image_full_url: 'http://localhost:8000/media/menu_items/1ef19980-8e08-45b7-aff2-5292b5797aa9_kJopm0u.jpeg'
INFO 2025-06-18 06:49:21,265 basehttp 3604 37272 "GET /api/menu-items/?cafe=1 HTTP/1.1" 200 471
DEBUG 2025-06-18 06:49:22,586 middleware 3604 37272 Request from origin: http://localhost:3000
DEBUG 2025-06-18 06:49:22,587 middleware 3604 14500 Request from origin: http://localhost:3000
INFO 2025-06-18 06:49:22,593 basehttp 3604 14500 "GET /api/cafes/?city=1&t=1750200562585 HTTP/1.1" 200 499
INFO 2025-06-18 06:49:22,593 basehttp 3604 37272 "GET /api/cafes/?city=1&t=1750200562584 HTTP/1.1" 200 499
DEBUG 2025-06-18 06:49:22,607 middleware 3604 37272 Request from origin: 
INFO 2025-06-18 06:49:22,637 basehttp 3604 37272 "GET /media/cafe_covers/XXXL_1_1_ENDyb7O.webp?t=1750200562569 HTTP/1.1" 200 100380
DEBUG 2025-06-18 06:49:36,258 middleware 3604 37272 Request from origin: http://localhost:3000
INFO 2025-06-18 06:49:36,260 views 3604 37272 Health check запрос от 127.0.0.1: ok
INFO 2025-06-18 06:49:36,261 basehttp 3604 37272 "GET /api/health/ HTTP/1.1" 200 249
DEBUG 2025-06-18 06:49:36,262 middleware 3604 37272 Request from origin: http://localhost:3000
INFO 2025-06-18 06:49:36,265 views 3604 37272 Health check запрос от 127.0.0.1: ok
DEBUG 2025-06-18 06:49:36,265 middleware 3604 14500 Request from origin: http://localhost:3000
INFO 2025-06-18 06:49:36,266 basehttp 3604 37272 "GET /api/health/ HTTP/1.1" 200 250
INFO 2025-06-18 06:49:36,270 basehttp 3604 14500 "GET /api/cities/ HTTP/1.1" 200 168
DEBUG 2025-06-18 06:49:36,276 middleware 3604 14500 Request from origin: http://localhost:3000
INFO 2025-06-18 06:49:36,278 basehttp 3604 14500 "GET /api/cities/ HTTP/1.1" 200 168
DEBUG 2025-06-18 06:49:36,327 middleware 3604 14500 Request from origin: http://localhost:3000
INFO 2025-06-18 06:49:36,332 basehttp 3604 14500 "GET /api/cafes/?city=1&t=1750200576326 HTTP/1.1" 200 499
DEBUG 2025-06-18 06:49:36,334 middleware 3604 14500 Request from origin: http://localhost:3000
INFO 2025-06-18 06:49:36,340 basehttp 3604 14500 "GET /api/cafes/?city=1&t=1750200576332 HTTP/1.1" 200 499
DEBUG 2025-06-18 06:49:36,369 middleware 3604 14500 Request from origin: http://localhost:3000
DEBUG 2025-06-18 06:49:36,372 views 3604 14500 Menu item: Шурпа, image: 'http://localhost:8000/media/menu_items/1ef19980-8e08-45b7-aff2-5292b5797aa9_kJopm0u.jpeg', image_full_url: 'http://localhost:8000/media/menu_items/1ef19980-8e08-45b7-aff2-5292b5797aa9_kJopm0u.jpeg'
INFO 2025-06-18 06:49:36,373 basehttp 3604 14500 "GET /api/menu-items/?cafe=1 HTTP/1.1" 200 471
DEBUG 2025-06-18 06:49:36,374 middleware 3604 14500 Request from origin: http://localhost:3000
DEBUG 2025-06-18 06:49:36,378 views 3604 14500 Menu item: Шурпа, image: 'http://localhost:8000/media/menu_items/1ef19980-8e08-45b7-aff2-5292b5797aa9_kJopm0u.jpeg', image_full_url: 'http://localhost:8000/media/menu_items/1ef19980-8e08-45b7-aff2-5292b5797aa9_kJopm0u.jpeg'
INFO 2025-06-18 06:49:36,379 basehttp 3604 14500 "GET /api/menu-items/?cafe=1 HTTP/1.1" 200 471
DEBUG 2025-06-18 06:49:37,887 middleware 3604 28108 Request from origin: http://localhost:3000
DEBUG 2025-06-18 06:49:37,888 middleware 3604 28108 CSRF Processing path: api/auth/csrf/, Method: GET
DEBUG 2025-06-18 06:49:37,888 middleware 3604 28108 CSRF token in cookie: True
DEBUG 2025-06-18 06:49:37,888 middleware 3604 28108 CSRF token in header: False
DEBUG 2025-06-18 06:49:37,888 middleware 3604 28108 CSRF cookie token (first 6): tZAMyJ...
INFO 2025-06-18 06:49:37,890 auth 3604 28108 Запрос CSRF токена
INFO 2025-06-18 06:49:37,890 auth 3604 28108 CSRF запрос от Origin: http://localhost:3000, Referer: http://localhost:3000/
DEBUG 2025-06-18 06:49:37,891 auth 3604 28108 User-Agent: Mozilla/5.0 (Windows NT 10.0; Win64; x64) AppleWebKit/537.36 (KHTML, like Gecko) Chrome/134.0.0.0 Safari/537.36 OPR/119.0.0.0
INFO 2025-06-18 06:49:37,891 auth 3604 28108 CSRF токен сгенерирован: xgPHpm... (первые 6 символов)
DEBUG 2025-06-18 06:49:37,891 auth 3604 28108 Настройки CSRF cookie: {'csrf_cookie': {'name': 'csrftoken', 'secure': False, 'httponly': False, 'samesite': 'Lax'}}
INFO 2025-06-18 06:49:37,892 basehttp 3604 28108 "GET /api/auth/csrf/ HTTP/1.1" 200 58
DEBUG 2025-06-18 06:49:37,893 middleware 3604 28108 Request from origin: http://localhost:3000
DEBUG 2025-06-18 06:49:37,893 middleware 3604 28108 CSRF Processing path: api/auth/csrf/, Method: GET
DEBUG 2025-06-18 06:49:37,893 middleware 3604 28108 CSRF token in cookie: True
DEBUG 2025-06-18 06:49:37,893 middleware 3604 28108 CSRF token in header: False
DEBUG 2025-06-18 06:49:37,894 middleware 3604 28108 CSRF cookie token (first 6): tZAMyJ...
INFO 2025-06-18 06:49:37,896 auth 3604 28108 Запрос CSRF токена
INFO 2025-06-18 06:49:37,896 auth 3604 28108 CSRF запрос от Origin: http://localhost:3000, Referer: http://localhost:3000/
DEBUG 2025-06-18 06:49:37,896 auth 3604 28108 User-Agent: Mozilla/5.0 (Windows NT 10.0; Win64; x64) AppleWebKit/537.36 (KHTML, like Gecko) Chrome/134.0.0.0 Safari/537.36 OPR/119.0.0.0
INFO 2025-06-18 06:49:37,896 auth 3604 28108 CSRF токен сгенерирован: WkLVWp... (первые 6 символов)
DEBUG 2025-06-18 06:49:37,896 auth 3604 28108 Настройки CSRF cookie: {'csrf_cookie': {'name': 'csrftoken', 'secure': False, 'httponly': False, 'samesite': 'Lax'}}
INFO 2025-06-18 06:49:37,897 basehttp 3604 28108 "GET /api/auth/csrf/ HTTP/1.1" 200 58
DEBUG 2025-06-18 06:49:43,387 middleware 3604 28108 Request from origin: http://localhost:3000
DEBUG 2025-06-18 06:49:43,387 middleware 3604 28108 CSRF Processing path: api/auth/csrf/, Method: GET
DEBUG 2025-06-18 06:49:43,387 middleware 3604 28108 CSRF token in cookie: True
DEBUG 2025-06-18 06:49:43,387 middleware 3604 28108 CSRF token in header: False
DEBUG 2025-06-18 06:49:43,388 middleware 3604 28108 CSRF cookie token (first 6): tZAMyJ...
INFO 2025-06-18 06:49:43,390 auth 3604 28108 Запрос CSRF токена
INFO 2025-06-18 06:49:43,390 auth 3604 28108 CSRF запрос от Origin: http://localhost:3000, Referer: http://localhost:3000/
DEBUG 2025-06-18 06:49:43,390 auth 3604 28108 User-Agent: Mozilla/5.0 (Windows NT 10.0; Win64; x64) AppleWebKit/537.36 (KHTML, like Gecko) Chrome/134.0.0.0 Safari/537.36 OPR/119.0.0.0
INFO 2025-06-18 06:49:43,390 auth 3604 28108 CSRF токен сгенерирован: z2bKSc... (первые 6 символов)
DEBUG 2025-06-18 06:49:43,391 auth 3604 28108 Настройки CSRF cookie: {'csrf_cookie': {'name': 'csrftoken', 'secure': False, 'httponly': False, 'samesite': 'Lax'}}
INFO 2025-06-18 06:49:43,391 basehttp 3604 28108 "GET /api/auth/csrf/ HTTP/1.1" 200 58
DEBUG 2025-06-18 06:49:44,201 middleware 3604 28108 Request from origin: http://localhost:3000
DEBUG 2025-06-18 06:49:44,202 middleware 3604 28108 CSRF Processing path: api/auth/csrf/, Method: GET
DEBUG 2025-06-18 06:49:44,202 middleware 3604 28108 CSRF token in cookie: True
DEBUG 2025-06-18 06:49:44,202 middleware 3604 28108 CSRF token in header: False
DEBUG 2025-06-18 06:49:44,202 middleware 3604 28108 CSRF cookie token (first 6): tZAMyJ...
INFO 2025-06-18 06:49:44,204 auth 3604 28108 Запрос CSRF токена
INFO 2025-06-18 06:49:44,204 auth 3604 28108 CSRF запрос от Origin: http://localhost:3000, Referer: http://localhost:3000/
DEBUG 2025-06-18 06:49:44,204 auth 3604 28108 User-Agent: Mozilla/5.0 (Windows NT 10.0; Win64; x64) AppleWebKit/537.36 (KHTML, like Gecko) Chrome/134.0.0.0 Safari/537.36 OPR/119.0.0.0
INFO 2025-06-18 06:49:44,204 auth 3604 28108 CSRF токен сгенерирован: 8u3fGL... (первые 6 символов)
DEBUG 2025-06-18 06:49:44,205 auth 3604 28108 Настройки CSRF cookie: {'csrf_cookie': {'name': 'csrftoken', 'secure': False, 'httponly': False, 'samesite': 'Lax'}}
INFO 2025-06-18 06:49:44,205 basehttp 3604 28108 "GET /api/auth/csrf/ HTTP/1.1" 200 58
DEBUG 2025-06-18 06:49:44,512 middleware 3604 28108 Request from origin: http://localhost:3000
DEBUG 2025-06-18 06:49:44,512 middleware 3604 28108 CSRF Processing path: api/auth/csrf/, Method: GET
DEBUG 2025-06-18 06:49:44,512 middleware 3604 28108 CSRF token in cookie: True
DEBUG 2025-06-18 06:49:44,512 middleware 3604 28108 CSRF token in header: False
DEBUG 2025-06-18 06:49:44,513 middleware 3604 28108 CSRF cookie token (first 6): tZAMyJ...
INFO 2025-06-18 06:49:44,514 auth 3604 28108 Запрос CSRF токена
INFO 2025-06-18 06:49:44,514 auth 3604 28108 CSRF запрос от Origin: http://localhost:3000, Referer: http://localhost:3000/
DEBUG 2025-06-18 06:49:44,515 auth 3604 28108 User-Agent: Mozilla/5.0 (Windows NT 10.0; Win64; x64) AppleWebKit/537.36 (KHTML, like Gecko) Chrome/134.0.0.0 Safari/537.36 OPR/119.0.0.0
INFO 2025-06-18 06:49:44,515 auth 3604 28108 CSRF токен сгенерирован: nr4dUi... (первые 6 символов)
DEBUG 2025-06-18 06:49:44,515 auth 3604 28108 Настройки CSRF cookie: {'csrf_cookie': {'name': 'csrftoken', 'secure': False, 'httponly': False, 'samesite': 'Lax'}}
INFO 2025-06-18 06:49:44,515 basehttp 3604 28108 "GET /api/auth/csrf/ HTTP/1.1" 200 58
DEBUG 2025-06-18 06:49:44,831 middleware 3604 28108 Request from origin: http://localhost:3000
DEBUG 2025-06-18 06:49:44,832 middleware 3604 28108 CSRF Processing path: api/auth/login/, Method: POST
DEBUG 2025-06-18 06:49:44,832 middleware 3604 28108 CSRF token in cookie: True
DEBUG 2025-06-18 06:49:44,832 middleware 3604 28108 CSRF token in header: True
DEBUG 2025-06-18 06:49:44,833 middleware 3604 28108 CSRF cookie token (first 6): tZAMyJ...
DEBUG 2025-06-18 06:49:44,833 middleware 3604 28108 CSRF header token (first 6): tZAMyJ...
INFO 2025-06-18 06:49:44,835 auth 3604 28108 Попытка входа с email: hello@gmail.com
DEBUG 2025-06-18 06:49:44,835 auth 3604 28108 Запрос входа: {'email': 'hello@gmail.com', 'password': 'A166DB701'}
INFO 2025-06-18 06:49:44,835 auth 3604 28108 CSRF токен в заголовке: tZAMyJ...
INFO 2025-06-18 06:49:44,835 auth 3604 28108 Origin заголовок: http://localhost:3000
INFO 2025-06-18 06:49:44,836 auth 3604 28108 HTTP метод: POST
INFO 2025-06-18 06:49:44,836 auth 3604 28108 Content-Type: application/json
INFO 2025-06-18 06:49:44,836 auth 3604 28108 Cookies: {'sessionid': 'fj5o25xybhdrci5nu0tictpekeb0kw56', 'csrftoken': 'tZAMyJdPWXfqi7PNWtClZOiLLAJJM4Wa'}
INFO 2025-06-18 06:49:44,836 auth 3604 28108 HTTP_X_CSRFTOKEN: tZAMyJ...
INFO 2025-06-18 06:49:44,836 auth 3604 28108 Cookie CSRF: tZAMyJ...
INFO 2025-06-18 06:49:44,836 auth 3604 28108 CSRF токены совпадают: True
INFO 2025-06-18 06:49:44,837 auth 3604 28108 Проверка учетной записи: hello@gmail.com
INFO 2025-06-18 06:49:45,088 auth 3604 28108 Успешный вход пользователя: Hello
INFO 2025-06-18 06:49:45,090 auth 3604 28108 Пользователь Hello является владельцем ресторана Aliya
INFO 2025-06-18 06:49:45,090 auth 3604 28108 Данные для отправки: {'id': 2, 'email': 'hello@gmail.com', 'name': 'Hello', 'cafe_id': 1, 'role': 'owner'}
INFO 2025-06-18 06:49:45,096 basehttp 3604 28108 "POST /api/auth/login/ HTTP/1.1" 200 76
DEBUG 2025-06-18 06:49:45,114 middleware 3604 28108 Request from origin: http://localhost:3000
INFO 2025-06-18 06:49:45,119 basehttp 3604 28108 "GET /api/cafes/1/ HTTP/1.1" 200 447
DEBUG 2025-06-18 06:49:45,120 middleware 3604 28108 Request from origin: http://localhost:3000
DEBUG 2025-06-18 06:49:45,122 middleware 3604 33608 Request from origin: http://localhost:3000
INFO 2025-06-18 06:49:45,127 basehttp 3604 28108 "GET /api/cafes/1/ HTTP/1.1" 200 447
INFO 2025-06-18 06:49:45,130 basehttp 3604 33608 "GET /api/cafes/1/statistics/ HTTP/1.1" 200 87
DEBUG 2025-06-18 06:49:45,131 middleware 3604 33608 Request from origin: http://localhost:3000
DEBUG 2025-06-18 06:49:45,133 middleware 3604 28108 Request from origin: http://localhost:3000
INFO 2025-06-18 06:49:45,142 basehttp 3604 33608 "GET /api/cafes/1/statistics/ HTTP/1.1" 200 87
ERROR 2025-06-18 06:49:45,159 log 3604 28108 Internal Server Error: /api/orders/
Traceback (most recent call last):
  File "C:\Users\AsusLaptop\AppData\Local\Programs\Python\Python313\Lib\site-packages\django\db\backends\utils.py", line 105, in _execute
    return self.cursor.execute(sql, params)
           ~~~~~~~~~~~~~~~~~~~^^^^^^^^^^^^^
  File "C:\Users\AsusLaptop\AppData\Local\Programs\Python\Python313\Lib\site-packages\django\db\backends\sqlite3\base.py", line 329, in execute
    return super().execute(query, params)
           ~~~~~~~~~~~~~~~^^^^^^^^^^^^^^^
sqlite3.OperationalError: no such column: cafes_order.client_order_id

The above exception was the direct cause of the following exception:

Traceback (most recent call last):
  File "C:\Users\AsusLaptop\AppData\Local\Programs\Python\Python313\Lib\site-packages\django\core\handlers\exception.py", line 55, in inner
    response = get_response(request)
  File "C:\Users\AsusLaptop\AppData\Local\Programs\Python\Python313\Lib\site-packages\django\core\handlers\base.py", line 197, in _get_response
    response = wrapped_callback(request, *callback_args, **callback_kwargs)
  File "C:\Users\AsusLaptop\AppData\Local\Programs\Python\Python313\Lib\site-packages\django\views\decorators\csrf.py", line 65, in _view_wrapper
    return view_func(request, *args, **kwargs)
  File "C:\Users\AsusLaptop\AppData\Local\Programs\Python\Python313\Lib\site-packages\rest_framework\viewsets.py", line 125, in view
    return self.dispatch(request, *args, **kwargs)
           ~~~~~~~~~~~~~^^^^^^^^^^^^^^^^^^^^^^^^^^
  File "C:\Users\AsusLaptop\AppData\Local\Programs\Python\Python313\Lib\site-packages\rest_framework\views.py", line 509, in dispatch
    response = self.handle_exception(exc)
  File "C:\Users\AsusLaptop\AppData\Local\Programs\Python\Python313\Lib\site-packages\rest_framework\views.py", line 469, in handle_exception
    self.raise_uncaught_exception(exc)
    ~~~~~~~~~~~~~~~~~~~~~~~~~~~~~^^^^^
  File "C:\Users\AsusLaptop\AppData\Local\Programs\Python\Python313\Lib\site-packages\rest_framework\views.py", line 480, in raise_uncaught_exception
    raise exc
  File "C:\Users\AsusLaptop\AppData\Local\Programs\Python\Python313\Lib\site-packages\rest_framework\views.py", line 506, in dispatch
    response = handler(request, *args, **kwargs)
  File "C:\Users\AsusLaptop\AppData\Local\Programs\Python\Python313\Lib\site-packages\rest_framework\mixins.py", line 40, in list
    page = self.paginate_queryset(queryset)
  File "C:\Users\AsusLaptop\AppData\Local\Programs\Python\Python313\Lib\site-packages\rest_framework\generics.py", line 171, in paginate_queryset
    return self.paginator.paginate_queryset(queryset, self.request, view=self)
           ~~~~~~~~~~~~~~~~~~~~~~~~~~~~~~~~^^^^^^^^^^^^^^^^^^^^^^^^^^^^^^^^^^^
  File "C:\Users\AsusLaptop\AppData\Local\Programs\Python\Python313\Lib\site-packages\rest_framework\pagination.py", line 216, in paginate_queryset
    return list(self.page)
  File "C:\Users\AsusLaptop\AppData\Local\Programs\Python\Python313\Lib\site-packages\django\core\paginator.py", line 191, in __len__
    return len(self.object_list)
  File "C:\Users\AsusLaptop\AppData\Local\Programs\Python\Python313\Lib\site-packages\django\db\models\query.py", line 382, in __len__
    self._fetch_all()
    ~~~~~~~~~~~~~~~^^
  File "C:\Users\AsusLaptop\AppData\Local\Programs\Python\Python313\Lib\site-packages\django\db\models\query.py", line 1928, in _fetch_all
    self._result_cache = list(self._iterable_class(self))
                         ~~~~^^^^^^^^^^^^^^^^^^^^^^^^^^^^
  File "C:\Users\AsusLaptop\AppData\Local\Programs\Python\Python313\Lib\site-packages\django\db\models\query.py", line 91, in __iter__
    results = compiler.execute_sql(
        chunked_fetch=self.chunked_fetch, chunk_size=self.chunk_size
    )
  File "C:\Users\AsusLaptop\AppData\Local\Programs\Python\Python313\Lib\site-packages\django\db\models\sql\compiler.py", line 1562, in execute_sql
    cursor.execute(sql, params)
    ~~~~~~~~~~~~~~^^^^^^^^^^^^^
  File "C:\Users\AsusLaptop\AppData\Local\Programs\Python\Python313\Lib\site-packages\django\db\backends\utils.py", line 122, in execute
    return super().execute(sql, params)
           ~~~~~~~~~~~~~~~^^^^^^^^^^^^^
  File "C:\Users\AsusLaptop\AppData\Local\Programs\Python\Python313\Lib\site-packages\django\db\backends\utils.py", line 79, in execute
    return self._execute_with_wrappers(
           ~~~~~~~~~~~~~~~~~~~~~~~~~~~^
        sql, params, many=False, executor=self._execute
        ^^^^^^^^^^^^^^^^^^^^^^^^^^^^^^^^^^^^^^^^^^^^^^^
    )
    ^
  File "C:\Users\AsusLaptop\AppData\Local\Programs\Python\Python313\Lib\site-packages\django\db\backends\utils.py", line 92, in _execute_with_wrappers
    return executor(sql, params, many, context)
  File "C:\Users\AsusLaptop\AppData\Local\Programs\Python\Python313\Lib\site-packages\django\db\backends\utils.py", line 100, in _execute
    with self.db.wrap_database_errors:
         ^^^^^^^^^^^^^^^^^^^^^^^^^^^^
  File "C:\Users\AsusLaptop\AppData\Local\Programs\Python\Python313\Lib\site-packages\django\db\utils.py", line 91, in __exit__
    raise dj_exc_value.with_traceback(traceback) from exc_value
  File "C:\Users\AsusLaptop\AppData\Local\Programs\Python\Python313\Lib\site-packages\django\db\backends\utils.py", line 105, in _execute
    return self.cursor.execute(sql, params)
           ~~~~~~~~~~~~~~~~~~~^^^^^^^^^^^^^
  File "C:\Users\AsusLaptop\AppData\Local\Programs\Python\Python313\Lib\site-packages\django\db\backends\sqlite3\base.py", line 329, in execute
    return super().execute(query, params)
           ~~~~~~~~~~~~~~~^^^^^^^^^^^^^^^
django.db.utils.OperationalError: no such column: cafes_order.client_order_id
ERROR 2025-06-18 06:49:45,165 basehttp 3604 28108 "GET /api/orders/?cafe=1 HTTP/1.1" 500 26967
DEBUG 2025-06-18 06:49:45,167 middleware 3604 28108 Request from origin: http://localhost:3000
ERROR 2025-06-18 06:49:45,186 log 3604 28108 Internal Server Error: /api/orders/
Traceback (most recent call last):
  File "C:\Users\AsusLaptop\AppData\Local\Programs\Python\Python313\Lib\site-packages\django\db\backends\utils.py", line 105, in _execute
    return self.cursor.execute(sql, params)
           ~~~~~~~~~~~~~~~~~~~^^^^^^^^^^^^^
  File "C:\Users\AsusLaptop\AppData\Local\Programs\Python\Python313\Lib\site-packages\django\db\backends\sqlite3\base.py", line 329, in execute
    return super().execute(query, params)
           ~~~~~~~~~~~~~~~^^^^^^^^^^^^^^^
sqlite3.OperationalError: no such column: cafes_order.client_order_id

The above exception was the direct cause of the following exception:

Traceback (most recent call last):
  File "C:\Users\AsusLaptop\AppData\Local\Programs\Python\Python313\Lib\site-packages\django\core\handlers\exception.py", line 55, in inner
    response = get_response(request)
  File "C:\Users\AsusLaptop\AppData\Local\Programs\Python\Python313\Lib\site-packages\django\core\handlers\base.py", line 197, in _get_response
    response = wrapped_callback(request, *callback_args, **callback_kwargs)
  File "C:\Users\AsusLaptop\AppData\Local\Programs\Python\Python313\Lib\site-packages\django\views\decorators\csrf.py", line 65, in _view_wrapper
    return view_func(request, *args, **kwargs)
  File "C:\Users\AsusLaptop\AppData\Local\Programs\Python\Python313\Lib\site-packages\rest_framework\viewsets.py", line 125, in view
    return self.dispatch(request, *args, **kwargs)
           ~~~~~~~~~~~~~^^^^^^^^^^^^^^^^^^^^^^^^^^
  File "C:\Users\AsusLaptop\AppData\Local\Programs\Python\Python313\Lib\site-packages\rest_framework\views.py", line 509, in dispatch
    response = self.handle_exception(exc)
  File "C:\Users\AsusLaptop\AppData\Local\Programs\Python\Python313\Lib\site-packages\rest_framework\views.py", line 469, in handle_exception
    self.raise_uncaught_exception(exc)
    ~~~~~~~~~~~~~~~~~~~~~~~~~~~~~^^^^^
  File "C:\Users\AsusLaptop\AppData\Local\Programs\Python\Python313\Lib\site-packages\rest_framework\views.py", line 480, in raise_uncaught_exception
    raise exc
  File "C:\Users\AsusLaptop\AppData\Local\Programs\Python\Python313\Lib\site-packages\rest_framework\views.py", line 506, in dispatch
    response = handler(request, *args, **kwargs)
  File "C:\Users\AsusLaptop\AppData\Local\Programs\Python\Python313\Lib\site-packages\rest_framework\mixins.py", line 40, in list
    page = self.paginate_queryset(queryset)
  File "C:\Users\AsusLaptop\AppData\Local\Programs\Python\Python313\Lib\site-packages\rest_framework\generics.py", line 171, in paginate_queryset
    return self.paginator.paginate_queryset(queryset, self.request, view=self)
           ~~~~~~~~~~~~~~~~~~~~~~~~~~~~~~~~^^^^^^^^^^^^^^^^^^^^^^^^^^^^^^^^^^^
  File "C:\Users\AsusLaptop\AppData\Local\Programs\Python\Python313\Lib\site-packages\rest_framework\pagination.py", line 216, in paginate_queryset
    return list(self.page)
  File "C:\Users\AsusLaptop\AppData\Local\Programs\Python\Python313\Lib\site-packages\django\core\paginator.py", line 191, in __len__
    return len(self.object_list)
  File "C:\Users\AsusLaptop\AppData\Local\Programs\Python\Python313\Lib\site-packages\django\db\models\query.py", line 382, in __len__
    self._fetch_all()
    ~~~~~~~~~~~~~~~^^
  File "C:\Users\AsusLaptop\AppData\Local\Programs\Python\Python313\Lib\site-packages\django\db\models\query.py", line 1928, in _fetch_all
    self._result_cache = list(self._iterable_class(self))
                         ~~~~^^^^^^^^^^^^^^^^^^^^^^^^^^^^
  File "C:\Users\AsusLaptop\AppData\Local\Programs\Python\Python313\Lib\site-packages\django\db\models\query.py", line 91, in __iter__
    results = compiler.execute_sql(
        chunked_fetch=self.chunked_fetch, chunk_size=self.chunk_size
    )
  File "C:\Users\AsusLaptop\AppData\Local\Programs\Python\Python313\Lib\site-packages\django\db\models\sql\compiler.py", line 1562, in execute_sql
    cursor.execute(sql, params)
    ~~~~~~~~~~~~~~^^^^^^^^^^^^^
  File "C:\Users\AsusLaptop\AppData\Local\Programs\Python\Python313\Lib\site-packages\django\db\backends\utils.py", line 122, in execute
    return super().execute(sql, params)
           ~~~~~~~~~~~~~~~^^^^^^^^^^^^^
  File "C:\Users\AsusLaptop\AppData\Local\Programs\Python\Python313\Lib\site-packages\django\db\backends\utils.py", line 79, in execute
    return self._execute_with_wrappers(
           ~~~~~~~~~~~~~~~~~~~~~~~~~~~^
        sql, params, many=False, executor=self._execute
        ^^^^^^^^^^^^^^^^^^^^^^^^^^^^^^^^^^^^^^^^^^^^^^^
    )
    ^
  File "C:\Users\AsusLaptop\AppData\Local\Programs\Python\Python313\Lib\site-packages\django\db\backends\utils.py", line 92, in _execute_with_wrappers
    return executor(sql, params, many, context)
  File "C:\Users\AsusLaptop\AppData\Local\Programs\Python\Python313\Lib\site-packages\django\db\backends\utils.py", line 100, in _execute
    with self.db.wrap_database_errors:
         ^^^^^^^^^^^^^^^^^^^^^^^^^^^^
  File "C:\Users\AsusLaptop\AppData\Local\Programs\Python\Python313\Lib\site-packages\django\db\utils.py", line 91, in __exit__
    raise dj_exc_value.with_traceback(traceback) from exc_value
  File "C:\Users\AsusLaptop\AppData\Local\Programs\Python\Python313\Lib\site-packages\django\db\backends\utils.py", line 105, in _execute
    return self.cursor.execute(sql, params)
           ~~~~~~~~~~~~~~~~~~~^^^^^^^^^^^^^
  File "C:\Users\AsusLaptop\AppData\Local\Programs\Python\Python313\Lib\site-packages\django\db\backends\sqlite3\base.py", line 329, in execute
    return super().execute(query, params)
           ~~~~~~~~~~~~~~~^^^^^^^^^^^^^^^
django.db.utils.OperationalError: no such column: cafes_order.client_order_id
ERROR 2025-06-18 06:49:45,189 basehttp 3604 28108 "GET /api/orders/?cafe=1 HTTP/1.1" 500 26967
DEBUG 2025-06-18 06:49:47,731 middleware 3604 14500 Request from origin: http://localhost:3000
INFO 2025-06-18 06:49:47,734 views 3604 14500 Health check запрос от 127.0.0.1: ok
INFO 2025-06-18 06:49:47,734 basehttp 3604 14500 "GET /api/health/ HTTP/1.1" 200 249
DEBUG 2025-06-18 06:49:47,735 middleware 3604 14500 Request from origin: http://localhost:3000
INFO 2025-06-18 06:49:47,737 views 3604 14500 Health check запрос от 127.0.0.1: ok
INFO 2025-06-18 06:49:47,738 basehttp 3604 14500 "GET /api/health/ HTTP/1.1" 200 250
DEBUG 2025-06-18 06:49:47,740 middleware 3604 37272 Request from origin: http://localhost:3000
INFO 2025-06-18 06:49:47,743 basehttp 3604 37272 "GET /api/cities/ HTTP/1.1" 200 168
DEBUG 2025-06-18 06:49:47,744 middleware 3604 28108 Request from origin: http://localhost:3000
INFO 2025-06-18 06:49:47,749 basehttp 3604 28108 "GET /api/cafes/1/ HTTP/1.1" 200 447
DEBUG 2025-06-18 06:49:47,750 middleware 3604 28108 Request from origin: http://localhost:3000
INFO 2025-06-18 06:49:47,754 basehttp 3604 28108 "GET /api/cafes/1/ HTTP/1.1" 200 447
DEBUG 2025-06-18 06:49:47,756 middleware 3604 37272 Request from origin: http://localhost:3000
DEBUG 2025-06-18 06:49:47,759 middleware 3604 14500 Request from origin: http://localhost:3000
INFO 2025-06-18 06:49:47,760 basehttp 3604 37272 "GET /api/cities/ HTTP/1.1" 200 168
DEBUG 2025-06-18 06:49:47,760 middleware 3604 28108 Request from origin: http://localhost:3000
DEBUG 2025-06-18 06:49:47,763 middleware 3604 37272 Request from origin: http://localhost:3000
INFO 2025-06-18 06:49:47,770 basehttp 3604 37272 "GET /api/cafes/?city=1&t=1750200587762 HTTP/1.1" 200 499
INFO 2025-06-18 06:49:47,772 basehttp 3604 28108 "GET /api/cafes/1/statistics/ HTTP/1.1" 200 87
DEBUG 2025-06-18 06:49:47,773 middleware 3604 28108 Request from origin: http://localhost:3000
DEBUG 2025-06-18 06:49:47,774 middleware 3604 37272 Request from origin: http://localhost:3000
DEBUG 2025-06-18 06:49:47,775 middleware 3604 33608 Request from origin: http://localhost:3000
INFO 2025-06-18 06:49:47,782 basehttp 3604 14500 "GET /api/cafes/?city=1&t=1750200587757 HTTP/1.1" 200 499
DEBUG 2025-06-18 06:49:47,785 views 3604 37272 Menu item: Шурпа, image: 'http://localhost:8000/media/menu_items/1ef19980-8e08-45b7-aff2-5292b5797aa9_kJopm0u.jpeg', image_full_url: 'http://localhost:8000/media/menu_items/1ef19980-8e08-45b7-aff2-5292b5797aa9_kJopm0u.jpeg'
INFO 2025-06-18 06:49:47,786 basehttp 3604 37272 "GET /api/menu-items/?cafe=1 HTTP/1.1" 200 471
DEBUG 2025-06-18 06:49:47,790 middleware 3604 37272 Request from origin: http://localhost:3000
DEBUG 2025-06-18 06:49:47,795 views 3604 37272 Menu item: Шурпа, image: 'http://localhost:8000/media/menu_items/1ef19980-8e08-45b7-aff2-5292b5797aa9_kJopm0u.jpeg', image_full_url: 'http://localhost:8000/media/menu_items/1ef19980-8e08-45b7-aff2-5292b5797aa9_kJopm0u.jpeg'
INFO 2025-06-18 06:49:47,795 basehttp 3604 28108 "GET /api/cafes/1/statistics/ HTTP/1.1" 200 87
INFO 2025-06-18 06:49:47,797 basehttp 3604 37272 "GET /api/menu-items/?cafe=1 HTTP/1.1" 200 471
ERROR 2025-06-18 06:49:47,809 log 3604 33608 Internal Server Error: /api/orders/
Traceback (most recent call last):
  File "C:\Users\AsusLaptop\AppData\Local\Programs\Python\Python313\Lib\site-packages\django\db\backends\utils.py", line 105, in _execute
    return self.cursor.execute(sql, params)
           ~~~~~~~~~~~~~~~~~~~^^^^^^^^^^^^^
  File "C:\Users\AsusLaptop\AppData\Local\Programs\Python\Python313\Lib\site-packages\django\db\backends\sqlite3\base.py", line 329, in execute
    return super().execute(query, params)
           ~~~~~~~~~~~~~~~^^^^^^^^^^^^^^^
sqlite3.OperationalError: no such column: cafes_order.client_order_id

The above exception was the direct cause of the following exception:

Traceback (most recent call last):
  File "C:\Users\AsusLaptop\AppData\Local\Programs\Python\Python313\Lib\site-packages\django\core\handlers\exception.py", line 55, in inner
    response = get_response(request)
  File "C:\Users\AsusLaptop\AppData\Local\Programs\Python\Python313\Lib\site-packages\django\core\handlers\base.py", line 197, in _get_response
    response = wrapped_callback(request, *callback_args, **callback_kwargs)
  File "C:\Users\AsusLaptop\AppData\Local\Programs\Python\Python313\Lib\site-packages\django\views\decorators\csrf.py", line 65, in _view_wrapper
    return view_func(request, *args, **kwargs)
  File "C:\Users\AsusLaptop\AppData\Local\Programs\Python\Python313\Lib\site-packages\rest_framework\viewsets.py", line 125, in view
    return self.dispatch(request, *args, **kwargs)
           ~~~~~~~~~~~~~^^^^^^^^^^^^^^^^^^^^^^^^^^
  File "C:\Users\AsusLaptop\AppData\Local\Programs\Python\Python313\Lib\site-packages\rest_framework\views.py", line 509, in dispatch
    response = self.handle_exception(exc)
  File "C:\Users\AsusLaptop\AppData\Local\Programs\Python\Python313\Lib\site-packages\rest_framework\views.py", line 469, in handle_exception
    self.raise_uncaught_exception(exc)
    ~~~~~~~~~~~~~~~~~~~~~~~~~~~~~^^^^^
  File "C:\Users\AsusLaptop\AppData\Local\Programs\Python\Python313\Lib\site-packages\rest_framework\views.py", line 480, in raise_uncaught_exception
    raise exc
  File "C:\Users\AsusLaptop\AppData\Local\Programs\Python\Python313\Lib\site-packages\rest_framework\views.py", line 506, in dispatch
    response = handler(request, *args, **kwargs)
  File "C:\Users\AsusLaptop\AppData\Local\Programs\Python\Python313\Lib\site-packages\rest_framework\mixins.py", line 40, in list
    page = self.paginate_queryset(queryset)
  File "C:\Users\AsusLaptop\AppData\Local\Programs\Python\Python313\Lib\site-packages\rest_framework\generics.py", line 171, in paginate_queryset
    return self.paginator.paginate_queryset(queryset, self.request, view=self)
           ~~~~~~~~~~~~~~~~~~~~~~~~~~~~~~~~^^^^^^^^^^^^^^^^^^^^^^^^^^^^^^^^^^^
  File "C:\Users\AsusLaptop\AppData\Local\Programs\Python\Python313\Lib\site-packages\rest_framework\pagination.py", line 216, in paginate_queryset
    return list(self.page)
  File "C:\Users\AsusLaptop\AppData\Local\Programs\Python\Python313\Lib\site-packages\django\core\paginator.py", line 191, in __len__
    return len(self.object_list)
  File "C:\Users\AsusLaptop\AppData\Local\Programs\Python\Python313\Lib\site-packages\django\db\models\query.py", line 382, in __len__
    self._fetch_all()
    ~~~~~~~~~~~~~~~^^
  File "C:\Users\AsusLaptop\AppData\Local\Programs\Python\Python313\Lib\site-packages\django\db\models\query.py", line 1928, in _fetch_all
    self._result_cache = list(self._iterable_class(self))
                         ~~~~^^^^^^^^^^^^^^^^^^^^^^^^^^^^
  File "C:\Users\AsusLaptop\AppData\Local\Programs\Python\Python313\Lib\site-packages\django\db\models\query.py", line 91, in __iter__
    results = compiler.execute_sql(
        chunked_fetch=self.chunked_fetch, chunk_size=self.chunk_size
    )
  File "C:\Users\AsusLaptop\AppData\Local\Programs\Python\Python313\Lib\site-packages\django\db\models\sql\compiler.py", line 1562, in execute_sql
    cursor.execute(sql, params)
    ~~~~~~~~~~~~~~^^^^^^^^^^^^^
  File "C:\Users\AsusLaptop\AppData\Local\Programs\Python\Python313\Lib\site-packages\django\db\backends\utils.py", line 122, in execute
    return super().execute(sql, params)
           ~~~~~~~~~~~~~~~^^^^^^^^^^^^^
  File "C:\Users\AsusLaptop\AppData\Local\Programs\Python\Python313\Lib\site-packages\django\db\backends\utils.py", line 79, in execute
    return self._execute_with_wrappers(
           ~~~~~~~~~~~~~~~~~~~~~~~~~~~^
        sql, params, many=False, executor=self._execute
        ^^^^^^^^^^^^^^^^^^^^^^^^^^^^^^^^^^^^^^^^^^^^^^^
    )
    ^
  File "C:\Users\AsusLaptop\AppData\Local\Programs\Python\Python313\Lib\site-packages\django\db\backends\utils.py", line 92, in _execute_with_wrappers
    return executor(sql, params, many, context)
  File "C:\Users\AsusLaptop\AppData\Local\Programs\Python\Python313\Lib\site-packages\django\db\backends\utils.py", line 100, in _execute
    with self.db.wrap_database_errors:
         ^^^^^^^^^^^^^^^^^^^^^^^^^^^^
  File "C:\Users\AsusLaptop\AppData\Local\Programs\Python\Python313\Lib\site-packages\django\db\utils.py", line 91, in __exit__
    raise dj_exc_value.with_traceback(traceback) from exc_value
  File "C:\Users\AsusLaptop\AppData\Local\Programs\Python\Python313\Lib\site-packages\django\db\backends\utils.py", line 105, in _execute
    return self.cursor.execute(sql, params)
           ~~~~~~~~~~~~~~~~~~~^^^^^^^^^^^^^
  File "C:\Users\AsusLaptop\AppData\Local\Programs\Python\Python313\Lib\site-packages\django\db\backends\sqlite3\base.py", line 329, in execute
    return super().execute(query, params)
           ~~~~~~~~~~~~~~~^^^^^^^^^^^^^^^
django.db.utils.OperationalError: no such column: cafes_order.client_order_id
ERROR 2025-06-18 06:49:47,814 basehttp 3604 33608 "GET /api/orders/?cafe=1 HTTP/1.1" 500 26967
DEBUG 2025-06-18 06:49:47,815 middleware 3604 33608 Request from origin: http://localhost:3000
ERROR 2025-06-18 06:49:47,834 log 3604 33608 Internal Server Error: /api/orders/
Traceback (most recent call last):
  File "C:\Users\AsusLaptop\AppData\Local\Programs\Python\Python313\Lib\site-packages\django\db\backends\utils.py", line 105, in _execute
    return self.cursor.execute(sql, params)
           ~~~~~~~~~~~~~~~~~~~^^^^^^^^^^^^^
  File "C:\Users\AsusLaptop\AppData\Local\Programs\Python\Python313\Lib\site-packages\django\db\backends\sqlite3\base.py", line 329, in execute
    return super().execute(query, params)
           ~~~~~~~~~~~~~~~^^^^^^^^^^^^^^^
sqlite3.OperationalError: no such column: cafes_order.client_order_id

The above exception was the direct cause of the following exception:

Traceback (most recent call last):
  File "C:\Users\AsusLaptop\AppData\Local\Programs\Python\Python313\Lib\site-packages\django\core\handlers\exception.py", line 55, in inner
    response = get_response(request)
  File "C:\Users\AsusLaptop\AppData\Local\Programs\Python\Python313\Lib\site-packages\django\core\handlers\base.py", line 197, in _get_response
    response = wrapped_callback(request, *callback_args, **callback_kwargs)
  File "C:\Users\AsusLaptop\AppData\Local\Programs\Python\Python313\Lib\site-packages\django\views\decorators\csrf.py", line 65, in _view_wrapper
    return view_func(request, *args, **kwargs)
  File "C:\Users\AsusLaptop\AppData\Local\Programs\Python\Python313\Lib\site-packages\rest_framework\viewsets.py", line 125, in view
    return self.dispatch(request, *args, **kwargs)
           ~~~~~~~~~~~~~^^^^^^^^^^^^^^^^^^^^^^^^^^
  File "C:\Users\AsusLaptop\AppData\Local\Programs\Python\Python313\Lib\site-packages\rest_framework\views.py", line 509, in dispatch
    response = self.handle_exception(exc)
  File "C:\Users\AsusLaptop\AppData\Local\Programs\Python\Python313\Lib\site-packages\rest_framework\views.py", line 469, in handle_exception
    self.raise_uncaught_exception(exc)
    ~~~~~~~~~~~~~~~~~~~~~~~~~~~~~^^^^^
  File "C:\Users\AsusLaptop\AppData\Local\Programs\Python\Python313\Lib\site-packages\rest_framework\views.py", line 480, in raise_uncaught_exception
    raise exc
  File "C:\Users\AsusLaptop\AppData\Local\Programs\Python\Python313\Lib\site-packages\rest_framework\views.py", line 506, in dispatch
    response = handler(request, *args, **kwargs)
  File "C:\Users\AsusLaptop\AppData\Local\Programs\Python\Python313\Lib\site-packages\rest_framework\mixins.py", line 40, in list
    page = self.paginate_queryset(queryset)
  File "C:\Users\AsusLaptop\AppData\Local\Programs\Python\Python313\Lib\site-packages\rest_framework\generics.py", line 171, in paginate_queryset
    return self.paginator.paginate_queryset(queryset, self.request, view=self)
           ~~~~~~~~~~~~~~~~~~~~~~~~~~~~~~~~^^^^^^^^^^^^^^^^^^^^^^^^^^^^^^^^^^^
  File "C:\Users\AsusLaptop\AppData\Local\Programs\Python\Python313\Lib\site-packages\rest_framework\pagination.py", line 216, in paginate_queryset
    return list(self.page)
  File "C:\Users\AsusLaptop\AppData\Local\Programs\Python\Python313\Lib\site-packages\django\core\paginator.py", line 191, in __len__
    return len(self.object_list)
  File "C:\Users\AsusLaptop\AppData\Local\Programs\Python\Python313\Lib\site-packages\django\db\models\query.py", line 382, in __len__
    self._fetch_all()
    ~~~~~~~~~~~~~~~^^
  File "C:\Users\AsusLaptop\AppData\Local\Programs\Python\Python313\Lib\site-packages\django\db\models\query.py", line 1928, in _fetch_all
    self._result_cache = list(self._iterable_class(self))
                         ~~~~^^^^^^^^^^^^^^^^^^^^^^^^^^^^
  File "C:\Users\AsusLaptop\AppData\Local\Programs\Python\Python313\Lib\site-packages\django\db\models\query.py", line 91, in __iter__
    results = compiler.execute_sql(
        chunked_fetch=self.chunked_fetch, chunk_size=self.chunk_size
    )
  File "C:\Users\AsusLaptop\AppData\Local\Programs\Python\Python313\Lib\site-packages\django\db\models\sql\compiler.py", line 1562, in execute_sql
    cursor.execute(sql, params)
    ~~~~~~~~~~~~~~^^^^^^^^^^^^^
  File "C:\Users\AsusLaptop\AppData\Local\Programs\Python\Python313\Lib\site-packages\django\db\backends\utils.py", line 122, in execute
    return super().execute(sql, params)
           ~~~~~~~~~~~~~~~^^^^^^^^^^^^^
  File "C:\Users\AsusLaptop\AppData\Local\Programs\Python\Python313\Lib\site-packages\django\db\backends\utils.py", line 79, in execute
    return self._execute_with_wrappers(
           ~~~~~~~~~~~~~~~~~~~~~~~~~~~^
        sql, params, many=False, executor=self._execute
        ^^^^^^^^^^^^^^^^^^^^^^^^^^^^^^^^^^^^^^^^^^^^^^^
    )
    ^
  File "C:\Users\AsusLaptop\AppData\Local\Programs\Python\Python313\Lib\site-packages\django\db\backends\utils.py", line 92, in _execute_with_wrappers
    return executor(sql, params, many, context)
  File "C:\Users\AsusLaptop\AppData\Local\Programs\Python\Python313\Lib\site-packages\django\db\backends\utils.py", line 100, in _execute
    with self.db.wrap_database_errors:
         ^^^^^^^^^^^^^^^^^^^^^^^^^^^^
  File "C:\Users\AsusLaptop\AppData\Local\Programs\Python\Python313\Lib\site-packages\django\db\utils.py", line 91, in __exit__
    raise dj_exc_value.with_traceback(traceback) from exc_value
  File "C:\Users\AsusLaptop\AppData\Local\Programs\Python\Python313\Lib\site-packages\django\db\backends\utils.py", line 105, in _execute
    return self.cursor.execute(sql, params)
           ~~~~~~~~~~~~~~~~~~~^^^^^^^^^^^^^
  File "C:\Users\AsusLaptop\AppData\Local\Programs\Python\Python313\Lib\site-packages\django\db\backends\sqlite3\base.py", line 329, in execute
    return super().execute(query, params)
           ~~~~~~~~~~~~~~~^^^^^^^^^^^^^^^
django.db.utils.OperationalError: no such column: cafes_order.client_order_id
ERROR 2025-06-18 06:49:47,838 basehttp 3604 33608 "GET /api/orders/?cafe=1 HTTP/1.1" 500 26967
DEBUG 2025-06-18 06:49:49,669 middleware 3604 37272 Request from origin: http://localhost:3000
DEBUG 2025-06-18 06:49:49,670 middleware 3604 14500 Request from origin: http://localhost:3000
INFO 2025-06-18 06:49:49,678 basehttp 3604 37272 "GET /api/cafes/?city=1&t=1750200589667 HTTP/1.1" 200 499
INFO 2025-06-18 06:49:49,678 basehttp 3604 14500 "GET /api/cafes/?city=1&t=1750200589668 HTTP/1.1" 200 499
DEBUG 2025-06-18 06:49:49,694 middleware 3604 14500 Request from origin: 
INFO 2025-06-18 06:49:49,695 basehttp 3604 14500 "GET /media/cafe_covers/XXXL_1_1_ENDyb7O.webp?t=1750200589652 HTTP/1.1" 200 100380
DEBUG 2025-06-18 06:49:50,550 middleware 3604 33608 Request from origin: http://localhost:3000
DEBUG 2025-06-18 06:49:50,553 views 3604 33608 Menu item: Шурпа, image: 'http://localhost:8000/media/menu_items/1ef19980-8e08-45b7-aff2-5292b5797aa9_kJopm0u.jpeg', image_full_url: 'http://localhost:8000/media/menu_items/1ef19980-8e08-45b7-aff2-5292b5797aa9_kJopm0u.jpeg'
INFO 2025-06-18 06:49:50,554 basehttp 3604 33608 "GET /api/menu-items/?cafe=1 HTTP/1.1" 200 471
DEBUG 2025-06-18 06:49:50,555 middleware 3604 33608 Request from origin: http://localhost:3000
DEBUG 2025-06-18 06:49:50,559 views 3604 33608 Menu item: Шурпа, image: 'http://localhost:8000/media/menu_items/1ef19980-8e08-45b7-aff2-5292b5797aa9_kJopm0u.jpeg', image_full_url: 'http://localhost:8000/media/menu_items/1ef19980-8e08-45b7-aff2-5292b5797aa9_kJopm0u.jpeg'
INFO 2025-06-18 06:49:50,560 basehttp 3604 33608 "GET /api/menu-items/?cafe=1 HTTP/1.1" 200 471
DEBUG 2025-06-18 06:50:03,131 middleware 3604 14500 Request from origin: http://localhost:3000
INFO 2025-06-18 06:50:03,133 views 3604 14500 Health check запрос от 127.0.0.1: ok
INFO 2025-06-18 06:50:03,134 basehttp 3604 14500 "GET /api/health/ HTTP/1.1" 200 250
DEBUG 2025-06-18 06:50:03,135 middleware 3604 14500 Request from origin: http://localhost:3000
INFO 2025-06-18 06:50:03,137 views 3604 14500 Health check запрос от 127.0.0.1: ok
INFO 2025-06-18 06:50:03,138 basehttp 3604 14500 "GET /api/health/ HTTP/1.1" 200 250
DEBUG 2025-06-18 06:50:03,147 middleware 3604 14500 Request from origin: http://localhost:3000
INFO 2025-06-18 06:50:03,151 basehttp 3604 14500 "GET /api/cities/ HTTP/1.1" 200 168
DEBUG 2025-06-18 06:50:03,153 middleware 3604 14500 Request from origin: http://localhost:3000
INFO 2025-06-18 06:50:03,157 basehttp 3604 14500 "GET /api/cities/ HTTP/1.1" 200 168
DEBUG 2025-06-18 06:50:03,161 middleware 3604 14500 Request from origin: http://localhost:3000
DEBUG 2025-06-18 06:50:03,162 middleware 3604 33608 Request from origin: http://localhost:3000
DEBUG 2025-06-18 06:50:03,163 middleware 3604 33608 CSRF Processing path: api/auth/csrf/, Method: GET
DEBUG 2025-06-18 06:50:03,163 middleware 3604 33608 CSRF token in cookie: True
DEBUG 2025-06-18 06:50:03,164 middleware 3604 37272 Request from origin: http://localhost:3000
DEBUG 2025-06-18 06:50:03,164 middleware 3604 33608 CSRF token in header: False
DEBUG 2025-06-18 06:50:03,165 middleware 3604 33608 CSRF cookie token (first 6): XBM7f5...
INFO 2025-06-18 06:50:03,169 basehttp 3604 14500 "GET /api/cafes/?city=1&t=1750200603159 HTTP/1.1" 200 499
INFO 2025-06-18 06:50:03,173 auth 3604 33608 Запрос CSRF токена
INFO 2025-06-18 06:50:03,173 basehttp 3604 37272 "GET /api/cafes/?city=1&t=1750200603162 HTTP/1.1" 200 499
INFO 2025-06-18 06:50:03,173 auth 3604 33608 CSRF запрос от Origin: http://localhost:3000, Referer: http://localhost:3000/
DEBUG 2025-06-18 06:50:03,173 auth 3604 33608 User-Agent: Mozilla/5.0 (Windows NT 10.0; Win64; x64) AppleWebKit/537.36 (KHTML, like Gecko) Chrome/134.0.0.0 Safari/537.36 OPR/119.0.0.0
INFO 2025-06-18 06:50:03,173 auth 3604 33608 CSRF токен сгенерирован: 0xOzmO... (первые 6 символов)
DEBUG 2025-06-18 06:50:03,174 auth 3604 33608 Настройки CSRF cookie: {'csrf_cookie': {'name': 'csrftoken', 'secure': False, 'httponly': False, 'samesite': 'Lax'}}
INFO 2025-06-18 06:50:03,174 basehttp 3604 33608 "GET /api/auth/csrf/ HTTP/1.1" 200 58
DEBUG 2025-06-18 06:50:03,176 middleware 3604 33608 Request from origin: http://localhost:3000
DEBUG 2025-06-18 06:50:03,176 middleware 3604 33608 CSRF Processing path: api/auth/csrf/, Method: GET
DEBUG 2025-06-18 06:50:03,176 middleware 3604 33608 CSRF token in cookie: True
DEBUG 2025-06-18 06:50:03,176 middleware 3604 33608 CSRF token in header: False
DEBUG 2025-06-18 06:50:03,177 middleware 3604 33608 CSRF cookie token (first 6): XBM7f5...
DEBUG 2025-06-18 06:50:03,179 middleware 3604 37272 Request from origin: http://localhost:3000
INFO 2025-06-18 06:50:03,181 auth 3604 33608 Запрос CSRF токена
INFO 2025-06-18 06:50:03,181 auth 3604 33608 CSRF запрос от Origin: http://localhost:3000, Referer: http://localhost:3000/
DEBUG 2025-06-18 06:50:03,181 auth 3604 33608 User-Agent: Mozilla/5.0 (Windows NT 10.0; Win64; x64) AppleWebKit/537.36 (KHTML, like Gecko) Chrome/134.0.0.0 Safari/537.36 OPR/119.0.0.0
INFO 2025-06-18 06:50:03,182 auth 3604 33608 CSRF токен сгенерирован: ftlrXF... (первые 6 символов)
DEBUG 2025-06-18 06:50:03,183 views 3604 37272 Menu item: Шурпа, image: 'http://localhost:8000/media/menu_items/1ef19980-8e08-45b7-aff2-5292b5797aa9_kJopm0u.jpeg', image_full_url: 'http://localhost:8000/media/menu_items/1ef19980-8e08-45b7-aff2-5292b5797aa9_kJopm0u.jpeg'
DEBUG 2025-06-18 06:50:03,183 auth 3604 33608 Настройки CSRF cookie: {'csrf_cookie': {'name': 'csrftoken', 'secure': False, 'httponly': False, 'samesite': 'Lax'}}
INFO 2025-06-18 06:50:03,184 basehttp 3604 37272 "GET /api/menu-items/?cafe=1 HTTP/1.1" 200 471
INFO 2025-06-18 06:50:03,184 basehttp 3604 33608 "GET /api/auth/csrf/ HTTP/1.1" 200 58
DEBUG 2025-06-18 06:50:03,185 middleware 3604 37272 Request from origin: http://localhost:3000
DEBUG 2025-06-18 06:50:03,189 views 3604 37272 Menu item: Шурпа, image: 'http://localhost:8000/media/menu_items/1ef19980-8e08-45b7-aff2-5292b5797aa9_kJopm0u.jpeg', image_full_url: 'http://localhost:8000/media/menu_items/1ef19980-8e08-45b7-aff2-5292b5797aa9_kJopm0u.jpeg'
INFO 2025-06-18 06:50:03,190 basehttp 3604 37272 "GET /api/menu-items/?cafe=1 HTTP/1.1" 200 471
DEBUG 2025-06-18 06:50:08,375 middleware 3604 33608 Request from origin: http://localhost:3000
DEBUG 2025-06-18 06:50:08,376 middleware 3604 33608 CSRF Processing path: api/auth/csrf/, Method: GET
DEBUG 2025-06-18 06:50:08,376 middleware 3604 33608 CSRF token in cookie: True
DEBUG 2025-06-18 06:50:08,376 middleware 3604 33608 CSRF token in header: False
DEBUG 2025-06-18 06:50:08,376 middleware 3604 33608 CSRF cookie token (first 6): XBM7f5...
INFO 2025-06-18 06:50:08,378 auth 3604 33608 Запрос CSRF токена
INFO 2025-06-18 06:50:08,379 auth 3604 33608 CSRF запрос от Origin: http://localhost:3000, Referer: http://localhost:3000/
DEBUG 2025-06-18 06:50:08,379 auth 3604 33608 User-Agent: Mozilla/5.0 (Windows NT 10.0; Win64; x64) AppleWebKit/537.36 (KHTML, like Gecko) Chrome/134.0.0.0 Safari/537.36 OPR/119.0.0.0
INFO 2025-06-18 06:50:08,379 auth 3604 33608 CSRF токен сгенерирован: j7WNyC... (первые 6 символов)
DEBUG 2025-06-18 06:50:08,379 auth 3604 33608 Настройки CSRF cookie: {'csrf_cookie': {'name': 'csrftoken', 'secure': False, 'httponly': False, 'samesite': 'Lax'}}
INFO 2025-06-18 06:50:08,380 basehttp 3604 33608 "GET /api/auth/csrf/ HTTP/1.1" 200 58
DEBUG 2025-06-18 06:50:09,210 middleware 3604 33608 Request from origin: http://localhost:3000
DEBUG 2025-06-18 06:50:09,210 middleware 3604 33608 CSRF Processing path: api/auth/csrf/, Method: GET
DEBUG 2025-06-18 06:50:09,211 middleware 3604 33608 CSRF token in cookie: True
DEBUG 2025-06-18 06:50:09,211 middleware 3604 33608 CSRF token in header: False
DEBUG 2025-06-18 06:50:09,211 middleware 3604 33608 CSRF cookie token (first 6): XBM7f5...
INFO 2025-06-18 06:50:09,213 auth 3604 33608 Запрос CSRF токена
INFO 2025-06-18 06:50:09,213 auth 3604 33608 CSRF запрос от Origin: http://localhost:3000, Referer: http://localhost:3000/
DEBUG 2025-06-18 06:50:09,213 auth 3604 33608 User-Agent: Mozilla/5.0 (Windows NT 10.0; Win64; x64) AppleWebKit/537.36 (KHTML, like Gecko) Chrome/134.0.0.0 Safari/537.36 OPR/119.0.0.0
INFO 2025-06-18 06:50:09,214 auth 3604 33608 CSRF токен сгенерирован: uf9GnA... (первые 6 символов)
DEBUG 2025-06-18 06:50:09,214 auth 3604 33608 Настройки CSRF cookie: {'csrf_cookie': {'name': 'csrftoken', 'secure': False, 'httponly': False, 'samesite': 'Lax'}}
INFO 2025-06-18 06:50:09,214 basehttp 3604 33608 "GET /api/auth/csrf/ HTTP/1.1" 200 58
DEBUG 2025-06-18 06:50:09,520 middleware 3604 33608 Request from origin: http://localhost:3000
DEBUG 2025-06-18 06:50:09,521 middleware 3604 33608 CSRF Processing path: api/auth/csrf/, Method: GET
DEBUG 2025-06-18 06:50:09,521 middleware 3604 33608 CSRF token in cookie: True
DEBUG 2025-06-18 06:50:09,522 middleware 3604 33608 CSRF token in header: False
DEBUG 2025-06-18 06:50:09,522 middleware 3604 33608 CSRF cookie token (first 6): XBM7f5...
INFO 2025-06-18 06:50:09,524 auth 3604 33608 Запрос CSRF токена
INFO 2025-06-18 06:50:09,524 auth 3604 33608 CSRF запрос от Origin: http://localhost:3000, Referer: http://localhost:3000/
DEBUG 2025-06-18 06:50:09,524 auth 3604 33608 User-Agent: Mozilla/5.0 (Windows NT 10.0; Win64; x64) AppleWebKit/537.36 (KHTML, like Gecko) Chrome/134.0.0.0 Safari/537.36 OPR/119.0.0.0
INFO 2025-06-18 06:50:09,525 auth 3604 33608 CSRF токен сгенерирован: lKG5Bh... (первые 6 символов)
DEBUG 2025-06-18 06:50:09,525 auth 3604 33608 Настройки CSRF cookie: {'csrf_cookie': {'name': 'csrftoken', 'secure': False, 'httponly': False, 'samesite': 'Lax'}}
INFO 2025-06-18 06:50:09,525 basehttp 3604 33608 "GET /api/auth/csrf/ HTTP/1.1" 200 58
DEBUG 2025-06-18 06:50:09,830 middleware 3604 33608 Request from origin: http://localhost:3000
DEBUG 2025-06-18 06:50:09,831 middleware 3604 33608 CSRF Processing path: api/auth/login/, Method: POST
DEBUG 2025-06-18 06:50:09,831 middleware 3604 33608 CSRF token in cookie: True
DEBUG 2025-06-18 06:50:09,831 middleware 3604 33608 CSRF token in header: True
DEBUG 2025-06-18 06:50:09,831 middleware 3604 33608 CSRF cookie token (first 6): XBM7f5...
DEBUG 2025-06-18 06:50:09,832 middleware 3604 33608 CSRF header token (first 6): XBM7f5...
INFO 2025-06-18 06:50:09,834 auth 3604 33608 Попытка входа с email: hello@gmail.com
DEBUG 2025-06-18 06:50:09,834 auth 3604 33608 Запрос входа: {'email': 'hello@gmail.com', 'password': 'A166DB701'}
INFO 2025-06-18 06:50:09,834 auth 3604 33608 CSRF токен в заголовке: XBM7f5...
INFO 2025-06-18 06:50:09,834 auth 3604 33608 Origin заголовок: http://localhost:3000
INFO 2025-06-18 06:50:09,835 auth 3604 33608 HTTP метод: POST
INFO 2025-06-18 06:50:09,835 auth 3604 33608 Content-Type: application/json
INFO 2025-06-18 06:50:09,835 auth 3604 33608 Cookies: {'sessionid': 'fj5o25xybhdrci5nu0tictpekeb0kw56', 'csrftoken': 'XBM7f5p0Qldy07fNXs3fZqlFt3HjaJ2I'}
INFO 2025-06-18 06:50:09,835 auth 3604 33608 HTTP_X_CSRFTOKEN: XBM7f5...
INFO 2025-06-18 06:50:09,835 auth 3604 33608 Cookie CSRF: XBM7f5...
INFO 2025-06-18 06:50:09,835 auth 3604 33608 CSRF токены совпадают: True
INFO 2025-06-18 06:50:09,836 auth 3604 33608 Проверка учетной записи: hello@gmail.com
INFO 2025-06-18 06:50:10,089 auth 3604 33608 Успешный вход пользователя: Hello
INFO 2025-06-18 06:50:10,091 auth 3604 33608 Пользователь Hello является владельцем ресторана Aliya
INFO 2025-06-18 06:50:10,091 auth 3604 33608 Данные для отправки: {'id': 2, 'email': 'hello@gmail.com', 'name': 'Hello', 'cafe_id': 1, 'role': 'owner'}
INFO 2025-06-18 06:50:10,096 basehttp 3604 33608 "POST /api/auth/login/ HTTP/1.1" 200 76
DEBUG 2025-06-18 06:50:10,105 middleware 3604 33608 Request from origin: http://localhost:3000
INFO 2025-06-18 06:50:10,109 basehttp 3604 33608 "GET /api/cafes/1/ HTTP/1.1" 200 447
DEBUG 2025-06-18 06:50:10,111 middleware 3604 33608 Request from origin: http://localhost:3000
DEBUG 2025-06-18 06:50:10,112 middleware 3604 28108 Request from origin: http://localhost:3000
INFO 2025-06-18 06:50:10,117 basehttp 3604 33608 "GET /api/cafes/1/ HTTP/1.1" 200 447
INFO 2025-06-18 06:50:10,120 basehttp 3604 28108 "GET /api/cafes/1/statistics/ HTTP/1.1" 200 87
DEBUG 2025-06-18 06:50:10,121 middleware 3604 28108 Request from origin: http://localhost:3000
DEBUG 2025-06-18 06:50:10,123 middleware 3604 33608 Request from origin: http://localhost:3000
INFO 2025-06-18 06:50:10,128 basehttp 3604 28108 "GET /api/cafes/1/statistics/ HTTP/1.1" 200 87
ERROR 2025-06-18 06:50:10,151 log 3604 33608 Internal Server Error: /api/orders/
Traceback (most recent call last):
  File "C:\Users\AsusLaptop\AppData\Local\Programs\Python\Python313\Lib\site-packages\django\db\backends\utils.py", line 105, in _execute
    return self.cursor.execute(sql, params)
           ~~~~~~~~~~~~~~~~~~~^^^^^^^^^^^^^
  File "C:\Users\AsusLaptop\AppData\Local\Programs\Python\Python313\Lib\site-packages\django\db\backends\sqlite3\base.py", line 329, in execute
    return super().execute(query, params)
           ~~~~~~~~~~~~~~~^^^^^^^^^^^^^^^
sqlite3.OperationalError: no such column: cafes_order.client_order_id

The above exception was the direct cause of the following exception:

Traceback (most recent call last):
  File "C:\Users\AsusLaptop\AppData\Local\Programs\Python\Python313\Lib\site-packages\django\core\handlers\exception.py", line 55, in inner
    response = get_response(request)
  File "C:\Users\AsusLaptop\AppData\Local\Programs\Python\Python313\Lib\site-packages\django\core\handlers\base.py", line 197, in _get_response
    response = wrapped_callback(request, *callback_args, **callback_kwargs)
  File "C:\Users\AsusLaptop\AppData\Local\Programs\Python\Python313\Lib\site-packages\django\views\decorators\csrf.py", line 65, in _view_wrapper
    return view_func(request, *args, **kwargs)
  File "C:\Users\AsusLaptop\AppData\Local\Programs\Python\Python313\Lib\site-packages\rest_framework\viewsets.py", line 125, in view
    return self.dispatch(request, *args, **kwargs)
           ~~~~~~~~~~~~~^^^^^^^^^^^^^^^^^^^^^^^^^^
  File "C:\Users\AsusLaptop\AppData\Local\Programs\Python\Python313\Lib\site-packages\rest_framework\views.py", line 509, in dispatch
    response = self.handle_exception(exc)
  File "C:\Users\AsusLaptop\AppData\Local\Programs\Python\Python313\Lib\site-packages\rest_framework\views.py", line 469, in handle_exception
    self.raise_uncaught_exception(exc)
    ~~~~~~~~~~~~~~~~~~~~~~~~~~~~~^^^^^
  File "C:\Users\AsusLaptop\AppData\Local\Programs\Python\Python313\Lib\site-packages\rest_framework\views.py", line 480, in raise_uncaught_exception
    raise exc
  File "C:\Users\AsusLaptop\AppData\Local\Programs\Python\Python313\Lib\site-packages\rest_framework\views.py", line 506, in dispatch
    response = handler(request, *args, **kwargs)
  File "C:\Users\AsusLaptop\AppData\Local\Programs\Python\Python313\Lib\site-packages\rest_framework\mixins.py", line 40, in list
    page = self.paginate_queryset(queryset)
  File "C:\Users\AsusLaptop\AppData\Local\Programs\Python\Python313\Lib\site-packages\rest_framework\generics.py", line 171, in paginate_queryset
    return self.paginator.paginate_queryset(queryset, self.request, view=self)
           ~~~~~~~~~~~~~~~~~~~~~~~~~~~~~~~~^^^^^^^^^^^^^^^^^^^^^^^^^^^^^^^^^^^
  File "C:\Users\AsusLaptop\AppData\Local\Programs\Python\Python313\Lib\site-packages\rest_framework\pagination.py", line 216, in paginate_queryset
    return list(self.page)
  File "C:\Users\AsusLaptop\AppData\Local\Programs\Python\Python313\Lib\site-packages\django\core\paginator.py", line 191, in __len__
    return len(self.object_list)
  File "C:\Users\AsusLaptop\AppData\Local\Programs\Python\Python313\Lib\site-packages\django\db\models\query.py", line 382, in __len__
    self._fetch_all()
    ~~~~~~~~~~~~~~~^^
  File "C:\Users\AsusLaptop\AppData\Local\Programs\Python\Python313\Lib\site-packages\django\db\models\query.py", line 1928, in _fetch_all
    self._result_cache = list(self._iterable_class(self))
                         ~~~~^^^^^^^^^^^^^^^^^^^^^^^^^^^^
  File "C:\Users\AsusLaptop\AppData\Local\Programs\Python\Python313\Lib\site-packages\django\db\models\query.py", line 91, in __iter__
    results = compiler.execute_sql(
        chunked_fetch=self.chunked_fetch, chunk_size=self.chunk_size
    )
  File "C:\Users\AsusLaptop\AppData\Local\Programs\Python\Python313\Lib\site-packages\django\db\models\sql\compiler.py", line 1562, in execute_sql
    cursor.execute(sql, params)
    ~~~~~~~~~~~~~~^^^^^^^^^^^^^
  File "C:\Users\AsusLaptop\AppData\Local\Programs\Python\Python313\Lib\site-packages\django\db\backends\utils.py", line 122, in execute
    return super().execute(sql, params)
           ~~~~~~~~~~~~~~~^^^^^^^^^^^^^
  File "C:\Users\AsusLaptop\AppData\Local\Programs\Python\Python313\Lib\site-packages\django\db\backends\utils.py", line 79, in execute
    return self._execute_with_wrappers(
           ~~~~~~~~~~~~~~~~~~~~~~~~~~~^
        sql, params, many=False, executor=self._execute
        ^^^^^^^^^^^^^^^^^^^^^^^^^^^^^^^^^^^^^^^^^^^^^^^
    )
    ^
  File "C:\Users\AsusLaptop\AppData\Local\Programs\Python\Python313\Lib\site-packages\django\db\backends\utils.py", line 92, in _execute_with_wrappers
    return executor(sql, params, many, context)
  File "C:\Users\AsusLaptop\AppData\Local\Programs\Python\Python313\Lib\site-packages\django\db\backends\utils.py", line 100, in _execute
    with self.db.wrap_database_errors:
         ^^^^^^^^^^^^^^^^^^^^^^^^^^^^
  File "C:\Users\AsusLaptop\AppData\Local\Programs\Python\Python313\Lib\site-packages\django\db\utils.py", line 91, in __exit__
    raise dj_exc_value.with_traceback(traceback) from exc_value
  File "C:\Users\AsusLaptop\AppData\Local\Programs\Python\Python313\Lib\site-packages\django\db\backends\utils.py", line 105, in _execute
    return self.cursor.execute(sql, params)
           ~~~~~~~~~~~~~~~~~~~^^^^^^^^^^^^^
  File "C:\Users\AsusLaptop\AppData\Local\Programs\Python\Python313\Lib\site-packages\django\db\backends\sqlite3\base.py", line 329, in execute
    return super().execute(query, params)
           ~~~~~~~~~~~~~~~^^^^^^^^^^^^^^^
django.db.utils.OperationalError: no such column: cafes_order.client_order_id
ERROR 2025-06-18 06:50:10,154 basehttp 3604 33608 "GET /api/orders/?cafe=1 HTTP/1.1" 500 26967
DEBUG 2025-06-18 06:50:10,156 middleware 3604 33608 Request from origin: http://localhost:3000
ERROR 2025-06-18 06:50:10,174 log 3604 33608 Internal Server Error: /api/orders/
Traceback (most recent call last):
  File "C:\Users\AsusLaptop\AppData\Local\Programs\Python\Python313\Lib\site-packages\django\db\backends\utils.py", line 105, in _execute
    return self.cursor.execute(sql, params)
           ~~~~~~~~~~~~~~~~~~~^^^^^^^^^^^^^
  File "C:\Users\AsusLaptop\AppData\Local\Programs\Python\Python313\Lib\site-packages\django\db\backends\sqlite3\base.py", line 329, in execute
    return super().execute(query, params)
           ~~~~~~~~~~~~~~~^^^^^^^^^^^^^^^
sqlite3.OperationalError: no such column: cafes_order.client_order_id

The above exception was the direct cause of the following exception:

Traceback (most recent call last):
  File "C:\Users\AsusLaptop\AppData\Local\Programs\Python\Python313\Lib\site-packages\django\core\handlers\exception.py", line 55, in inner
    response = get_response(request)
  File "C:\Users\AsusLaptop\AppData\Local\Programs\Python\Python313\Lib\site-packages\django\core\handlers\base.py", line 197, in _get_response
    response = wrapped_callback(request, *callback_args, **callback_kwargs)
  File "C:\Users\AsusLaptop\AppData\Local\Programs\Python\Python313\Lib\site-packages\django\views\decorators\csrf.py", line 65, in _view_wrapper
    return view_func(request, *args, **kwargs)
  File "C:\Users\AsusLaptop\AppData\Local\Programs\Python\Python313\Lib\site-packages\rest_framework\viewsets.py", line 125, in view
    return self.dispatch(request, *args, **kwargs)
           ~~~~~~~~~~~~~^^^^^^^^^^^^^^^^^^^^^^^^^^
  File "C:\Users\AsusLaptop\AppData\Local\Programs\Python\Python313\Lib\site-packages\rest_framework\views.py", line 509, in dispatch
    response = self.handle_exception(exc)
  File "C:\Users\AsusLaptop\AppData\Local\Programs\Python\Python313\Lib\site-packages\rest_framework\views.py", line 469, in handle_exception
    self.raise_uncaught_exception(exc)
    ~~~~~~~~~~~~~~~~~~~~~~~~~~~~~^^^^^
  File "C:\Users\AsusLaptop\AppData\Local\Programs\Python\Python313\Lib\site-packages\rest_framework\views.py", line 480, in raise_uncaught_exception
    raise exc
  File "C:\Users\AsusLaptop\AppData\Local\Programs\Python\Python313\Lib\site-packages\rest_framework\views.py", line 506, in dispatch
    response = handler(request, *args, **kwargs)
  File "C:\Users\AsusLaptop\AppData\Local\Programs\Python\Python313\Lib\site-packages\rest_framework\mixins.py", line 40, in list
    page = self.paginate_queryset(queryset)
  File "C:\Users\AsusLaptop\AppData\Local\Programs\Python\Python313\Lib\site-packages\rest_framework\generics.py", line 171, in paginate_queryset
    return self.paginator.paginate_queryset(queryset, self.request, view=self)
           ~~~~~~~~~~~~~~~~~~~~~~~~~~~~~~~~^^^^^^^^^^^^^^^^^^^^^^^^^^^^^^^^^^^
  File "C:\Users\AsusLaptop\AppData\Local\Programs\Python\Python313\Lib\site-packages\rest_framework\pagination.py", line 216, in paginate_queryset
    return list(self.page)
  File "C:\Users\AsusLaptop\AppData\Local\Programs\Python\Python313\Lib\site-packages\django\core\paginator.py", line 191, in __len__
    return len(self.object_list)
  File "C:\Users\AsusLaptop\AppData\Local\Programs\Python\Python313\Lib\site-packages\django\db\models\query.py", line 382, in __len__
    self._fetch_all()
    ~~~~~~~~~~~~~~~^^
  File "C:\Users\AsusLaptop\AppData\Local\Programs\Python\Python313\Lib\site-packages\django\db\models\query.py", line 1928, in _fetch_all
    self._result_cache = list(self._iterable_class(self))
                         ~~~~^^^^^^^^^^^^^^^^^^^^^^^^^^^^
  File "C:\Users\AsusLaptop\AppData\Local\Programs\Python\Python313\Lib\site-packages\django\db\models\query.py", line 91, in __iter__
    results = compiler.execute_sql(
        chunked_fetch=self.chunked_fetch, chunk_size=self.chunk_size
    )
  File "C:\Users\AsusLaptop\AppData\Local\Programs\Python\Python313\Lib\site-packages\django\db\models\sql\compiler.py", line 1562, in execute_sql
    cursor.execute(sql, params)
    ~~~~~~~~~~~~~~^^^^^^^^^^^^^
  File "C:\Users\AsusLaptop\AppData\Local\Programs\Python\Python313\Lib\site-packages\django\db\backends\utils.py", line 122, in execute
    return super().execute(sql, params)
           ~~~~~~~~~~~~~~~^^^^^^^^^^^^^
  File "C:\Users\AsusLaptop\AppData\Local\Programs\Python\Python313\Lib\site-packages\django\db\backends\utils.py", line 79, in execute
    return self._execute_with_wrappers(
           ~~~~~~~~~~~~~~~~~~~~~~~~~~~^
        sql, params, many=False, executor=self._execute
        ^^^^^^^^^^^^^^^^^^^^^^^^^^^^^^^^^^^^^^^^^^^^^^^
    )
    ^
  File "C:\Users\AsusLaptop\AppData\Local\Programs\Python\Python313\Lib\site-packages\django\db\backends\utils.py", line 92, in _execute_with_wrappers
    return executor(sql, params, many, context)
  File "C:\Users\AsusLaptop\AppData\Local\Programs\Python\Python313\Lib\site-packages\django\db\backends\utils.py", line 100, in _execute
    with self.db.wrap_database_errors:
         ^^^^^^^^^^^^^^^^^^^^^^^^^^^^
  File "C:\Users\AsusLaptop\AppData\Local\Programs\Python\Python313\Lib\site-packages\django\db\utils.py", line 91, in __exit__
    raise dj_exc_value.with_traceback(traceback) from exc_value
  File "C:\Users\AsusLaptop\AppData\Local\Programs\Python\Python313\Lib\site-packages\django\db\backends\utils.py", line 105, in _execute
    return self.cursor.execute(sql, params)
           ~~~~~~~~~~~~~~~~~~~^^^^^^^^^^^^^
  File "C:\Users\AsusLaptop\AppData\Local\Programs\Python\Python313\Lib\site-packages\django\db\backends\sqlite3\base.py", line 329, in execute
    return super().execute(query, params)
           ~~~~~~~~~~~~~~~^^^^^^^^^^^^^^^
django.db.utils.OperationalError: no such column: cafes_order.client_order_id
ERROR 2025-06-18 06:50:10,177 basehttp 3604 33608 "GET /api/orders/?cafe=1 HTTP/1.1" 500 26967
DEBUG 2025-06-18 06:50:12,430 middleware 3604 37272 Request from origin: http://localhost:3000
INFO 2025-06-18 06:50:12,433 views 3604 37272 Health check запрос от 127.0.0.1: ok
INFO 2025-06-18 06:50:12,433 basehttp 3604 37272 "GET /api/health/ HTTP/1.1" 200 250
DEBUG 2025-06-18 06:50:12,434 middleware 3604 37272 Request from origin: http://localhost:3000
INFO 2025-06-18 06:50:12,436 views 3604 37272 Health check запрос от 127.0.0.1: ok
INFO 2025-06-18 06:50:12,437 basehttp 3604 37272 "GET /api/health/ HTTP/1.1" 200 250
DEBUG 2025-06-18 06:50:12,438 middleware 3604 33608 Request from origin: http://localhost:3000
DEBUG 2025-06-18 06:50:12,439 middleware 3604 37272 Request from origin: http://localhost:3000
INFO 2025-06-18 06:50:12,447 basehttp 3604 33608 "GET /api/cafes/1/ HTTP/1.1" 200 447
INFO 2025-06-18 06:50:12,448 basehttp 3604 37272 "GET /api/cities/ HTTP/1.1" 200 168
DEBUG 2025-06-18 06:50:12,450 middleware 3604 37272 Request from origin: http://localhost:3000
DEBUG 2025-06-18 06:50:12,450 middleware 3604 33608 Request from origin: http://localhost:3000
DEBUG 2025-06-18 06:50:12,454 middleware 3604 14500 Request from origin: http://localhost:3000
INFO 2025-06-18 06:50:12,455 basehttp 3604 37272 "GET /api/cities/ HTTP/1.1" 200 168
DEBUG 2025-06-18 06:50:12,456 middleware 3604 28108 Request from origin: http://localhost:3000
DEBUG 2025-06-18 06:50:12,459 middleware 3604 37272 Request from origin: http://localhost:3000
INFO 2025-06-18 06:50:12,462 basehttp 3604 33608 "GET /api/cafes/1/ HTTP/1.1" 200 447
INFO 2025-06-18 06:50:12,467 basehttp 3604 37272 "GET /api/cafes/?city=1&t=1750200612456 HTTP/1.1" 200 499
INFO 2025-06-18 06:50:12,469 basehttp 3604 28108 "GET /api/cafes/1/statistics/ HTTP/1.1" 200 87
DEBUG 2025-06-18 06:50:12,470 middleware 3604 37272 Request from origin: http://localhost:3000
DEBUG 2025-06-18 06:50:12,471 middleware 3604 28108 Request from origin: http://localhost:3000
DEBUG 2025-06-18 06:50:12,471 middleware 3604 33608 Request from origin: http://localhost:3000
DEBUG 2025-06-18 06:50:12,474 views 3604 37272 Menu item: Шурпа, image: 'http://localhost:8000/media/menu_items/1ef19980-8e08-45b7-aff2-5292b5797aa9_kJopm0u.jpeg', image_full_url: 'http://localhost:8000/media/menu_items/1ef19980-8e08-45b7-aff2-5292b5797aa9_kJopm0u.jpeg'
INFO 2025-06-18 06:50:12,476 basehttp 3604 37272 "GET /api/menu-items/?cafe=1 HTTP/1.1" 200 471
INFO 2025-06-18 06:50:12,485 basehttp 3604 28108 "GET /api/cafes/1/statistics/ HTTP/1.1" 200 87
INFO 2025-06-18 06:50:12,485 basehttp 3604 14500 "GET /api/cafes/?city=1&t=1750200612452 HTTP/1.1" 200 499
ERROR 2025-06-18 06:50:12,498 log 3604 33608 Internal Server Error: /api/orders/
Traceback (most recent call last):
  File "C:\Users\AsusLaptop\AppData\Local\Programs\Python\Python313\Lib\site-packages\django\db\backends\utils.py", line 105, in _execute
    return self.cursor.execute(sql, params)
           ~~~~~~~~~~~~~~~~~~~^^^^^^^^^^^^^
  File "C:\Users\AsusLaptop\AppData\Local\Programs\Python\Python313\Lib\site-packages\django\db\backends\sqlite3\base.py", line 329, in execute
    return super().execute(query, params)
           ~~~~~~~~~~~~~~~^^^^^^^^^^^^^^^
sqlite3.OperationalError: no such column: cafes_order.client_order_id

The above exception was the direct cause of the following exception:

Traceback (most recent call last):
  File "C:\Users\AsusLaptop\AppData\Local\Programs\Python\Python313\Lib\site-packages\django\core\handlers\exception.py", line 55, in inner
    response = get_response(request)
  File "C:\Users\AsusLaptop\AppData\Local\Programs\Python\Python313\Lib\site-packages\django\core\handlers\base.py", line 197, in _get_response
    response = wrapped_callback(request, *callback_args, **callback_kwargs)
  File "C:\Users\AsusLaptop\AppData\Local\Programs\Python\Python313\Lib\site-packages\django\views\decorators\csrf.py", line 65, in _view_wrapper
    return view_func(request, *args, **kwargs)
  File "C:\Users\AsusLaptop\AppData\Local\Programs\Python\Python313\Lib\site-packages\rest_framework\viewsets.py", line 125, in view
    return self.dispatch(request, *args, **kwargs)
           ~~~~~~~~~~~~~^^^^^^^^^^^^^^^^^^^^^^^^^^
  File "C:\Users\AsusLaptop\AppData\Local\Programs\Python\Python313\Lib\site-packages\rest_framework\views.py", line 509, in dispatch
    response = self.handle_exception(exc)
  File "C:\Users\AsusLaptop\AppData\Local\Programs\Python\Python313\Lib\site-packages\rest_framework\views.py", line 469, in handle_exception
    self.raise_uncaught_exception(exc)
    ~~~~~~~~~~~~~~~~~~~~~~~~~~~~~^^^^^
  File "C:\Users\AsusLaptop\AppData\Local\Programs\Python\Python313\Lib\site-packages\rest_framework\views.py", line 480, in raise_uncaught_exception
    raise exc
  File "C:\Users\AsusLaptop\AppData\Local\Programs\Python\Python313\Lib\site-packages\rest_framework\views.py", line 506, in dispatch
    response = handler(request, *args, **kwargs)
  File "C:\Users\AsusLaptop\AppData\Local\Programs\Python\Python313\Lib\site-packages\rest_framework\mixins.py", line 40, in list
    page = self.paginate_queryset(queryset)
  File "C:\Users\AsusLaptop\AppData\Local\Programs\Python\Python313\Lib\site-packages\rest_framework\generics.py", line 171, in paginate_queryset
    return self.paginator.paginate_queryset(queryset, self.request, view=self)
           ~~~~~~~~~~~~~~~~~~~~~~~~~~~~~~~~^^^^^^^^^^^^^^^^^^^^^^^^^^^^^^^^^^^
  File "C:\Users\AsusLaptop\AppData\Local\Programs\Python\Python313\Lib\site-packages\rest_framework\pagination.py", line 216, in paginate_queryset
    return list(self.page)
  File "C:\Users\AsusLaptop\AppData\Local\Programs\Python\Python313\Lib\site-packages\django\core\paginator.py", line 191, in __len__
    return len(self.object_list)
  File "C:\Users\AsusLaptop\AppData\Local\Programs\Python\Python313\Lib\site-packages\django\db\models\query.py", line 382, in __len__
    self._fetch_all()
    ~~~~~~~~~~~~~~~^^
  File "C:\Users\AsusLaptop\AppData\Local\Programs\Python\Python313\Lib\site-packages\django\db\models\query.py", line 1928, in _fetch_all
    self._result_cache = list(self._iterable_class(self))
                         ~~~~^^^^^^^^^^^^^^^^^^^^^^^^^^^^
  File "C:\Users\AsusLaptop\AppData\Local\Programs\Python\Python313\Lib\site-packages\django\db\models\query.py", line 91, in __iter__
    results = compiler.execute_sql(
        chunked_fetch=self.chunked_fetch, chunk_size=self.chunk_size
    )
  File "C:\Users\AsusLaptop\AppData\Local\Programs\Python\Python313\Lib\site-packages\django\db\models\sql\compiler.py", line 1562, in execute_sql
    cursor.execute(sql, params)
    ~~~~~~~~~~~~~~^^^^^^^^^^^^^
  File "C:\Users\AsusLaptop\AppData\Local\Programs\Python\Python313\Lib\site-packages\django\db\backends\utils.py", line 122, in execute
    return super().execute(sql, params)
           ~~~~~~~~~~~~~~~^^^^^^^^^^^^^
  File "C:\Users\AsusLaptop\AppData\Local\Programs\Python\Python313\Lib\site-packages\django\db\backends\utils.py", line 79, in execute
    return self._execute_with_wrappers(
           ~~~~~~~~~~~~~~~~~~~~~~~~~~~^
        sql, params, many=False, executor=self._execute
        ^^^^^^^^^^^^^^^^^^^^^^^^^^^^^^^^^^^^^^^^^^^^^^^
    )
    ^
  File "C:\Users\AsusLaptop\AppData\Local\Programs\Python\Python313\Lib\site-packages\django\db\backends\utils.py", line 92, in _execute_with_wrappers
    return executor(sql, params, many, context)
  File "C:\Users\AsusLaptop\AppData\Local\Programs\Python\Python313\Lib\site-packages\django\db\backends\utils.py", line 100, in _execute
    with self.db.wrap_database_errors:
         ^^^^^^^^^^^^^^^^^^^^^^^^^^^^
  File "C:\Users\AsusLaptop\AppData\Local\Programs\Python\Python313\Lib\site-packages\django\db\utils.py", line 91, in __exit__
    raise dj_exc_value.with_traceback(traceback) from exc_value
  File "C:\Users\AsusLaptop\AppData\Local\Programs\Python\Python313\Lib\site-packages\django\db\backends\utils.py", line 105, in _execute
    return self.cursor.execute(sql, params)
           ~~~~~~~~~~~~~~~~~~~^^^^^^^^^^^^^
  File "C:\Users\AsusLaptop\AppData\Local\Programs\Python\Python313\Lib\site-packages\django\db\backends\sqlite3\base.py", line 329, in execute
    return super().execute(query, params)
           ~~~~~~~~~~~~~~~^^^^^^^^^^^^^^^
django.db.utils.OperationalError: no such column: cafes_order.client_order_id
ERROR 2025-06-18 06:50:12,502 basehttp 3604 33608 "GET /api/orders/?cafe=1 HTTP/1.1" 500 26967
DEBUG 2025-06-18 06:50:12,504 middleware 3604 33608 Request from origin: http://localhost:3000
ERROR 2025-06-18 06:50:12,522 log 3604 33608 Internal Server Error: /api/orders/
Traceback (most recent call last):
  File "C:\Users\AsusLaptop\AppData\Local\Programs\Python\Python313\Lib\site-packages\django\db\backends\utils.py", line 105, in _execute
    return self.cursor.execute(sql, params)
           ~~~~~~~~~~~~~~~~~~~^^^^^^^^^^^^^
  File "C:\Users\AsusLaptop\AppData\Local\Programs\Python\Python313\Lib\site-packages\django\db\backends\sqlite3\base.py", line 329, in execute
    return super().execute(query, params)
           ~~~~~~~~~~~~~~~^^^^^^^^^^^^^^^
sqlite3.OperationalError: no such column: cafes_order.client_order_id

The above exception was the direct cause of the following exception:

Traceback (most recent call last):
  File "C:\Users\AsusLaptop\AppData\Local\Programs\Python\Python313\Lib\site-packages\django\core\handlers\exception.py", line 55, in inner
    response = get_response(request)
  File "C:\Users\AsusLaptop\AppData\Local\Programs\Python\Python313\Lib\site-packages\django\core\handlers\base.py", line 197, in _get_response
    response = wrapped_callback(request, *callback_args, **callback_kwargs)
  File "C:\Users\AsusLaptop\AppData\Local\Programs\Python\Python313\Lib\site-packages\django\views\decorators\csrf.py", line 65, in _view_wrapper
    return view_func(request, *args, **kwargs)
  File "C:\Users\AsusLaptop\AppData\Local\Programs\Python\Python313\Lib\site-packages\rest_framework\viewsets.py", line 125, in view
    return self.dispatch(request, *args, **kwargs)
           ~~~~~~~~~~~~~^^^^^^^^^^^^^^^^^^^^^^^^^^
  File "C:\Users\AsusLaptop\AppData\Local\Programs\Python\Python313\Lib\site-packages\rest_framework\views.py", line 509, in dispatch
    response = self.handle_exception(exc)
  File "C:\Users\AsusLaptop\AppData\Local\Programs\Python\Python313\Lib\site-packages\rest_framework\views.py", line 469, in handle_exception
    self.raise_uncaught_exception(exc)
    ~~~~~~~~~~~~~~~~~~~~~~~~~~~~~^^^^^
  File "C:\Users\AsusLaptop\AppData\Local\Programs\Python\Python313\Lib\site-packages\rest_framework\views.py", line 480, in raise_uncaught_exception
    raise exc
  File "C:\Users\AsusLaptop\AppData\Local\Programs\Python\Python313\Lib\site-packages\rest_framework\views.py", line 506, in dispatch
    response = handler(request, *args, **kwargs)
  File "C:\Users\AsusLaptop\AppData\Local\Programs\Python\Python313\Lib\site-packages\rest_framework\mixins.py", line 40, in list
    page = self.paginate_queryset(queryset)
  File "C:\Users\AsusLaptop\AppData\Local\Programs\Python\Python313\Lib\site-packages\rest_framework\generics.py", line 171, in paginate_queryset
    return self.paginator.paginate_queryset(queryset, self.request, view=self)
           ~~~~~~~~~~~~~~~~~~~~~~~~~~~~~~~~^^^^^^^^^^^^^^^^^^^^^^^^^^^^^^^^^^^
  File "C:\Users\AsusLaptop\AppData\Local\Programs\Python\Python313\Lib\site-packages\rest_framework\pagination.py", line 216, in paginate_queryset
    return list(self.page)
  File "C:\Users\AsusLaptop\AppData\Local\Programs\Python\Python313\Lib\site-packages\django\core\paginator.py", line 191, in __len__
    return len(self.object_list)
  File "C:\Users\AsusLaptop\AppData\Local\Programs\Python\Python313\Lib\site-packages\django\db\models\query.py", line 382, in __len__
    self._fetch_all()
    ~~~~~~~~~~~~~~~^^
  File "C:\Users\AsusLaptop\AppData\Local\Programs\Python\Python313\Lib\site-packages\django\db\models\query.py", line 1928, in _fetch_all
    self._result_cache = list(self._iterable_class(self))
                         ~~~~^^^^^^^^^^^^^^^^^^^^^^^^^^^^
  File "C:\Users\AsusLaptop\AppData\Local\Programs\Python\Python313\Lib\site-packages\django\db\models\query.py", line 91, in __iter__
    results = compiler.execute_sql(
        chunked_fetch=self.chunked_fetch, chunk_size=self.chunk_size
    )
  File "C:\Users\AsusLaptop\AppData\Local\Programs\Python\Python313\Lib\site-packages\django\db\models\sql\compiler.py", line 1562, in execute_sql
    cursor.execute(sql, params)
    ~~~~~~~~~~~~~~^^^^^^^^^^^^^
  File "C:\Users\AsusLaptop\AppData\Local\Programs\Python\Python313\Lib\site-packages\django\db\backends\utils.py", line 122, in execute
    return super().execute(sql, params)
           ~~~~~~~~~~~~~~~^^^^^^^^^^^^^
  File "C:\Users\AsusLaptop\AppData\Local\Programs\Python\Python313\Lib\site-packages\django\db\backends\utils.py", line 79, in execute
    return self._execute_with_wrappers(
           ~~~~~~~~~~~~~~~~~~~~~~~~~~~^
        sql, params, many=False, executor=self._execute
        ^^^^^^^^^^^^^^^^^^^^^^^^^^^^^^^^^^^^^^^^^^^^^^^
    )
    ^
  File "C:\Users\AsusLaptop\AppData\Local\Programs\Python\Python313\Lib\site-packages\django\db\backends\utils.py", line 92, in _execute_with_wrappers
    return executor(sql, params, many, context)
  File "C:\Users\AsusLaptop\AppData\Local\Programs\Python\Python313\Lib\site-packages\django\db\backends\utils.py", line 100, in _execute
    with self.db.wrap_database_errors:
         ^^^^^^^^^^^^^^^^^^^^^^^^^^^^
  File "C:\Users\AsusLaptop\AppData\Local\Programs\Python\Python313\Lib\site-packages\django\db\utils.py", line 91, in __exit__
    raise dj_exc_value.with_traceback(traceback) from exc_value
  File "C:\Users\AsusLaptop\AppData\Local\Programs\Python\Python313\Lib\site-packages\django\db\backends\utils.py", line 105, in _execute
    return self.cursor.execute(sql, params)
           ~~~~~~~~~~~~~~~~~~~^^^^^^^^^^^^^
  File "C:\Users\AsusLaptop\AppData\Local\Programs\Python\Python313\Lib\site-packages\django\db\backends\sqlite3\base.py", line 329, in execute
    return super().execute(query, params)
           ~~~~~~~~~~~~~~~^^^^^^^^^^^^^^^
django.db.utils.OperationalError: no such column: cafes_order.client_order_id
ERROR 2025-06-18 06:50:12,526 basehttp 3604 33608 "GET /api/orders/?cafe=1 HTTP/1.1" 500 26967
DEBUG 2025-06-18 06:50:12,855 middleware 3604 14500 Request from origin: http://localhost:3000
INFO 2025-06-18 06:50:12,857 views 3604 14500 Health check запрос от 127.0.0.1: ok
INFO 2025-06-18 06:50:12,858 basehttp 3604 14500 "GET /api/health/ HTTP/1.1" 200 250
DEBUG 2025-06-18 06:50:12,859 middleware 3604 14500 Request from origin: http://localhost:3000
INFO 2025-06-18 06:50:12,861 views 3604 14500 Health check запрос от 127.0.0.1: ok
DEBUG 2025-06-18 06:50:12,862 middleware 3604 37272 Request from origin: http://localhost:3000
INFO 2025-06-18 06:50:12,863 basehttp 3604 14500 "GET /api/health/ HTTP/1.1" 200 249
DEBUG 2025-06-18 06:50:12,865 middleware 3604 33608 Request from origin: http://localhost:3000
INFO 2025-06-18 06:50:12,865 basehttp 3604 37272 "GET /api/cities/ HTTP/1.1" 200 168
INFO 2025-06-18 06:50:12,869 basehttp 3604 33608 "GET /api/cafes/1/ HTTP/1.1" 200 447
DEBUG 2025-06-18 06:50:12,871 middleware 3604 33608 Request from origin: http://localhost:3000
INFO 2025-06-18 06:50:12,875 basehttp 3604 33608 "GET /api/cafes/1/ HTTP/1.1" 200 447
DEBUG 2025-06-18 06:50:12,880 middleware 3604 37272 Request from origin: http://localhost:3000
DEBUG 2025-06-18 06:50:12,881 middleware 3604 14500 Request from origin: http://localhost:3000
DEBUG 2025-06-18 06:50:12,881 middleware 3604 33608 Request from origin: http://localhost:3000
INFO 2025-06-18 06:50:12,889 basehttp 3604 37272 "GET /api/cities/ HTTP/1.1" 200 168
INFO 2025-06-18 06:50:12,890 basehttp 3604 14500 "GET /api/cafes/?city=1&t=1750200612878 HTTP/1.1" 200 499
INFO 2025-06-18 06:50:12,893 basehttp 3604 33608 "GET /api/cafes/1/statistics/ HTTP/1.1" 200 87
DEBUG 2025-06-18 06:50:12,894 middleware 3604 33608 Request from origin: http://localhost:3000
INFO 2025-06-18 06:50:12,899 basehttp 3604 33608 "GET /api/cafes/1/statistics/ HTTP/1.1" 200 87
DEBUG 2025-06-18 06:50:12,904 middleware 3604 14500 Request from origin: http://localhost:3000
DEBUG 2025-06-18 06:50:12,905 middleware 3604 37272 Request from origin: http://localhost:3000
DEBUG 2025-06-18 06:50:12,906 middleware 3604 33608 Request from origin: http://localhost:3000
DEBUG 2025-06-18 06:50:12,912 views 3604 37272 Menu item: Шурпа, image: 'http://localhost:8000/media/menu_items/1ef19980-8e08-45b7-aff2-5292b5797aa9_kJopm0u.jpeg', image_full_url: 'http://localhost:8000/media/menu_items/1ef19980-8e08-45b7-aff2-5292b5797aa9_kJopm0u.jpeg'
INFO 2025-06-18 06:50:12,914 basehttp 3604 14500 "GET /api/cafes/?city=1&t=1750200612902 HTTP/1.1" 200 499
INFO 2025-06-18 06:50:12,914 basehttp 3604 37272 "GET /api/menu-items/?cafe=1 HTTP/1.1" 200 471
DEBUG 2025-06-18 06:50:12,923 middleware 3604 37272 Request from origin: http://localhost:3000
DEBUG 2025-06-18 06:50:12,929 views 3604 37272 Menu item: Шурпа, image: 'http://localhost:8000/media/menu_items/1ef19980-8e08-45b7-aff2-5292b5797aa9_kJopm0u.jpeg', image_full_url: 'http://localhost:8000/media/menu_items/1ef19980-8e08-45b7-aff2-5292b5797aa9_kJopm0u.jpeg'
INFO 2025-06-18 06:50:12,931 basehttp 3604 37272 "GET /api/menu-items/?cafe=1 HTTP/1.1" 200 471
ERROR 2025-06-18 06:50:12,934 log 3604 33608 Internal Server Error: /api/orders/
Traceback (most recent call last):
  File "C:\Users\AsusLaptop\AppData\Local\Programs\Python\Python313\Lib\site-packages\django\db\backends\utils.py", line 105, in _execute
    return self.cursor.execute(sql, params)
           ~~~~~~~~~~~~~~~~~~~^^^^^^^^^^^^^
  File "C:\Users\AsusLaptop\AppData\Local\Programs\Python\Python313\Lib\site-packages\django\db\backends\sqlite3\base.py", line 329, in execute
    return super().execute(query, params)
           ~~~~~~~~~~~~~~~^^^^^^^^^^^^^^^
sqlite3.OperationalError: no such column: cafes_order.client_order_id

The above exception was the direct cause of the following exception:

Traceback (most recent call last):
  File "C:\Users\AsusLaptop\AppData\Local\Programs\Python\Python313\Lib\site-packages\django\core\handlers\exception.py", line 55, in inner
    response = get_response(request)
  File "C:\Users\AsusLaptop\AppData\Local\Programs\Python\Python313\Lib\site-packages\django\core\handlers\base.py", line 197, in _get_response
    response = wrapped_callback(request, *callback_args, **callback_kwargs)
  File "C:\Users\AsusLaptop\AppData\Local\Programs\Python\Python313\Lib\site-packages\django\views\decorators\csrf.py", line 65, in _view_wrapper
    return view_func(request, *args, **kwargs)
  File "C:\Users\AsusLaptop\AppData\Local\Programs\Python\Python313\Lib\site-packages\rest_framework\viewsets.py", line 125, in view
    return self.dispatch(request, *args, **kwargs)
           ~~~~~~~~~~~~~^^^^^^^^^^^^^^^^^^^^^^^^^^
  File "C:\Users\AsusLaptop\AppData\Local\Programs\Python\Python313\Lib\site-packages\rest_framework\views.py", line 509, in dispatch
    response = self.handle_exception(exc)
  File "C:\Users\AsusLaptop\AppData\Local\Programs\Python\Python313\Lib\site-packages\rest_framework\views.py", line 469, in handle_exception
    self.raise_uncaught_exception(exc)
    ~~~~~~~~~~~~~~~~~~~~~~~~~~~~~^^^^^
  File "C:\Users\AsusLaptop\AppData\Local\Programs\Python\Python313\Lib\site-packages\rest_framework\views.py", line 480, in raise_uncaught_exception
    raise exc
  File "C:\Users\AsusLaptop\AppData\Local\Programs\Python\Python313\Lib\site-packages\rest_framework\views.py", line 506, in dispatch
    response = handler(request, *args, **kwargs)
  File "C:\Users\AsusLaptop\AppData\Local\Programs\Python\Python313\Lib\site-packages\rest_framework\mixins.py", line 40, in list
    page = self.paginate_queryset(queryset)
  File "C:\Users\AsusLaptop\AppData\Local\Programs\Python\Python313\Lib\site-packages\rest_framework\generics.py", line 171, in paginate_queryset
    return self.paginator.paginate_queryset(queryset, self.request, view=self)
           ~~~~~~~~~~~~~~~~~~~~~~~~~~~~~~~~^^^^^^^^^^^^^^^^^^^^^^^^^^^^^^^^^^^
  File "C:\Users\AsusLaptop\AppData\Local\Programs\Python\Python313\Lib\site-packages\rest_framework\pagination.py", line 216, in paginate_queryset
    return list(self.page)
  File "C:\Users\AsusLaptop\AppData\Local\Programs\Python\Python313\Lib\site-packages\django\core\paginator.py", line 191, in __len__
    return len(self.object_list)
  File "C:\Users\AsusLaptop\AppData\Local\Programs\Python\Python313\Lib\site-packages\django\db\models\query.py", line 382, in __len__
    self._fetch_all()
    ~~~~~~~~~~~~~~~^^
  File "C:\Users\AsusLaptop\AppData\Local\Programs\Python\Python313\Lib\site-packages\django\db\models\query.py", line 1928, in _fetch_all
    self._result_cache = list(self._iterable_class(self))
                         ~~~~^^^^^^^^^^^^^^^^^^^^^^^^^^^^
  File "C:\Users\AsusLaptop\AppData\Local\Programs\Python\Python313\Lib\site-packages\django\db\models\query.py", line 91, in __iter__
    results = compiler.execute_sql(
        chunked_fetch=self.chunked_fetch, chunk_size=self.chunk_size
    )
  File "C:\Users\AsusLaptop\AppData\Local\Programs\Python\Python313\Lib\site-packages\django\db\models\sql\compiler.py", line 1562, in execute_sql
    cursor.execute(sql, params)
    ~~~~~~~~~~~~~~^^^^^^^^^^^^^
  File "C:\Users\AsusLaptop\AppData\Local\Programs\Python\Python313\Lib\site-packages\django\db\backends\utils.py", line 122, in execute
    return super().execute(sql, params)
           ~~~~~~~~~~~~~~~^^^^^^^^^^^^^
  File "C:\Users\AsusLaptop\AppData\Local\Programs\Python\Python313\Lib\site-packages\django\db\backends\utils.py", line 79, in execute
    return self._execute_with_wrappers(
           ~~~~~~~~~~~~~~~~~~~~~~~~~~~^
        sql, params, many=False, executor=self._execute
        ^^^^^^^^^^^^^^^^^^^^^^^^^^^^^^^^^^^^^^^^^^^^^^^
    )
    ^
  File "C:\Users\AsusLaptop\AppData\Local\Programs\Python\Python313\Lib\site-packages\django\db\backends\utils.py", line 92, in _execute_with_wrappers
    return executor(sql, params, many, context)
  File "C:\Users\AsusLaptop\AppData\Local\Programs\Python\Python313\Lib\site-packages\django\db\backends\utils.py", line 100, in _execute
    with self.db.wrap_database_errors:
         ^^^^^^^^^^^^^^^^^^^^^^^^^^^^
  File "C:\Users\AsusLaptop\AppData\Local\Programs\Python\Python313\Lib\site-packages\django\db\utils.py", line 91, in __exit__
    raise dj_exc_value.with_traceback(traceback) from exc_value
  File "C:\Users\AsusLaptop\AppData\Local\Programs\Python\Python313\Lib\site-packages\django\db\backends\utils.py", line 105, in _execute
    return self.cursor.execute(sql, params)
           ~~~~~~~~~~~~~~~~~~~^^^^^^^^^^^^^
  File "C:\Users\AsusLaptop\AppData\Local\Programs\Python\Python313\Lib\site-packages\django\db\backends\sqlite3\base.py", line 329, in execute
    return super().execute(query, params)
           ~~~~~~~~~~~~~~~^^^^^^^^^^^^^^^
django.db.utils.OperationalError: no such column: cafes_order.client_order_id
ERROR 2025-06-18 06:50:12,938 basehttp 3604 33608 "GET /api/orders/?cafe=1 HTTP/1.1" 500 26967
DEBUG 2025-06-18 06:50:12,940 middleware 3604 33608 Request from origin: http://localhost:3000
ERROR 2025-06-18 06:50:12,961 log 3604 33608 Internal Server Error: /api/orders/
Traceback (most recent call last):
  File "C:\Users\AsusLaptop\AppData\Local\Programs\Python\Python313\Lib\site-packages\django\db\backends\utils.py", line 105, in _execute
    return self.cursor.execute(sql, params)
           ~~~~~~~~~~~~~~~~~~~^^^^^^^^^^^^^
  File "C:\Users\AsusLaptop\AppData\Local\Programs\Python\Python313\Lib\site-packages\django\db\backends\sqlite3\base.py", line 329, in execute
    return super().execute(query, params)
           ~~~~~~~~~~~~~~~^^^^^^^^^^^^^^^
sqlite3.OperationalError: no such column: cafes_order.client_order_id

The above exception was the direct cause of the following exception:

Traceback (most recent call last):
  File "C:\Users\AsusLaptop\AppData\Local\Programs\Python\Python313\Lib\site-packages\django\core\handlers\exception.py", line 55, in inner
    response = get_response(request)
  File "C:\Users\AsusLaptop\AppData\Local\Programs\Python\Python313\Lib\site-packages\django\core\handlers\base.py", line 197, in _get_response
    response = wrapped_callback(request, *callback_args, **callback_kwargs)
  File "C:\Users\AsusLaptop\AppData\Local\Programs\Python\Python313\Lib\site-packages\django\views\decorators\csrf.py", line 65, in _view_wrapper
    return view_func(request, *args, **kwargs)
  File "C:\Users\AsusLaptop\AppData\Local\Programs\Python\Python313\Lib\site-packages\rest_framework\viewsets.py", line 125, in view
    return self.dispatch(request, *args, **kwargs)
           ~~~~~~~~~~~~~^^^^^^^^^^^^^^^^^^^^^^^^^^
  File "C:\Users\AsusLaptop\AppData\Local\Programs\Python\Python313\Lib\site-packages\rest_framework\views.py", line 509, in dispatch
    response = self.handle_exception(exc)
  File "C:\Users\AsusLaptop\AppData\Local\Programs\Python\Python313\Lib\site-packages\rest_framework\views.py", line 469, in handle_exception
    self.raise_uncaught_exception(exc)
    ~~~~~~~~~~~~~~~~~~~~~~~~~~~~~^^^^^
  File "C:\Users\AsusLaptop\AppData\Local\Programs\Python\Python313\Lib\site-packages\rest_framework\views.py", line 480, in raise_uncaught_exception
    raise exc
  File "C:\Users\AsusLaptop\AppData\Local\Programs\Python\Python313\Lib\site-packages\rest_framework\views.py", line 506, in dispatch
    response = handler(request, *args, **kwargs)
  File "C:\Users\AsusLaptop\AppData\Local\Programs\Python\Python313\Lib\site-packages\rest_framework\mixins.py", line 40, in list
    page = self.paginate_queryset(queryset)
  File "C:\Users\AsusLaptop\AppData\Local\Programs\Python\Python313\Lib\site-packages\rest_framework\generics.py", line 171, in paginate_queryset
    return self.paginator.paginate_queryset(queryset, self.request, view=self)
           ~~~~~~~~~~~~~~~~~~~~~~~~~~~~~~~~^^^^^^^^^^^^^^^^^^^^^^^^^^^^^^^^^^^
  File "C:\Users\AsusLaptop\AppData\Local\Programs\Python\Python313\Lib\site-packages\rest_framework\pagination.py", line 216, in paginate_queryset
    return list(self.page)
  File "C:\Users\AsusLaptop\AppData\Local\Programs\Python\Python313\Lib\site-packages\django\core\paginator.py", line 191, in __len__
    return len(self.object_list)
  File "C:\Users\AsusLaptop\AppData\Local\Programs\Python\Python313\Lib\site-packages\django\db\models\query.py", line 382, in __len__
    self._fetch_all()
    ~~~~~~~~~~~~~~~^^
  File "C:\Users\AsusLaptop\AppData\Local\Programs\Python\Python313\Lib\site-packages\django\db\models\query.py", line 1928, in _fetch_all
    self._result_cache = list(self._iterable_class(self))
                         ~~~~^^^^^^^^^^^^^^^^^^^^^^^^^^^^
  File "C:\Users\AsusLaptop\AppData\Local\Programs\Python\Python313\Lib\site-packages\django\db\models\query.py", line 91, in __iter__
    results = compiler.execute_sql(
        chunked_fetch=self.chunked_fetch, chunk_size=self.chunk_size
    )
  File "C:\Users\AsusLaptop\AppData\Local\Programs\Python\Python313\Lib\site-packages\django\db\models\sql\compiler.py", line 1562, in execute_sql
    cursor.execute(sql, params)
    ~~~~~~~~~~~~~~^^^^^^^^^^^^^
  File "C:\Users\AsusLaptop\AppData\Local\Programs\Python\Python313\Lib\site-packages\django\db\backends\utils.py", line 122, in execute
    return super().execute(sql, params)
           ~~~~~~~~~~~~~~~^^^^^^^^^^^^^
  File "C:\Users\AsusLaptop\AppData\Local\Programs\Python\Python313\Lib\site-packages\django\db\backends\utils.py", line 79, in execute
    return self._execute_with_wrappers(
           ~~~~~~~~~~~~~~~~~~~~~~~~~~~^
        sql, params, many=False, executor=self._execute
        ^^^^^^^^^^^^^^^^^^^^^^^^^^^^^^^^^^^^^^^^^^^^^^^
    )
    ^
  File "C:\Users\AsusLaptop\AppData\Local\Programs\Python\Python313\Lib\site-packages\django\db\backends\utils.py", line 92, in _execute_with_wrappers
    return executor(sql, params, many, context)
  File "C:\Users\AsusLaptop\AppData\Local\Programs\Python\Python313\Lib\site-packages\django\db\backends\utils.py", line 100, in _execute
    with self.db.wrap_database_errors:
         ^^^^^^^^^^^^^^^^^^^^^^^^^^^^
  File "C:\Users\AsusLaptop\AppData\Local\Programs\Python\Python313\Lib\site-packages\django\db\utils.py", line 91, in __exit__
    raise dj_exc_value.with_traceback(traceback) from exc_value
  File "C:\Users\AsusLaptop\AppData\Local\Programs\Python\Python313\Lib\site-packages\django\db\backends\utils.py", line 105, in _execute
    return self.cursor.execute(sql, params)
           ~~~~~~~~~~~~~~~~~~~^^^^^^^^^^^^^
  File "C:\Users\AsusLaptop\AppData\Local\Programs\Python\Python313\Lib\site-packages\django\db\backends\sqlite3\base.py", line 329, in execute
    return super().execute(query, params)
           ~~~~~~~~~~~~~~~^^^^^^^^^^^^^^^
django.db.utils.OperationalError: no such column: cafes_order.client_order_id
ERROR 2025-06-18 06:50:12,965 basehttp 3604 33608 "GET /api/orders/?cafe=1 HTTP/1.1" 500 26967
DEBUG 2025-06-18 06:50:13,172 middleware 3604 37272 Request from origin: http://localhost:3000
INFO 2025-06-18 06:50:13,174 views 3604 37272 Health check запрос от 127.0.0.1: ok
INFO 2025-06-18 06:50:13,175 basehttp 3604 37272 "GET /api/health/ HTTP/1.1" 200 250
DEBUG 2025-06-18 06:50:13,176 middleware 3604 37272 Request from origin: http://localhost:3000
INFO 2025-06-18 06:50:13,179 views 3604 37272 Health check запрос от 127.0.0.1: ok
DEBUG 2025-06-18 06:50:13,179 middleware 3604 33608 Request from origin: http://localhost:3000
INFO 2025-06-18 06:50:13,180 basehttp 3604 37272 "GET /api/health/ HTTP/1.1" 200 248
DEBUG 2025-06-18 06:50:13,181 middleware 3604 37272 Request from origin: http://localhost:3000
INFO 2025-06-18 06:50:13,185 basehttp 3604 33608 "GET /api/cafes/1/ HTTP/1.1" 200 447
DEBUG 2025-06-18 06:50:13,187 middleware 3604 33608 Request from origin: http://localhost:3000
INFO 2025-06-18 06:50:13,192 basehttp 3604 33608 "GET /api/cafes/1/ HTTP/1.1" 200 447
DEBUG 2025-06-18 06:50:13,194 middleware 3604 33608 Request from origin: http://localhost:3000
INFO 2025-06-18 06:50:13,196 basehttp 3604 37272 "GET /api/cities/ HTTP/1.1" 200 168
DEBUG 2025-06-18 06:50:13,198 middleware 3604 37272 Request from origin: http://localhost:3000
DEBUG 2025-06-18 06:50:13,200 middleware 3604 14500 Request from origin: http://localhost:3000
INFO 2025-06-18 06:50:13,206 basehttp 3604 37272 "GET /api/cities/ HTTP/1.1" 200 168
INFO 2025-06-18 06:50:13,209 basehttp 3604 14500 "GET /api/cafes/?city=1&t=1750200613198 HTTP/1.1" 200 499
INFO 2025-06-18 06:50:13,209 basehttp 3604 33608 "GET /api/cafes/1/statistics/ HTTP/1.1" 200 87
DEBUG 2025-06-18 06:50:13,210 middleware 3604 33608 Request from origin: http://localhost:3000
INFO 2025-06-18 06:50:13,215 basehttp 3604 33608 "GET /api/cafes/1/statistics/ HTTP/1.1" 200 87
DEBUG 2025-06-18 06:50:13,218 middleware 3604 14500 Request from origin: http://localhost:3000
DEBUG 2025-06-18 06:50:13,219 middleware 3604 37272 Request from origin: http://localhost:3000
DEBUG 2025-06-18 06:50:13,221 middleware 3604 33608 Request from origin: http://localhost:3000
DEBUG 2025-06-18 06:50:13,227 views 3604 37272 Menu item: Шурпа, image: 'http://localhost:8000/media/menu_items/1ef19980-8e08-45b7-aff2-5292b5797aa9_kJopm0u.jpeg', image_full_url: 'http://localhost:8000/media/menu_items/1ef19980-8e08-45b7-aff2-5292b5797aa9_kJopm0u.jpeg'
INFO 2025-06-18 06:50:13,229 basehttp 3604 37272 "GET /api/menu-items/?cafe=1 HTTP/1.1" 200 471
INFO 2025-06-18 06:50:13,233 basehttp 3604 14500 "GET /api/cafes/?city=1&t=1750200613217 HTTP/1.1" 200 499
ERROR 2025-06-18 06:50:13,248 log 3604 33608 Internal Server Error: /api/orders/
Traceback (most recent call last):
  File "C:\Users\AsusLaptop\AppData\Local\Programs\Python\Python313\Lib\site-packages\django\db\backends\utils.py", line 105, in _execute
    return self.cursor.execute(sql, params)
           ~~~~~~~~~~~~~~~~~~~^^^^^^^^^^^^^
  File "C:\Users\AsusLaptop\AppData\Local\Programs\Python\Python313\Lib\site-packages\django\db\backends\sqlite3\base.py", line 329, in execute
    return super().execute(query, params)
           ~~~~~~~~~~~~~~~^^^^^^^^^^^^^^^
sqlite3.OperationalError: no such column: cafes_order.client_order_id

The above exception was the direct cause of the following exception:

Traceback (most recent call last):
  File "C:\Users\AsusLaptop\AppData\Local\Programs\Python\Python313\Lib\site-packages\django\core\handlers\exception.py", line 55, in inner
    response = get_response(request)
  File "C:\Users\AsusLaptop\AppData\Local\Programs\Python\Python313\Lib\site-packages\django\core\handlers\base.py", line 197, in _get_response
    response = wrapped_callback(request, *callback_args, **callback_kwargs)
  File "C:\Users\AsusLaptop\AppData\Local\Programs\Python\Python313\Lib\site-packages\django\views\decorators\csrf.py", line 65, in _view_wrapper
    return view_func(request, *args, **kwargs)
  File "C:\Users\AsusLaptop\AppData\Local\Programs\Python\Python313\Lib\site-packages\rest_framework\viewsets.py", line 125, in view
    return self.dispatch(request, *args, **kwargs)
           ~~~~~~~~~~~~~^^^^^^^^^^^^^^^^^^^^^^^^^^
  File "C:\Users\AsusLaptop\AppData\Local\Programs\Python\Python313\Lib\site-packages\rest_framework\views.py", line 509, in dispatch
    response = self.handle_exception(exc)
  File "C:\Users\AsusLaptop\AppData\Local\Programs\Python\Python313\Lib\site-packages\rest_framework\views.py", line 469, in handle_exception
    self.raise_uncaught_exception(exc)
    ~~~~~~~~~~~~~~~~~~~~~~~~~~~~~^^^^^
  File "C:\Users\AsusLaptop\AppData\Local\Programs\Python\Python313\Lib\site-packages\rest_framework\views.py", line 480, in raise_uncaught_exception
    raise exc
  File "C:\Users\AsusLaptop\AppData\Local\Programs\Python\Python313\Lib\site-packages\rest_framework\views.py", line 506, in dispatch
    response = handler(request, *args, **kwargs)
  File "C:\Users\AsusLaptop\AppData\Local\Programs\Python\Python313\Lib\site-packages\rest_framework\mixins.py", line 40, in list
    page = self.paginate_queryset(queryset)
  File "C:\Users\AsusLaptop\AppData\Local\Programs\Python\Python313\Lib\site-packages\rest_framework\generics.py", line 171, in paginate_queryset
    return self.paginator.paginate_queryset(queryset, self.request, view=self)
           ~~~~~~~~~~~~~~~~~~~~~~~~~~~~~~~~^^^^^^^^^^^^^^^^^^^^^^^^^^^^^^^^^^^
  File "C:\Users\AsusLaptop\AppData\Local\Programs\Python\Python313\Lib\site-packages\rest_framework\pagination.py", line 216, in paginate_queryset
    return list(self.page)
  File "C:\Users\AsusLaptop\AppData\Local\Programs\Python\Python313\Lib\site-packages\django\core\paginator.py", line 191, in __len__
    return len(self.object_list)
  File "C:\Users\AsusLaptop\AppData\Local\Programs\Python\Python313\Lib\site-packages\django\db\models\query.py", line 382, in __len__
    self._fetch_all()
    ~~~~~~~~~~~~~~~^^
  File "C:\Users\AsusLaptop\AppData\Local\Programs\Python\Python313\Lib\site-packages\django\db\models\query.py", line 1928, in _fetch_all
    self._result_cache = list(self._iterable_class(self))
                         ~~~~^^^^^^^^^^^^^^^^^^^^^^^^^^^^
  File "C:\Users\AsusLaptop\AppData\Local\Programs\Python\Python313\Lib\site-packages\django\db\models\query.py", line 91, in __iter__
    results = compiler.execute_sql(
        chunked_fetch=self.chunked_fetch, chunk_size=self.chunk_size
    )
  File "C:\Users\AsusLaptop\AppData\Local\Programs\Python\Python313\Lib\site-packages\django\db\models\sql\compiler.py", line 1562, in execute_sql
    cursor.execute(sql, params)
    ~~~~~~~~~~~~~~^^^^^^^^^^^^^
  File "C:\Users\AsusLaptop\AppData\Local\Programs\Python\Python313\Lib\site-packages\django\db\backends\utils.py", line 122, in execute
    return super().execute(sql, params)
           ~~~~~~~~~~~~~~~^^^^^^^^^^^^^
  File "C:\Users\AsusLaptop\AppData\Local\Programs\Python\Python313\Lib\site-packages\django\db\backends\utils.py", line 79, in execute
    return self._execute_with_wrappers(
           ~~~~~~~~~~~~~~~~~~~~~~~~~~~^
        sql, params, many=False, executor=self._execute
        ^^^^^^^^^^^^^^^^^^^^^^^^^^^^^^^^^^^^^^^^^^^^^^^
    )
    ^
  File "C:\Users\AsusLaptop\AppData\Local\Programs\Python\Python313\Lib\site-packages\django\db\backends\utils.py", line 92, in _execute_with_wrappers
    return executor(sql, params, many, context)
  File "C:\Users\AsusLaptop\AppData\Local\Programs\Python\Python313\Lib\site-packages\django\db\backends\utils.py", line 100, in _execute
    with self.db.wrap_database_errors:
         ^^^^^^^^^^^^^^^^^^^^^^^^^^^^
  File "C:\Users\AsusLaptop\AppData\Local\Programs\Python\Python313\Lib\site-packages\django\db\utils.py", line 91, in __exit__
    raise dj_exc_value.with_traceback(traceback) from exc_value
  File "C:\Users\AsusLaptop\AppData\Local\Programs\Python\Python313\Lib\site-packages\django\db\backends\utils.py", line 105, in _execute
    return self.cursor.execute(sql, params)
           ~~~~~~~~~~~~~~~~~~~^^^^^^^^^^^^^
  File "C:\Users\AsusLaptop\AppData\Local\Programs\Python\Python313\Lib\site-packages\django\db\backends\sqlite3\base.py", line 329, in execute
    return super().execute(query, params)
           ~~~~~~~~~~~~~~~^^^^^^^^^^^^^^^
django.db.utils.OperationalError: no such column: cafes_order.client_order_id
ERROR 2025-06-18 06:50:13,252 basehttp 3604 33608 "GET /api/orders/?cafe=1 HTTP/1.1" 500 26967
DEBUG 2025-06-18 06:50:13,254 middleware 3604 33608 Request from origin: http://localhost:3000
ERROR 2025-06-18 06:50:13,273 log 3604 33608 Internal Server Error: /api/orders/
Traceback (most recent call last):
  File "C:\Users\AsusLaptop\AppData\Local\Programs\Python\Python313\Lib\site-packages\django\db\backends\utils.py", line 105, in _execute
    return self.cursor.execute(sql, params)
           ~~~~~~~~~~~~~~~~~~~^^^^^^^^^^^^^
  File "C:\Users\AsusLaptop\AppData\Local\Programs\Python\Python313\Lib\site-packages\django\db\backends\sqlite3\base.py", line 329, in execute
    return super().execute(query, params)
           ~~~~~~~~~~~~~~~^^^^^^^^^^^^^^^
sqlite3.OperationalError: no such column: cafes_order.client_order_id

The above exception was the direct cause of the following exception:

Traceback (most recent call last):
  File "C:\Users\AsusLaptop\AppData\Local\Programs\Python\Python313\Lib\site-packages\django\core\handlers\exception.py", line 55, in inner
    response = get_response(request)
  File "C:\Users\AsusLaptop\AppData\Local\Programs\Python\Python313\Lib\site-packages\django\core\handlers\base.py", line 197, in _get_response
    response = wrapped_callback(request, *callback_args, **callback_kwargs)
  File "C:\Users\AsusLaptop\AppData\Local\Programs\Python\Python313\Lib\site-packages\django\views\decorators\csrf.py", line 65, in _view_wrapper
    return view_func(request, *args, **kwargs)
  File "C:\Users\AsusLaptop\AppData\Local\Programs\Python\Python313\Lib\site-packages\rest_framework\viewsets.py", line 125, in view
    return self.dispatch(request, *args, **kwargs)
           ~~~~~~~~~~~~~^^^^^^^^^^^^^^^^^^^^^^^^^^
  File "C:\Users\AsusLaptop\AppData\Local\Programs\Python\Python313\Lib\site-packages\rest_framework\views.py", line 509, in dispatch
    response = self.handle_exception(exc)
  File "C:\Users\AsusLaptop\AppData\Local\Programs\Python\Python313\Lib\site-packages\rest_framework\views.py", line 469, in handle_exception
    self.raise_uncaught_exception(exc)
    ~~~~~~~~~~~~~~~~~~~~~~~~~~~~~^^^^^
  File "C:\Users\AsusLaptop\AppData\Local\Programs\Python\Python313\Lib\site-packages\rest_framework\views.py", line 480, in raise_uncaught_exception
    raise exc
  File "C:\Users\AsusLaptop\AppData\Local\Programs\Python\Python313\Lib\site-packages\rest_framework\views.py", line 506, in dispatch
    response = handler(request, *args, **kwargs)
  File "C:\Users\AsusLaptop\AppData\Local\Programs\Python\Python313\Lib\site-packages\rest_framework\mixins.py", line 40, in list
    page = self.paginate_queryset(queryset)
  File "C:\Users\AsusLaptop\AppData\Local\Programs\Python\Python313\Lib\site-packages\rest_framework\generics.py", line 171, in paginate_queryset
    return self.paginator.paginate_queryset(queryset, self.request, view=self)
           ~~~~~~~~~~~~~~~~~~~~~~~~~~~~~~~~^^^^^^^^^^^^^^^^^^^^^^^^^^^^^^^^^^^
  File "C:\Users\AsusLaptop\AppData\Local\Programs\Python\Python313\Lib\site-packages\rest_framework\pagination.py", line 216, in paginate_queryset
    return list(self.page)
  File "C:\Users\AsusLaptop\AppData\Local\Programs\Python\Python313\Lib\site-packages\django\core\paginator.py", line 191, in __len__
    return len(self.object_list)
  File "C:\Users\AsusLaptop\AppData\Local\Programs\Python\Python313\Lib\site-packages\django\db\models\query.py", line 382, in __len__
    self._fetch_all()
    ~~~~~~~~~~~~~~~^^
  File "C:\Users\AsusLaptop\AppData\Local\Programs\Python\Python313\Lib\site-packages\django\db\models\query.py", line 1928, in _fetch_all
    self._result_cache = list(self._iterable_class(self))
                         ~~~~^^^^^^^^^^^^^^^^^^^^^^^^^^^^
  File "C:\Users\AsusLaptop\AppData\Local\Programs\Python\Python313\Lib\site-packages\django\db\models\query.py", line 91, in __iter__
    results = compiler.execute_sql(
        chunked_fetch=self.chunked_fetch, chunk_size=self.chunk_size
    )
  File "C:\Users\AsusLaptop\AppData\Local\Programs\Python\Python313\Lib\site-packages\django\db\models\sql\compiler.py", line 1562, in execute_sql
    cursor.execute(sql, params)
    ~~~~~~~~~~~~~~^^^^^^^^^^^^^
  File "C:\Users\AsusLaptop\AppData\Local\Programs\Python\Python313\Lib\site-packages\django\db\backends\utils.py", line 122, in execute
    return super().execute(sql, params)
           ~~~~~~~~~~~~~~~^^^^^^^^^^^^^
  File "C:\Users\AsusLaptop\AppData\Local\Programs\Python\Python313\Lib\site-packages\django\db\backends\utils.py", line 79, in execute
    return self._execute_with_wrappers(
           ~~~~~~~~~~~~~~~~~~~~~~~~~~~^
        sql, params, many=False, executor=self._execute
        ^^^^^^^^^^^^^^^^^^^^^^^^^^^^^^^^^^^^^^^^^^^^^^^
    )
    ^
  File "C:\Users\AsusLaptop\AppData\Local\Programs\Python\Python313\Lib\site-packages\django\db\backends\utils.py", line 92, in _execute_with_wrappers
    return executor(sql, params, many, context)
  File "C:\Users\AsusLaptop\AppData\Local\Programs\Python\Python313\Lib\site-packages\django\db\backends\utils.py", line 100, in _execute
    with self.db.wrap_database_errors:
         ^^^^^^^^^^^^^^^^^^^^^^^^^^^^
  File "C:\Users\AsusLaptop\AppData\Local\Programs\Python\Python313\Lib\site-packages\django\db\utils.py", line 91, in __exit__
    raise dj_exc_value.with_traceback(traceback) from exc_value
  File "C:\Users\AsusLaptop\AppData\Local\Programs\Python\Python313\Lib\site-packages\django\db\backends\utils.py", line 105, in _execute
    return self.cursor.execute(sql, params)
           ~~~~~~~~~~~~~~~~~~~^^^^^^^^^^^^^
  File "C:\Users\AsusLaptop\AppData\Local\Programs\Python\Python313\Lib\site-packages\django\db\backends\sqlite3\base.py", line 329, in execute
    return super().execute(query, params)
           ~~~~~~~~~~~~~~~^^^^^^^^^^^^^^^
django.db.utils.OperationalError: no such column: cafes_order.client_order_id
ERROR 2025-06-18 06:50:13,277 basehttp 3604 33608 "GET /api/orders/?cafe=1 HTTP/1.1" 500 26967
DEBUG 2025-06-18 06:50:13,451 middleware 3604 14500 Request from origin: http://localhost:3000
INFO 2025-06-18 06:50:13,454 views 3604 14500 Health check запрос от 127.0.0.1: ok
INFO 2025-06-18 06:50:13,454 basehttp 3604 14500 "GET /api/health/ HTTP/1.1" 200 250
DEBUG 2025-06-18 06:50:13,456 middleware 3604 14500 Request from origin: http://localhost:3000
INFO 2025-06-18 06:50:13,458 views 3604 14500 Health check запрос от 127.0.0.1: ok
INFO 2025-06-18 06:50:13,459 basehttp 3604 14500 "GET /api/health/ HTTP/1.1" 200 249
DEBUG 2025-06-18 06:50:13,460 middleware 3604 33608 Request from origin: http://localhost:3000
DEBUG 2025-06-18 06:50:13,460 middleware 3604 14500 Request from origin: http://localhost:3000
INFO 2025-06-18 06:50:13,465 basehttp 3604 14500 "GET /api/cities/ HTTP/1.1" 200 168
INFO 2025-06-18 06:50:13,466 basehttp 3604 33608 "GET /api/cafes/1/ HTTP/1.1" 200 447
DEBUG 2025-06-18 06:50:13,467 middleware 3604 14500 Request from origin: http://localhost:3000
DEBUG 2025-06-18 06:50:13,468 middleware 3604 33608 Request from origin: http://localhost:3000
INFO 2025-06-18 06:50:13,470 basehttp 3604 14500 "GET /api/cities/ HTTP/1.1" 200 168
INFO 2025-06-18 06:50:13,473 basehttp 3604 33608 "GET /api/cafes/1/ HTTP/1.1" 200 447
DEBUG 2025-06-18 06:50:13,475 middleware 3604 14500 Request from origin: http://localhost:3000
DEBUG 2025-06-18 06:50:13,477 middleware 3604 33608 Request from origin: http://localhost:3000
DEBUG 2025-06-18 06:50:13,478 middleware 3604 37272 Request from origin: http://localhost:3000
INFO 2025-06-18 06:50:13,483 basehttp 3604 14500 "GET /api/cafes/?city=1&t=1750200613474 HTTP/1.1" 200 499
DEBUG 2025-06-18 06:50:13,488 middleware 3604 14500 Request from origin: http://localhost:3000
INFO 2025-06-18 06:50:13,490 basehttp 3604 37272 "GET /api/cafes/?city=1&t=1750200613477 HTTP/1.1" 200 499
DEBUG 2025-06-18 06:50:13,494 views 3604 14500 Menu item: Шурпа, image: 'http://localhost:8000/media/menu_items/1ef19980-8e08-45b7-aff2-5292b5797aa9_kJopm0u.jpeg', image_full_url: 'http://localhost:8000/media/menu_items/1ef19980-8e08-45b7-aff2-5292b5797aa9_kJopm0u.jpeg'
INFO 2025-06-18 06:50:13,494 basehttp 3604 33608 "GET /api/cafes/1/statistics/ HTTP/1.1" 200 87
INFO 2025-06-18 06:50:13,495 basehttp 3604 14500 "GET /api/menu-items/?cafe=1 HTTP/1.1" 200 471
DEBUG 2025-06-18 06:50:13,495 middleware 3604 33608 Request from origin: http://localhost:3000
DEBUG 2025-06-18 06:50:13,501 middleware 3604 14500 Request from origin: http://localhost:3000
DEBUG 2025-06-18 06:50:13,502 middleware 3604 28108 Request from origin: http://localhost:3000
INFO 2025-06-18 06:50:13,504 basehttp 3604 33608 "GET /api/cafes/1/statistics/ HTTP/1.1" 200 87
DEBUG 2025-06-18 06:50:13,507 views 3604 14500 Menu item: Шурпа, image: 'http://localhost:8000/media/menu_items/1ef19980-8e08-45b7-aff2-5292b5797aa9_kJopm0u.jpeg', image_full_url: 'http://localhost:8000/media/menu_items/1ef19980-8e08-45b7-aff2-5292b5797aa9_kJopm0u.jpeg'
INFO 2025-06-18 06:50:13,509 basehttp 3604 14500 "GET /api/menu-items/?cafe=1 HTTP/1.1" 200 471
ERROR 2025-06-18 06:50:13,525 log 3604 28108 Internal Server Error: /api/orders/
Traceback (most recent call last):
  File "C:\Users\AsusLaptop\AppData\Local\Programs\Python\Python313\Lib\site-packages\django\db\backends\utils.py", line 105, in _execute
    return self.cursor.execute(sql, params)
           ~~~~~~~~~~~~~~~~~~~^^^^^^^^^^^^^
  File "C:\Users\AsusLaptop\AppData\Local\Programs\Python\Python313\Lib\site-packages\django\db\backends\sqlite3\base.py", line 329, in execute
    return super().execute(query, params)
           ~~~~~~~~~~~~~~~^^^^^^^^^^^^^^^
sqlite3.OperationalError: no such column: cafes_order.client_order_id

The above exception was the direct cause of the following exception:

Traceback (most recent call last):
  File "C:\Users\AsusLaptop\AppData\Local\Programs\Python\Python313\Lib\site-packages\django\core\handlers\exception.py", line 55, in inner
    response = get_response(request)
  File "C:\Users\AsusLaptop\AppData\Local\Programs\Python\Python313\Lib\site-packages\django\core\handlers\base.py", line 197, in _get_response
    response = wrapped_callback(request, *callback_args, **callback_kwargs)
  File "C:\Users\AsusLaptop\AppData\Local\Programs\Python\Python313\Lib\site-packages\django\views\decorators\csrf.py", line 65, in _view_wrapper
    return view_func(request, *args, **kwargs)
  File "C:\Users\AsusLaptop\AppData\Local\Programs\Python\Python313\Lib\site-packages\rest_framework\viewsets.py", line 125, in view
    return self.dispatch(request, *args, **kwargs)
           ~~~~~~~~~~~~~^^^^^^^^^^^^^^^^^^^^^^^^^^
  File "C:\Users\AsusLaptop\AppData\Local\Programs\Python\Python313\Lib\site-packages\rest_framework\views.py", line 509, in dispatch
    response = self.handle_exception(exc)
  File "C:\Users\AsusLaptop\AppData\Local\Programs\Python\Python313\Lib\site-packages\rest_framework\views.py", line 469, in handle_exception
    self.raise_uncaught_exception(exc)
    ~~~~~~~~~~~~~~~~~~~~~~~~~~~~~^^^^^
  File "C:\Users\AsusLaptop\AppData\Local\Programs\Python\Python313\Lib\site-packages\rest_framework\views.py", line 480, in raise_uncaught_exception
    raise exc
  File "C:\Users\AsusLaptop\AppData\Local\Programs\Python\Python313\Lib\site-packages\rest_framework\views.py", line 506, in dispatch
    response = handler(request, *args, **kwargs)
  File "C:\Users\AsusLaptop\AppData\Local\Programs\Python\Python313\Lib\site-packages\rest_framework\mixins.py", line 40, in list
    page = self.paginate_queryset(queryset)
  File "C:\Users\AsusLaptop\AppData\Local\Programs\Python\Python313\Lib\site-packages\rest_framework\generics.py", line 171, in paginate_queryset
    return self.paginator.paginate_queryset(queryset, self.request, view=self)
           ~~~~~~~~~~~~~~~~~~~~~~~~~~~~~~~~^^^^^^^^^^^^^^^^^^^^^^^^^^^^^^^^^^^
  File "C:\Users\AsusLaptop\AppData\Local\Programs\Python\Python313\Lib\site-packages\rest_framework\pagination.py", line 216, in paginate_queryset
    return list(self.page)
  File "C:\Users\AsusLaptop\AppData\Local\Programs\Python\Python313\Lib\site-packages\django\core\paginator.py", line 191, in __len__
    return len(self.object_list)
  File "C:\Users\AsusLaptop\AppData\Local\Programs\Python\Python313\Lib\site-packages\django\db\models\query.py", line 382, in __len__
    self._fetch_all()
    ~~~~~~~~~~~~~~~^^
  File "C:\Users\AsusLaptop\AppData\Local\Programs\Python\Python313\Lib\site-packages\django\db\models\query.py", line 1928, in _fetch_all
    self._result_cache = list(self._iterable_class(self))
                         ~~~~^^^^^^^^^^^^^^^^^^^^^^^^^^^^
  File "C:\Users\AsusLaptop\AppData\Local\Programs\Python\Python313\Lib\site-packages\django\db\models\query.py", line 91, in __iter__
    results = compiler.execute_sql(
        chunked_fetch=self.chunked_fetch, chunk_size=self.chunk_size
    )
  File "C:\Users\AsusLaptop\AppData\Local\Programs\Python\Python313\Lib\site-packages\django\db\models\sql\compiler.py", line 1562, in execute_sql
    cursor.execute(sql, params)
    ~~~~~~~~~~~~~~^^^^^^^^^^^^^
  File "C:\Users\AsusLaptop\AppData\Local\Programs\Python\Python313\Lib\site-packages\django\db\backends\utils.py", line 122, in execute
    return super().execute(sql, params)
           ~~~~~~~~~~~~~~~^^^^^^^^^^^^^
  File "C:\Users\AsusLaptop\AppData\Local\Programs\Python\Python313\Lib\site-packages\django\db\backends\utils.py", line 79, in execute
    return self._execute_with_wrappers(
           ~~~~~~~~~~~~~~~~~~~~~~~~~~~^
        sql, params, many=False, executor=self._execute
        ^^^^^^^^^^^^^^^^^^^^^^^^^^^^^^^^^^^^^^^^^^^^^^^
    )
    ^
  File "C:\Users\AsusLaptop\AppData\Local\Programs\Python\Python313\Lib\site-packages\django\db\backends\utils.py", line 92, in _execute_with_wrappers
    return executor(sql, params, many, context)
  File "C:\Users\AsusLaptop\AppData\Local\Programs\Python\Python313\Lib\site-packages\django\db\backends\utils.py", line 100, in _execute
    with self.db.wrap_database_errors:
         ^^^^^^^^^^^^^^^^^^^^^^^^^^^^
  File "C:\Users\AsusLaptop\AppData\Local\Programs\Python\Python313\Lib\site-packages\django\db\utils.py", line 91, in __exit__
    raise dj_exc_value.with_traceback(traceback) from exc_value
  File "C:\Users\AsusLaptop\AppData\Local\Programs\Python\Python313\Lib\site-packages\django\db\backends\utils.py", line 105, in _execute
    return self.cursor.execute(sql, params)
           ~~~~~~~~~~~~~~~~~~~^^^^^^^^^^^^^
  File "C:\Users\AsusLaptop\AppData\Local\Programs\Python\Python313\Lib\site-packages\django\db\backends\sqlite3\base.py", line 329, in execute
    return super().execute(query, params)
           ~~~~~~~~~~~~~~~^^^^^^^^^^^^^^^
django.db.utils.OperationalError: no such column: cafes_order.client_order_id
ERROR 2025-06-18 06:50:13,529 basehttp 3604 28108 "GET /api/orders/?cafe=1 HTTP/1.1" 500 26967
DEBUG 2025-06-18 06:50:13,530 middleware 3604 28108 Request from origin: http://localhost:3000
ERROR 2025-06-18 06:50:13,549 log 3604 28108 Internal Server Error: /api/orders/
Traceback (most recent call last):
  File "C:\Users\AsusLaptop\AppData\Local\Programs\Python\Python313\Lib\site-packages\django\db\backends\utils.py", line 105, in _execute
    return self.cursor.execute(sql, params)
           ~~~~~~~~~~~~~~~~~~~^^^^^^^^^^^^^
  File "C:\Users\AsusLaptop\AppData\Local\Programs\Python\Python313\Lib\site-packages\django\db\backends\sqlite3\base.py", line 329, in execute
    return super().execute(query, params)
           ~~~~~~~~~~~~~~~^^^^^^^^^^^^^^^
sqlite3.OperationalError: no such column: cafes_order.client_order_id

The above exception was the direct cause of the following exception:

Traceback (most recent call last):
  File "C:\Users\AsusLaptop\AppData\Local\Programs\Python\Python313\Lib\site-packages\django\core\handlers\exception.py", line 55, in inner
    response = get_response(request)
  File "C:\Users\AsusLaptop\AppData\Local\Programs\Python\Python313\Lib\site-packages\django\core\handlers\base.py", line 197, in _get_response
    response = wrapped_callback(request, *callback_args, **callback_kwargs)
  File "C:\Users\AsusLaptop\AppData\Local\Programs\Python\Python313\Lib\site-packages\django\views\decorators\csrf.py", line 65, in _view_wrapper
    return view_func(request, *args, **kwargs)
  File "C:\Users\AsusLaptop\AppData\Local\Programs\Python\Python313\Lib\site-packages\rest_framework\viewsets.py", line 125, in view
    return self.dispatch(request, *args, **kwargs)
           ~~~~~~~~~~~~~^^^^^^^^^^^^^^^^^^^^^^^^^^
  File "C:\Users\AsusLaptop\AppData\Local\Programs\Python\Python313\Lib\site-packages\rest_framework\views.py", line 509, in dispatch
    response = self.handle_exception(exc)
  File "C:\Users\AsusLaptop\AppData\Local\Programs\Python\Python313\Lib\site-packages\rest_framework\views.py", line 469, in handle_exception
    self.raise_uncaught_exception(exc)
    ~~~~~~~~~~~~~~~~~~~~~~~~~~~~~^^^^^
  File "C:\Users\AsusLaptop\AppData\Local\Programs\Python\Python313\Lib\site-packages\rest_framework\views.py", line 480, in raise_uncaught_exception
    raise exc
  File "C:\Users\AsusLaptop\AppData\Local\Programs\Python\Python313\Lib\site-packages\rest_framework\views.py", line 506, in dispatch
    response = handler(request, *args, **kwargs)
  File "C:\Users\AsusLaptop\AppData\Local\Programs\Python\Python313\Lib\site-packages\rest_framework\mixins.py", line 40, in list
    page = self.paginate_queryset(queryset)
  File "C:\Users\AsusLaptop\AppData\Local\Programs\Python\Python313\Lib\site-packages\rest_framework\generics.py", line 171, in paginate_queryset
    return self.paginator.paginate_queryset(queryset, self.request, view=self)
           ~~~~~~~~~~~~~~~~~~~~~~~~~~~~~~~~^^^^^^^^^^^^^^^^^^^^^^^^^^^^^^^^^^^
  File "C:\Users\AsusLaptop\AppData\Local\Programs\Python\Python313\Lib\site-packages\rest_framework\pagination.py", line 216, in paginate_queryset
    return list(self.page)
  File "C:\Users\AsusLaptop\AppData\Local\Programs\Python\Python313\Lib\site-packages\django\core\paginator.py", line 191, in __len__
    return len(self.object_list)
  File "C:\Users\AsusLaptop\AppData\Local\Programs\Python\Python313\Lib\site-packages\django\db\models\query.py", line 382, in __len__
    self._fetch_all()
    ~~~~~~~~~~~~~~~^^
  File "C:\Users\AsusLaptop\AppData\Local\Programs\Python\Python313\Lib\site-packages\django\db\models\query.py", line 1928, in _fetch_all
    self._result_cache = list(self._iterable_class(self))
                         ~~~~^^^^^^^^^^^^^^^^^^^^^^^^^^^^
  File "C:\Users\AsusLaptop\AppData\Local\Programs\Python\Python313\Lib\site-packages\django\db\models\query.py", line 91, in __iter__
    results = compiler.execute_sql(
        chunked_fetch=self.chunked_fetch, chunk_size=self.chunk_size
    )
  File "C:\Users\AsusLaptop\AppData\Local\Programs\Python\Python313\Lib\site-packages\django\db\models\sql\compiler.py", line 1562, in execute_sql
    cursor.execute(sql, params)
    ~~~~~~~~~~~~~~^^^^^^^^^^^^^
  File "C:\Users\AsusLaptop\AppData\Local\Programs\Python\Python313\Lib\site-packages\django\db\backends\utils.py", line 122, in execute
    return super().execute(sql, params)
           ~~~~~~~~~~~~~~~^^^^^^^^^^^^^
  File "C:\Users\AsusLaptop\AppData\Local\Programs\Python\Python313\Lib\site-packages\django\db\backends\utils.py", line 79, in execute
    return self._execute_with_wrappers(
           ~~~~~~~~~~~~~~~~~~~~~~~~~~~^
        sql, params, many=False, executor=self._execute
        ^^^^^^^^^^^^^^^^^^^^^^^^^^^^^^^^^^^^^^^^^^^^^^^
    )
    ^
  File "C:\Users\AsusLaptop\AppData\Local\Programs\Python\Python313\Lib\site-packages\django\db\backends\utils.py", line 92, in _execute_with_wrappers
    return executor(sql, params, many, context)
  File "C:\Users\AsusLaptop\AppData\Local\Programs\Python\Python313\Lib\site-packages\django\db\backends\utils.py", line 100, in _execute
    with self.db.wrap_database_errors:
         ^^^^^^^^^^^^^^^^^^^^^^^^^^^^
  File "C:\Users\AsusLaptop\AppData\Local\Programs\Python\Python313\Lib\site-packages\django\db\utils.py", line 91, in __exit__
    raise dj_exc_value.with_traceback(traceback) from exc_value
  File "C:\Users\AsusLaptop\AppData\Local\Programs\Python\Python313\Lib\site-packages\django\db\backends\utils.py", line 105, in _execute
    return self.cursor.execute(sql, params)
           ~~~~~~~~~~~~~~~~~~~^^^^^^^^^^^^^
  File "C:\Users\AsusLaptop\AppData\Local\Programs\Python\Python313\Lib\site-packages\django\db\backends\sqlite3\base.py", line 329, in execute
    return super().execute(query, params)
           ~~~~~~~~~~~~~~~^^^^^^^^^^^^^^^
django.db.utils.OperationalError: no such column: cafes_order.client_order_id
ERROR 2025-06-18 06:50:13,553 basehttp 3604 28108 "GET /api/orders/?cafe=1 HTTP/1.1" 500 26967
DEBUG 2025-06-18 06:50:18,742 middleware 3604 28108 Request from origin: http://localhost:3000
DEBUG 2025-06-18 06:50:18,748 views 3604 28108 Menu item: Шурпа, image: 'http://localhost:8000/media/menu_items/1ef19980-8e08-45b7-aff2-5292b5797aa9_kJopm0u.jpeg', image_full_url: 'http://localhost:8000/media/menu_items/1ef19980-8e08-45b7-aff2-5292b5797aa9_kJopm0u.jpeg'
INFO 2025-06-18 06:50:18,749 basehttp 3604 28108 "GET /api/menu-items/?cafe=1 HTTP/1.1" 200 471
DEBUG 2025-06-18 06:50:18,751 middleware 3604 28108 Request from origin: http://localhost:3000
DEBUG 2025-06-18 06:50:18,755 views 3604 28108 Menu item: Шурпа, image: 'http://localhost:8000/media/menu_items/1ef19980-8e08-45b7-aff2-5292b5797aa9_kJopm0u.jpeg', image_full_url: 'http://localhost:8000/media/menu_items/1ef19980-8e08-45b7-aff2-5292b5797aa9_kJopm0u.jpeg'
INFO 2025-06-18 06:50:18,756 basehttp 3604 28108 "GET /api/menu-items/?cafe=1 HTTP/1.1" 200 471
DEBUG 2025-06-18 06:50:56,788 middleware 3604 14500 Request from origin: http://localhost:3000
INFO 2025-06-18 06:50:56,791 views 3604 14500 Health check запрос от 127.0.0.1: ok
INFO 2025-06-18 06:50:56,791 basehttp 3604 14500 "GET /api/health/ HTTP/1.1" 200 250
DEBUG 2025-06-18 06:50:56,792 middleware 3604 14500 Request from origin: http://localhost:3000
INFO 2025-06-18 06:50:56,795 views 3604 14500 Health check запрос от 127.0.0.1: ok
INFO 2025-06-18 06:50:56,796 basehttp 3604 14500 "GET /api/health/ HTTP/1.1" 200 249
DEBUG 2025-06-18 06:50:56,797 middleware 3604 28108 Request from origin: http://localhost:3000
DEBUG 2025-06-18 06:50:56,798 middleware 3604 14500 Request from origin: http://localhost:3000
INFO 2025-06-18 06:50:56,802 basehttp 3604 14500 "GET /api/cities/ HTTP/1.1" 200 168
INFO 2025-06-18 06:50:56,803 basehttp 3604 28108 "GET /api/cafes/1/ HTTP/1.1" 200 447
DEBUG 2025-06-18 06:50:56,804 middleware 3604 14500 Request from origin: http://localhost:3000
DEBUG 2025-06-18 06:50:56,805 middleware 3604 28108 Request from origin: http://localhost:3000
INFO 2025-06-18 06:50:56,808 basehttp 3604 14500 "GET /api/cities/ HTTP/1.1" 200 168
INFO 2025-06-18 06:50:56,811 basehttp 3604 28108 "GET /api/cafes/1/ HTTP/1.1" 200 447
DEBUG 2025-06-18 06:50:56,814 middleware 3604 14500 Request from origin: http://localhost:3000
DEBUG 2025-06-18 06:50:56,816 middleware 3604 28108 Request from origin: http://localhost:3000
DEBUG 2025-06-18 06:50:56,819 middleware 3604 37272 Request from origin: http://localhost:3000
INFO 2025-06-18 06:50:56,822 basehttp 3604 14500 "GET /api/cafes/?city=1&t=1750200656812 HTTP/1.1" 200 499
DEBUG 2025-06-18 06:50:56,827 middleware 3604 14500 Request from origin: http://localhost:3000
INFO 2025-06-18 06:50:56,829 basehttp 3604 37272 "GET /api/cafes/?city=1&t=1750200656816 HTTP/1.1" 200 499
DEBUG 2025-06-18 06:50:56,831 views 3604 14500 Menu item: Шурпа, image: 'http://localhost:8000/media/menu_items/1ef19980-8e08-45b7-aff2-5292b5797aa9_kJopm0u.jpeg', image_full_url: 'http://localhost:8000/media/menu_items/1ef19980-8e08-45b7-aff2-5292b5797aa9_kJopm0u.jpeg'
DEBUG 2025-06-18 06:50:56,832 middleware 3604 33608 Request from origin: http://localhost:3000
INFO 2025-06-18 06:50:56,832 basehttp 3604 28108 "GET /api/cafes/1/statistics/ HTTP/1.1" 200 87
INFO 2025-06-18 06:50:56,833 basehttp 3604 14500 "GET /api/menu-items/?cafe=1 HTTP/1.1" 200 471
DEBUG 2025-06-18 06:50:56,834 middleware 3604 14500 Request from origin: http://localhost:3000
DEBUG 2025-06-18 06:50:56,835 middleware 3604 28108 Request from origin: http://localhost:3000
DEBUG 2025-06-18 06:50:56,843 views 3604 14500 Menu item: Шурпа, image: 'http://localhost:8000/media/menu_items/1ef19980-8e08-45b7-aff2-5292b5797aa9_kJopm0u.jpeg', image_full_url: 'http://localhost:8000/media/menu_items/1ef19980-8e08-45b7-aff2-5292b5797aa9_kJopm0u.jpeg'
INFO 2025-06-18 06:50:56,846 basehttp 3604 14500 "GET /api/menu-items/?cafe=1 HTTP/1.1" 200 471
INFO 2025-06-18 06:50:56,846 basehttp 3604 33608 "GET /api/cafes/1/statistics/ HTTP/1.1" 200 87
ERROR 2025-06-18 06:50:56,869 log 3604 28108 Internal Server Error: /api/orders/
Traceback (most recent call last):
  File "C:\Users\AsusLaptop\AppData\Local\Programs\Python\Python313\Lib\site-packages\django\db\backends\utils.py", line 105, in _execute
    return self.cursor.execute(sql, params)
           ~~~~~~~~~~~~~~~~~~~^^^^^^^^^^^^^
  File "C:\Users\AsusLaptop\AppData\Local\Programs\Python\Python313\Lib\site-packages\django\db\backends\sqlite3\base.py", line 329, in execute
    return super().execute(query, params)
           ~~~~~~~~~~~~~~~^^^^^^^^^^^^^^^
sqlite3.OperationalError: no such column: cafes_order.client_order_id

The above exception was the direct cause of the following exception:

Traceback (most recent call last):
  File "C:\Users\AsusLaptop\AppData\Local\Programs\Python\Python313\Lib\site-packages\django\core\handlers\exception.py", line 55, in inner
    response = get_response(request)
  File "C:\Users\AsusLaptop\AppData\Local\Programs\Python\Python313\Lib\site-packages\django\core\handlers\base.py", line 197, in _get_response
    response = wrapped_callback(request, *callback_args, **callback_kwargs)
  File "C:\Users\AsusLaptop\AppData\Local\Programs\Python\Python313\Lib\site-packages\django\views\decorators\csrf.py", line 65, in _view_wrapper
    return view_func(request, *args, **kwargs)
  File "C:\Users\AsusLaptop\AppData\Local\Programs\Python\Python313\Lib\site-packages\rest_framework\viewsets.py", line 125, in view
    return self.dispatch(request, *args, **kwargs)
           ~~~~~~~~~~~~~^^^^^^^^^^^^^^^^^^^^^^^^^^
  File "C:\Users\AsusLaptop\AppData\Local\Programs\Python\Python313\Lib\site-packages\rest_framework\views.py", line 509, in dispatch
    response = self.handle_exception(exc)
  File "C:\Users\AsusLaptop\AppData\Local\Programs\Python\Python313\Lib\site-packages\rest_framework\views.py", line 469, in handle_exception
    self.raise_uncaught_exception(exc)
    ~~~~~~~~~~~~~~~~~~~~~~~~~~~~~^^^^^
  File "C:\Users\AsusLaptop\AppData\Local\Programs\Python\Python313\Lib\site-packages\rest_framework\views.py", line 480, in raise_uncaught_exception
    raise exc
  File "C:\Users\AsusLaptop\AppData\Local\Programs\Python\Python313\Lib\site-packages\rest_framework\views.py", line 506, in dispatch
    response = handler(request, *args, **kwargs)
  File "C:\Users\AsusLaptop\AppData\Local\Programs\Python\Python313\Lib\site-packages\rest_framework\mixins.py", line 40, in list
    page = self.paginate_queryset(queryset)
  File "C:\Users\AsusLaptop\AppData\Local\Programs\Python\Python313\Lib\site-packages\rest_framework\generics.py", line 171, in paginate_queryset
    return self.paginator.paginate_queryset(queryset, self.request, view=self)
           ~~~~~~~~~~~~~~~~~~~~~~~~~~~~~~~~^^^^^^^^^^^^^^^^^^^^^^^^^^^^^^^^^^^
  File "C:\Users\AsusLaptop\AppData\Local\Programs\Python\Python313\Lib\site-packages\rest_framework\pagination.py", line 216, in paginate_queryset
    return list(self.page)
  File "C:\Users\AsusLaptop\AppData\Local\Programs\Python\Python313\Lib\site-packages\django\core\paginator.py", line 191, in __len__
    return len(self.object_list)
  File "C:\Users\AsusLaptop\AppData\Local\Programs\Python\Python313\Lib\site-packages\django\db\models\query.py", line 382, in __len__
    self._fetch_all()
    ~~~~~~~~~~~~~~~^^
  File "C:\Users\AsusLaptop\AppData\Local\Programs\Python\Python313\Lib\site-packages\django\db\models\query.py", line 1928, in _fetch_all
    self._result_cache = list(self._iterable_class(self))
                         ~~~~^^^^^^^^^^^^^^^^^^^^^^^^^^^^
  File "C:\Users\AsusLaptop\AppData\Local\Programs\Python\Python313\Lib\site-packages\django\db\models\query.py", line 91, in __iter__
    results = compiler.execute_sql(
        chunked_fetch=self.chunked_fetch, chunk_size=self.chunk_size
    )
  File "C:\Users\AsusLaptop\AppData\Local\Programs\Python\Python313\Lib\site-packages\django\db\models\sql\compiler.py", line 1562, in execute_sql
    cursor.execute(sql, params)
    ~~~~~~~~~~~~~~^^^^^^^^^^^^^
  File "C:\Users\AsusLaptop\AppData\Local\Programs\Python\Python313\Lib\site-packages\django\db\backends\utils.py", line 122, in execute
    return super().execute(sql, params)
           ~~~~~~~~~~~~~~~^^^^^^^^^^^^^
  File "C:\Users\AsusLaptop\AppData\Local\Programs\Python\Python313\Lib\site-packages\django\db\backends\utils.py", line 79, in execute
    return self._execute_with_wrappers(
           ~~~~~~~~~~~~~~~~~~~~~~~~~~~^
        sql, params, many=False, executor=self._execute
        ^^^^^^^^^^^^^^^^^^^^^^^^^^^^^^^^^^^^^^^^^^^^^^^
    )
    ^
  File "C:\Users\AsusLaptop\AppData\Local\Programs\Python\Python313\Lib\site-packages\django\db\backends\utils.py", line 92, in _execute_with_wrappers
    return executor(sql, params, many, context)
  File "C:\Users\AsusLaptop\AppData\Local\Programs\Python\Python313\Lib\site-packages\django\db\backends\utils.py", line 100, in _execute
    with self.db.wrap_database_errors:
         ^^^^^^^^^^^^^^^^^^^^^^^^^^^^
  File "C:\Users\AsusLaptop\AppData\Local\Programs\Python\Python313\Lib\site-packages\django\db\utils.py", line 91, in __exit__
    raise dj_exc_value.with_traceback(traceback) from exc_value
  File "C:\Users\AsusLaptop\AppData\Local\Programs\Python\Python313\Lib\site-packages\django\db\backends\utils.py", line 105, in _execute
    return self.cursor.execute(sql, params)
           ~~~~~~~~~~~~~~~~~~~^^^^^^^^^^^^^
  File "C:\Users\AsusLaptop\AppData\Local\Programs\Python\Python313\Lib\site-packages\django\db\backends\sqlite3\base.py", line 329, in execute
    return super().execute(query, params)
           ~~~~~~~~~~~~~~~^^^^^^^^^^^^^^^
django.db.utils.OperationalError: no such column: cafes_order.client_order_id
ERROR 2025-06-18 06:50:56,873 basehttp 3604 28108 "GET /api/orders/?cafe=1 HTTP/1.1" 500 26967
DEBUG 2025-06-18 06:50:56,874 middleware 3604 33608 Request from origin: http://localhost:3000
ERROR 2025-06-18 06:50:56,894 log 3604 33608 Internal Server Error: /api/orders/
Traceback (most recent call last):
  File "C:\Users\AsusLaptop\AppData\Local\Programs\Python\Python313\Lib\site-packages\django\db\backends\utils.py", line 105, in _execute
    return self.cursor.execute(sql, params)
           ~~~~~~~~~~~~~~~~~~~^^^^^^^^^^^^^
  File "C:\Users\AsusLaptop\AppData\Local\Programs\Python\Python313\Lib\site-packages\django\db\backends\sqlite3\base.py", line 329, in execute
    return super().execute(query, params)
           ~~~~~~~~~~~~~~~^^^^^^^^^^^^^^^
sqlite3.OperationalError: no such column: cafes_order.client_order_id

The above exception was the direct cause of the following exception:

Traceback (most recent call last):
  File "C:\Users\AsusLaptop\AppData\Local\Programs\Python\Python313\Lib\site-packages\django\core\handlers\exception.py", line 55, in inner
    response = get_response(request)
  File "C:\Users\AsusLaptop\AppData\Local\Programs\Python\Python313\Lib\site-packages\django\core\handlers\base.py", line 197, in _get_response
    response = wrapped_callback(request, *callback_args, **callback_kwargs)
  File "C:\Users\AsusLaptop\AppData\Local\Programs\Python\Python313\Lib\site-packages\django\views\decorators\csrf.py", line 65, in _view_wrapper
    return view_func(request, *args, **kwargs)
  File "C:\Users\AsusLaptop\AppData\Local\Programs\Python\Python313\Lib\site-packages\rest_framework\viewsets.py", line 125, in view
    return self.dispatch(request, *args, **kwargs)
           ~~~~~~~~~~~~~^^^^^^^^^^^^^^^^^^^^^^^^^^
  File "C:\Users\AsusLaptop\AppData\Local\Programs\Python\Python313\Lib\site-packages\rest_framework\views.py", line 509, in dispatch
    response = self.handle_exception(exc)
  File "C:\Users\AsusLaptop\AppData\Local\Programs\Python\Python313\Lib\site-packages\rest_framework\views.py", line 469, in handle_exception
    self.raise_uncaught_exception(exc)
    ~~~~~~~~~~~~~~~~~~~~~~~~~~~~~^^^^^
  File "C:\Users\AsusLaptop\AppData\Local\Programs\Python\Python313\Lib\site-packages\rest_framework\views.py", line 480, in raise_uncaught_exception
    raise exc
  File "C:\Users\AsusLaptop\AppData\Local\Programs\Python\Python313\Lib\site-packages\rest_framework\views.py", line 506, in dispatch
    response = handler(request, *args, **kwargs)
  File "C:\Users\AsusLaptop\AppData\Local\Programs\Python\Python313\Lib\site-packages\rest_framework\mixins.py", line 40, in list
    page = self.paginate_queryset(queryset)
  File "C:\Users\AsusLaptop\AppData\Local\Programs\Python\Python313\Lib\site-packages\rest_framework\generics.py", line 171, in paginate_queryset
    return self.paginator.paginate_queryset(queryset, self.request, view=self)
           ~~~~~~~~~~~~~~~~~~~~~~~~~~~~~~~~^^^^^^^^^^^^^^^^^^^^^^^^^^^^^^^^^^^
  File "C:\Users\AsusLaptop\AppData\Local\Programs\Python\Python313\Lib\site-packages\rest_framework\pagination.py", line 216, in paginate_queryset
    return list(self.page)
  File "C:\Users\AsusLaptop\AppData\Local\Programs\Python\Python313\Lib\site-packages\django\core\paginator.py", line 191, in __len__
    return len(self.object_list)
  File "C:\Users\AsusLaptop\AppData\Local\Programs\Python\Python313\Lib\site-packages\django\db\models\query.py", line 382, in __len__
    self._fetch_all()
    ~~~~~~~~~~~~~~~^^
  File "C:\Users\AsusLaptop\AppData\Local\Programs\Python\Python313\Lib\site-packages\django\db\models\query.py", line 1928, in _fetch_all
    self._result_cache = list(self._iterable_class(self))
                         ~~~~^^^^^^^^^^^^^^^^^^^^^^^^^^^^
  File "C:\Users\AsusLaptop\AppData\Local\Programs\Python\Python313\Lib\site-packages\django\db\models\query.py", line 91, in __iter__
    results = compiler.execute_sql(
        chunked_fetch=self.chunked_fetch, chunk_size=self.chunk_size
    )
  File "C:\Users\AsusLaptop\AppData\Local\Programs\Python\Python313\Lib\site-packages\django\db\models\sql\compiler.py", line 1562, in execute_sql
    cursor.execute(sql, params)
    ~~~~~~~~~~~~~~^^^^^^^^^^^^^
  File "C:\Users\AsusLaptop\AppData\Local\Programs\Python\Python313\Lib\site-packages\django\db\backends\utils.py", line 122, in execute
    return super().execute(sql, params)
           ~~~~~~~~~~~~~~~^^^^^^^^^^^^^
  File "C:\Users\AsusLaptop\AppData\Local\Programs\Python\Python313\Lib\site-packages\django\db\backends\utils.py", line 79, in execute
    return self._execute_with_wrappers(
           ~~~~~~~~~~~~~~~~~~~~~~~~~~~^
        sql, params, many=False, executor=self._execute
        ^^^^^^^^^^^^^^^^^^^^^^^^^^^^^^^^^^^^^^^^^^^^^^^
    )
    ^
  File "C:\Users\AsusLaptop\AppData\Local\Programs\Python\Python313\Lib\site-packages\django\db\backends\utils.py", line 92, in _execute_with_wrappers
    return executor(sql, params, many, context)
  File "C:\Users\AsusLaptop\AppData\Local\Programs\Python\Python313\Lib\site-packages\django\db\backends\utils.py", line 100, in _execute
    with self.db.wrap_database_errors:
         ^^^^^^^^^^^^^^^^^^^^^^^^^^^^
  File "C:\Users\AsusLaptop\AppData\Local\Programs\Python\Python313\Lib\site-packages\django\db\utils.py", line 91, in __exit__
    raise dj_exc_value.with_traceback(traceback) from exc_value
  File "C:\Users\AsusLaptop\AppData\Local\Programs\Python\Python313\Lib\site-packages\django\db\backends\utils.py", line 105, in _execute
    return self.cursor.execute(sql, params)
           ~~~~~~~~~~~~~~~~~~~^^^^^^^^^^^^^
  File "C:\Users\AsusLaptop\AppData\Local\Programs\Python\Python313\Lib\site-packages\django\db\backends\sqlite3\base.py", line 329, in execute
    return super().execute(query, params)
           ~~~~~~~~~~~~~~~^^^^^^^^^^^^^^^
django.db.utils.OperationalError: no such column: cafes_order.client_order_id
ERROR 2025-06-18 06:50:56,898 basehttp 3604 33608 "GET /api/orders/?cafe=1 HTTP/1.1" 500 26967
DEBUG 2025-06-18 06:50:57,358 middleware 3604 14500 Request from origin: http://localhost:3000
INFO 2025-06-18 06:50:57,360 views 3604 14500 Health check запрос от 127.0.0.1: ok
INFO 2025-06-18 06:50:57,361 basehttp 3604 14500 "GET /api/health/ HTTP/1.1" 200 250
DEBUG 2025-06-18 06:50:57,362 middleware 3604 14500 Request from origin: http://localhost:3000
DEBUG 2025-06-18 06:50:57,365 middleware 3604 37272 Request from origin: http://localhost:3000
INFO 2025-06-18 06:50:57,365 views 3604 14500 Health check запрос от 127.0.0.1: ok
INFO 2025-06-18 06:50:57,366 basehttp 3604 14500 "GET /api/health/ HTTP/1.1" 200 248
INFO 2025-06-18 06:50:57,368 basehttp 3604 37272 "GET /api/cities/ HTTP/1.1" 200 168
DEBUG 2025-06-18 06:50:57,368 middleware 3604 33608 Request from origin: http://localhost:3000
INFO 2025-06-18 06:50:57,373 basehttp 3604 33608 "GET /api/cafes/1/ HTTP/1.1" 200 447
DEBUG 2025-06-18 06:50:57,374 middleware 3604 33608 Request from origin: http://localhost:3000
INFO 2025-06-18 06:50:57,379 basehttp 3604 33608 "GET /api/cafes/1/ HTTP/1.1" 200 447
DEBUG 2025-06-18 06:50:57,384 middleware 3604 37272 Request from origin: http://localhost:3000
DEBUG 2025-06-18 06:50:57,384 middleware 3604 14500 Request from origin: http://localhost:3000
DEBUG 2025-06-18 06:50:57,385 middleware 3604 33608 Request from origin: http://localhost:3000
INFO 2025-06-18 06:50:57,392 basehttp 3604 14500 "GET /api/cities/ HTTP/1.1" 200 168
INFO 2025-06-18 06:50:57,393 basehttp 3604 37272 "GET /api/cafes/?city=1&t=1750200657381 HTTP/1.1" 200 499
DEBUG 2025-06-18 06:50:57,395 middleware 3604 14500 Request from origin: http://localhost:3000
INFO 2025-06-18 06:50:57,400 basehttp 3604 33608 "GET /api/cafes/1/statistics/ HTTP/1.1" 200 87
INFO 2025-06-18 06:50:57,401 basehttp 3604 14500 "GET /api/cafes/?city=1&t=1750200657393 HTTP/1.1" 200 499
DEBUG 2025-06-18 06:50:57,401 middleware 3604 33608 Request from origin: http://localhost:3000
INFO 2025-06-18 06:50:57,408 basehttp 3604 33608 "GET /api/cafes/1/statistics/ HTTP/1.1" 200 87
DEBUG 2025-06-18 06:50:57,409 middleware 3604 14500 Request from origin: http://localhost:3000
DEBUG 2025-06-18 06:50:57,410 middleware 3604 33608 Request from origin: http://localhost:3000
DEBUG 2025-06-18 06:50:57,419 views 3604 14500 Menu item: Шурпа, image: 'http://localhost:8000/media/menu_items/1ef19980-8e08-45b7-aff2-5292b5797aa9_kJopm0u.jpeg', image_full_url: 'http://localhost:8000/media/menu_items/1ef19980-8e08-45b7-aff2-5292b5797aa9_kJopm0u.jpeg'
INFO 2025-06-18 06:50:57,420 basehttp 3604 14500 "GET /api/menu-items/?cafe=1 HTTP/1.1" 200 471
DEBUG 2025-06-18 06:50:57,421 middleware 3604 14500 Request from origin: http://localhost:3000
DEBUG 2025-06-18 06:50:57,424 views 3604 14500 Menu item: Шурпа, image: 'http://localhost:8000/media/menu_items/1ef19980-8e08-45b7-aff2-5292b5797aa9_kJopm0u.jpeg', image_full_url: 'http://localhost:8000/media/menu_items/1ef19980-8e08-45b7-aff2-5292b5797aa9_kJopm0u.jpeg'
INFO 2025-06-18 06:50:57,426 basehttp 3604 14500 "GET /api/menu-items/?cafe=1 HTTP/1.1" 200 471
ERROR 2025-06-18 06:50:57,436 log 3604 33608 Internal Server Error: /api/orders/
Traceback (most recent call last):
  File "C:\Users\AsusLaptop\AppData\Local\Programs\Python\Python313\Lib\site-packages\django\db\backends\utils.py", line 105, in _execute
    return self.cursor.execute(sql, params)
           ~~~~~~~~~~~~~~~~~~~^^^^^^^^^^^^^
  File "C:\Users\AsusLaptop\AppData\Local\Programs\Python\Python313\Lib\site-packages\django\db\backends\sqlite3\base.py", line 329, in execute
    return super().execute(query, params)
           ~~~~~~~~~~~~~~~^^^^^^^^^^^^^^^
sqlite3.OperationalError: no such column: cafes_order.client_order_id

The above exception was the direct cause of the following exception:

Traceback (most recent call last):
  File "C:\Users\AsusLaptop\AppData\Local\Programs\Python\Python313\Lib\site-packages\django\core\handlers\exception.py", line 55, in inner
    response = get_response(request)
  File "C:\Users\AsusLaptop\AppData\Local\Programs\Python\Python313\Lib\site-packages\django\core\handlers\base.py", line 197, in _get_response
    response = wrapped_callback(request, *callback_args, **callback_kwargs)
  File "C:\Users\AsusLaptop\AppData\Local\Programs\Python\Python313\Lib\site-packages\django\views\decorators\csrf.py", line 65, in _view_wrapper
    return view_func(request, *args, **kwargs)
  File "C:\Users\AsusLaptop\AppData\Local\Programs\Python\Python313\Lib\site-packages\rest_framework\viewsets.py", line 125, in view
    return self.dispatch(request, *args, **kwargs)
           ~~~~~~~~~~~~~^^^^^^^^^^^^^^^^^^^^^^^^^^
  File "C:\Users\AsusLaptop\AppData\Local\Programs\Python\Python313\Lib\site-packages\rest_framework\views.py", line 509, in dispatch
    response = self.handle_exception(exc)
  File "C:\Users\AsusLaptop\AppData\Local\Programs\Python\Python313\Lib\site-packages\rest_framework\views.py", line 469, in handle_exception
    self.raise_uncaught_exception(exc)
    ~~~~~~~~~~~~~~~~~~~~~~~~~~~~~^^^^^
  File "C:\Users\AsusLaptop\AppData\Local\Programs\Python\Python313\Lib\site-packages\rest_framework\views.py", line 480, in raise_uncaught_exception
    raise exc
  File "C:\Users\AsusLaptop\AppData\Local\Programs\Python\Python313\Lib\site-packages\rest_framework\views.py", line 506, in dispatch
    response = handler(request, *args, **kwargs)
  File "C:\Users\AsusLaptop\AppData\Local\Programs\Python\Python313\Lib\site-packages\rest_framework\mixins.py", line 40, in list
    page = self.paginate_queryset(queryset)
  File "C:\Users\AsusLaptop\AppData\Local\Programs\Python\Python313\Lib\site-packages\rest_framework\generics.py", line 171, in paginate_queryset
    return self.paginator.paginate_queryset(queryset, self.request, view=self)
           ~~~~~~~~~~~~~~~~~~~~~~~~~~~~~~~~^^^^^^^^^^^^^^^^^^^^^^^^^^^^^^^^^^^
  File "C:\Users\AsusLaptop\AppData\Local\Programs\Python\Python313\Lib\site-packages\rest_framework\pagination.py", line 216, in paginate_queryset
    return list(self.page)
  File "C:\Users\AsusLaptop\AppData\Local\Programs\Python\Python313\Lib\site-packages\django\core\paginator.py", line 191, in __len__
    return len(self.object_list)
  File "C:\Users\AsusLaptop\AppData\Local\Programs\Python\Python313\Lib\site-packages\django\db\models\query.py", line 382, in __len__
    self._fetch_all()
    ~~~~~~~~~~~~~~~^^
  File "C:\Users\AsusLaptop\AppData\Local\Programs\Python\Python313\Lib\site-packages\django\db\models\query.py", line 1928, in _fetch_all
    self._result_cache = list(self._iterable_class(self))
                         ~~~~^^^^^^^^^^^^^^^^^^^^^^^^^^^^
  File "C:\Users\AsusLaptop\AppData\Local\Programs\Python\Python313\Lib\site-packages\django\db\models\query.py", line 91, in __iter__
    results = compiler.execute_sql(
        chunked_fetch=self.chunked_fetch, chunk_size=self.chunk_size
    )
  File "C:\Users\AsusLaptop\AppData\Local\Programs\Python\Python313\Lib\site-packages\django\db\models\sql\compiler.py", line 1562, in execute_sql
    cursor.execute(sql, params)
    ~~~~~~~~~~~~~~^^^^^^^^^^^^^
  File "C:\Users\AsusLaptop\AppData\Local\Programs\Python\Python313\Lib\site-packages\django\db\backends\utils.py", line 122, in execute
    return super().execute(sql, params)
           ~~~~~~~~~~~~~~~^^^^^^^^^^^^^
  File "C:\Users\AsusLaptop\AppData\Local\Programs\Python\Python313\Lib\site-packages\django\db\backends\utils.py", line 79, in execute
    return self._execute_with_wrappers(
           ~~~~~~~~~~~~~~~~~~~~~~~~~~~^
        sql, params, many=False, executor=self._execute
        ^^^^^^^^^^^^^^^^^^^^^^^^^^^^^^^^^^^^^^^^^^^^^^^
    )
    ^
  File "C:\Users\AsusLaptop\AppData\Local\Programs\Python\Python313\Lib\site-packages\django\db\backends\utils.py", line 92, in _execute_with_wrappers
    return executor(sql, params, many, context)
  File "C:\Users\AsusLaptop\AppData\Local\Programs\Python\Python313\Lib\site-packages\django\db\backends\utils.py", line 100, in _execute
    with self.db.wrap_database_errors:
         ^^^^^^^^^^^^^^^^^^^^^^^^^^^^
  File "C:\Users\AsusLaptop\AppData\Local\Programs\Python\Python313\Lib\site-packages\django\db\utils.py", line 91, in __exit__
    raise dj_exc_value.with_traceback(traceback) from exc_value
  File "C:\Users\AsusLaptop\AppData\Local\Programs\Python\Python313\Lib\site-packages\django\db\backends\utils.py", line 105, in _execute
    return self.cursor.execute(sql, params)
           ~~~~~~~~~~~~~~~~~~~^^^^^^^^^^^^^
  File "C:\Users\AsusLaptop\AppData\Local\Programs\Python\Python313\Lib\site-packages\django\db\backends\sqlite3\base.py", line 329, in execute
    return super().execute(query, params)
           ~~~~~~~~~~~~~~~^^^^^^^^^^^^^^^
django.db.utils.OperationalError: no such column: cafes_order.client_order_id
ERROR 2025-06-18 06:50:57,439 basehttp 3604 33608 "GET /api/orders/?cafe=1 HTTP/1.1" 500 26967
DEBUG 2025-06-18 06:50:57,440 middleware 3604 33608 Request from origin: http://localhost:3000
ERROR 2025-06-18 06:50:57,461 log 3604 33608 Internal Server Error: /api/orders/
Traceback (most recent call last):
  File "C:\Users\AsusLaptop\AppData\Local\Programs\Python\Python313\Lib\site-packages\django\db\backends\utils.py", line 105, in _execute
    return self.cursor.execute(sql, params)
           ~~~~~~~~~~~~~~~~~~~^^^^^^^^^^^^^
  File "C:\Users\AsusLaptop\AppData\Local\Programs\Python\Python313\Lib\site-packages\django\db\backends\sqlite3\base.py", line 329, in execute
    return super().execute(query, params)
           ~~~~~~~~~~~~~~~^^^^^^^^^^^^^^^
sqlite3.OperationalError: no such column: cafes_order.client_order_id

The above exception was the direct cause of the following exception:

Traceback (most recent call last):
  File "C:\Users\AsusLaptop\AppData\Local\Programs\Python\Python313\Lib\site-packages\django\core\handlers\exception.py", line 55, in inner
    response = get_response(request)
  File "C:\Users\AsusLaptop\AppData\Local\Programs\Python\Python313\Lib\site-packages\django\core\handlers\base.py", line 197, in _get_response
    response = wrapped_callback(request, *callback_args, **callback_kwargs)
  File "C:\Users\AsusLaptop\AppData\Local\Programs\Python\Python313\Lib\site-packages\django\views\decorators\csrf.py", line 65, in _view_wrapper
    return view_func(request, *args, **kwargs)
  File "C:\Users\AsusLaptop\AppData\Local\Programs\Python\Python313\Lib\site-packages\rest_framework\viewsets.py", line 125, in view
    return self.dispatch(request, *args, **kwargs)
           ~~~~~~~~~~~~~^^^^^^^^^^^^^^^^^^^^^^^^^^
  File "C:\Users\AsusLaptop\AppData\Local\Programs\Python\Python313\Lib\site-packages\rest_framework\views.py", line 509, in dispatch
    response = self.handle_exception(exc)
  File "C:\Users\AsusLaptop\AppData\Local\Programs\Python\Python313\Lib\site-packages\rest_framework\views.py", line 469, in handle_exception
    self.raise_uncaught_exception(exc)
    ~~~~~~~~~~~~~~~~~~~~~~~~~~~~~^^^^^
  File "C:\Users\AsusLaptop\AppData\Local\Programs\Python\Python313\Lib\site-packages\rest_framework\views.py", line 480, in raise_uncaught_exception
    raise exc
  File "C:\Users\AsusLaptop\AppData\Local\Programs\Python\Python313\Lib\site-packages\rest_framework\views.py", line 506, in dispatch
    response = handler(request, *args, **kwargs)
  File "C:\Users\AsusLaptop\AppData\Local\Programs\Python\Python313\Lib\site-packages\rest_framework\mixins.py", line 40, in list
    page = self.paginate_queryset(queryset)
  File "C:\Users\AsusLaptop\AppData\Local\Programs\Python\Python313\Lib\site-packages\rest_framework\generics.py", line 171, in paginate_queryset
    return self.paginator.paginate_queryset(queryset, self.request, view=self)
           ~~~~~~~~~~~~~~~~~~~~~~~~~~~~~~~~^^^^^^^^^^^^^^^^^^^^^^^^^^^^^^^^^^^
  File "C:\Users\AsusLaptop\AppData\Local\Programs\Python\Python313\Lib\site-packages\rest_framework\pagination.py", line 216, in paginate_queryset
    return list(self.page)
  File "C:\Users\AsusLaptop\AppData\Local\Programs\Python\Python313\Lib\site-packages\django\core\paginator.py", line 191, in __len__
    return len(self.object_list)
  File "C:\Users\AsusLaptop\AppData\Local\Programs\Python\Python313\Lib\site-packages\django\db\models\query.py", line 382, in __len__
    self._fetch_all()
    ~~~~~~~~~~~~~~~^^
  File "C:\Users\AsusLaptop\AppData\Local\Programs\Python\Python313\Lib\site-packages\django\db\models\query.py", line 1928, in _fetch_all
    self._result_cache = list(self._iterable_class(self))
                         ~~~~^^^^^^^^^^^^^^^^^^^^^^^^^^^^
  File "C:\Users\AsusLaptop\AppData\Local\Programs\Python\Python313\Lib\site-packages\django\db\models\query.py", line 91, in __iter__
    results = compiler.execute_sql(
        chunked_fetch=self.chunked_fetch, chunk_size=self.chunk_size
    )
  File "C:\Users\AsusLaptop\AppData\Local\Programs\Python\Python313\Lib\site-packages\django\db\models\sql\compiler.py", line 1562, in execute_sql
    cursor.execute(sql, params)
    ~~~~~~~~~~~~~~^^^^^^^^^^^^^
  File "C:\Users\AsusLaptop\AppData\Local\Programs\Python\Python313\Lib\site-packages\django\db\backends\utils.py", line 122, in execute
    return super().execute(sql, params)
           ~~~~~~~~~~~~~~~^^^^^^^^^^^^^
  File "C:\Users\AsusLaptop\AppData\Local\Programs\Python\Python313\Lib\site-packages\django\db\backends\utils.py", line 79, in execute
    return self._execute_with_wrappers(
           ~~~~~~~~~~~~~~~~~~~~~~~~~~~^
        sql, params, many=False, executor=self._execute
        ^^^^^^^^^^^^^^^^^^^^^^^^^^^^^^^^^^^^^^^^^^^^^^^
    )
    ^
  File "C:\Users\AsusLaptop\AppData\Local\Programs\Python\Python313\Lib\site-packages\django\db\backends\utils.py", line 92, in _execute_with_wrappers
    return executor(sql, params, many, context)
  File "C:\Users\AsusLaptop\AppData\Local\Programs\Python\Python313\Lib\site-packages\django\db\backends\utils.py", line 100, in _execute
    with self.db.wrap_database_errors:
         ^^^^^^^^^^^^^^^^^^^^^^^^^^^^
  File "C:\Users\AsusLaptop\AppData\Local\Programs\Python\Python313\Lib\site-packages\django\db\utils.py", line 91, in __exit__
    raise dj_exc_value.with_traceback(traceback) from exc_value
  File "C:\Users\AsusLaptop\AppData\Local\Programs\Python\Python313\Lib\site-packages\django\db\backends\utils.py", line 105, in _execute
    return self.cursor.execute(sql, params)
           ~~~~~~~~~~~~~~~~~~~^^^^^^^^^^^^^
  File "C:\Users\AsusLaptop\AppData\Local\Programs\Python\Python313\Lib\site-packages\django\db\backends\sqlite3\base.py", line 329, in execute
    return super().execute(query, params)
           ~~~~~~~~~~~~~~~^^^^^^^^^^^^^^^
django.db.utils.OperationalError: no such column: cafes_order.client_order_id
ERROR 2025-06-18 06:50:57,464 basehttp 3604 33608 "GET /api/orders/?cafe=1 HTTP/1.1" 500 26967
DEBUG 2025-06-18 06:50:57,695 middleware 3604 14500 Request from origin: http://localhost:3000
INFO 2025-06-18 06:50:57,698 views 3604 14500 Health check запрос от 127.0.0.1: ok
INFO 2025-06-18 06:50:57,698 basehttp 3604 14500 "GET /api/health/ HTTP/1.1" 200 250
DEBUG 2025-06-18 06:50:57,699 middleware 3604 14500 Request from origin: http://localhost:3000
INFO 2025-06-18 06:50:57,701 views 3604 14500 Health check запрос от 127.0.0.1: ok
INFO 2025-06-18 06:50:57,702 basehttp 3604 14500 "GET /api/health/ HTTP/1.1" 200 250
DEBUG 2025-06-18 06:50:57,703 middleware 3604 33608 Request from origin: http://localhost:3000
DEBUG 2025-06-18 06:50:57,704 middleware 3604 14500 Request from origin: http://localhost:3000
INFO 2025-06-18 06:50:57,709 basehttp 3604 14500 "GET /api/cities/ HTTP/1.1" 200 168
INFO 2025-06-18 06:50:57,709 basehttp 3604 33608 "GET /api/cafes/1/ HTTP/1.1" 200 447
DEBUG 2025-06-18 06:50:57,710 middleware 3604 14500 Request from origin: http://localhost:3000
DEBUG 2025-06-18 06:50:57,710 middleware 3604 33608 Request from origin: http://localhost:3000
INFO 2025-06-18 06:50:57,713 basehttp 3604 14500 "GET /api/cities/ HTTP/1.1" 200 168
INFO 2025-06-18 06:50:57,717 basehttp 3604 33608 "GET /api/cafes/1/ HTTP/1.1" 200 447
DEBUG 2025-06-18 06:50:57,718 middleware 3604 14500 Request from origin: http://localhost:3000
DEBUG 2025-06-18 06:50:57,720 middleware 3604 33608 Request from origin: http://localhost:3000
DEBUG 2025-06-18 06:50:57,723 middleware 3604 37272 Request from origin: http://localhost:3000
INFO 2025-06-18 06:50:57,727 basehttp 3604 14500 "GET /api/cafes/?city=1&t=1750200657716 HTTP/1.1" 200 499
DEBUG 2025-06-18 06:50:57,730 middleware 3604 14500 Request from origin: http://localhost:3000
INFO 2025-06-18 06:50:57,732 basehttp 3604 37272 "GET /api/cafes/?city=1&t=1750200657719 HTTP/1.1" 200 499
DEBUG 2025-06-18 06:50:57,734 views 3604 14500 Menu item: Шурпа, image: 'http://localhost:8000/media/menu_items/1ef19980-8e08-45b7-aff2-5292b5797aa9_kJopm0u.jpeg', image_full_url: 'http://localhost:8000/media/menu_items/1ef19980-8e08-45b7-aff2-5292b5797aa9_kJopm0u.jpeg'
INFO 2025-06-18 06:50:57,735 basehttp 3604 14500 "GET /api/menu-items/?cafe=1 HTTP/1.1" 200 471
INFO 2025-06-18 06:50:57,740 basehttp 3604 33608 "GET /api/cafes/1/statistics/ HTTP/1.1" 200 87
DEBUG 2025-06-18 06:50:57,742 middleware 3604 33608 Request from origin: http://localhost:3000
DEBUG 2025-06-18 06:50:57,746 middleware 3604 14500 Request from origin: http://localhost:3000
DEBUG 2025-06-18 06:50:57,746 middleware 3604 28108 Request from origin: http://localhost:3000
DEBUG 2025-06-18 06:50:57,752 views 3604 14500 Menu item: Шурпа, image: 'http://localhost:8000/media/menu_items/1ef19980-8e08-45b7-aff2-5292b5797aa9_kJopm0u.jpeg', image_full_url: 'http://localhost:8000/media/menu_items/1ef19980-8e08-45b7-aff2-5292b5797aa9_kJopm0u.jpeg'
INFO 2025-06-18 06:50:57,753 basehttp 3604 33608 "GET /api/cafes/1/statistics/ HTTP/1.1" 200 87
INFO 2025-06-18 06:50:57,754 basehttp 3604 14500 "GET /api/menu-items/?cafe=1 HTTP/1.1" 200 471
ERROR 2025-06-18 06:50:57,771 log 3604 28108 Internal Server Error: /api/orders/
Traceback (most recent call last):
  File "C:\Users\AsusLaptop\AppData\Local\Programs\Python\Python313\Lib\site-packages\django\db\backends\utils.py", line 105, in _execute
    return self.cursor.execute(sql, params)
           ~~~~~~~~~~~~~~~~~~~^^^^^^^^^^^^^
  File "C:\Users\AsusLaptop\AppData\Local\Programs\Python\Python313\Lib\site-packages\django\db\backends\sqlite3\base.py", line 329, in execute
    return super().execute(query, params)
           ~~~~~~~~~~~~~~~^^^^^^^^^^^^^^^
sqlite3.OperationalError: no such column: cafes_order.client_order_id

The above exception was the direct cause of the following exception:

Traceback (most recent call last):
  File "C:\Users\AsusLaptop\AppData\Local\Programs\Python\Python313\Lib\site-packages\django\core\handlers\exception.py", line 55, in inner
    response = get_response(request)
  File "C:\Users\AsusLaptop\AppData\Local\Programs\Python\Python313\Lib\site-packages\django\core\handlers\base.py", line 197, in _get_response
    response = wrapped_callback(request, *callback_args, **callback_kwargs)
  File "C:\Users\AsusLaptop\AppData\Local\Programs\Python\Python313\Lib\site-packages\django\views\decorators\csrf.py", line 65, in _view_wrapper
    return view_func(request, *args, **kwargs)
  File "C:\Users\AsusLaptop\AppData\Local\Programs\Python\Python313\Lib\site-packages\rest_framework\viewsets.py", line 125, in view
    return self.dispatch(request, *args, **kwargs)
           ~~~~~~~~~~~~~^^^^^^^^^^^^^^^^^^^^^^^^^^
  File "C:\Users\AsusLaptop\AppData\Local\Programs\Python\Python313\Lib\site-packages\rest_framework\views.py", line 509, in dispatch
    response = self.handle_exception(exc)
  File "C:\Users\AsusLaptop\AppData\Local\Programs\Python\Python313\Lib\site-packages\rest_framework\views.py", line 469, in handle_exception
    self.raise_uncaught_exception(exc)
    ~~~~~~~~~~~~~~~~~~~~~~~~~~~~~^^^^^
  File "C:\Users\AsusLaptop\AppData\Local\Programs\Python\Python313\Lib\site-packages\rest_framework\views.py", line 480, in raise_uncaught_exception
    raise exc
  File "C:\Users\AsusLaptop\AppData\Local\Programs\Python\Python313\Lib\site-packages\rest_framework\views.py", line 506, in dispatch
    response = handler(request, *args, **kwargs)
  File "C:\Users\AsusLaptop\AppData\Local\Programs\Python\Python313\Lib\site-packages\rest_framework\mixins.py", line 40, in list
    page = self.paginate_queryset(queryset)
  File "C:\Users\AsusLaptop\AppData\Local\Programs\Python\Python313\Lib\site-packages\rest_framework\generics.py", line 171, in paginate_queryset
    return self.paginator.paginate_queryset(queryset, self.request, view=self)
           ~~~~~~~~~~~~~~~~~~~~~~~~~~~~~~~~^^^^^^^^^^^^^^^^^^^^^^^^^^^^^^^^^^^
  File "C:\Users\AsusLaptop\AppData\Local\Programs\Python\Python313\Lib\site-packages\rest_framework\pagination.py", line 216, in paginate_queryset
    return list(self.page)
  File "C:\Users\AsusLaptop\AppData\Local\Programs\Python\Python313\Lib\site-packages\django\core\paginator.py", line 191, in __len__
    return len(self.object_list)
  File "C:\Users\AsusLaptop\AppData\Local\Programs\Python\Python313\Lib\site-packages\django\db\models\query.py", line 382, in __len__
    self._fetch_all()
    ~~~~~~~~~~~~~~~^^
  File "C:\Users\AsusLaptop\AppData\Local\Programs\Python\Python313\Lib\site-packages\django\db\models\query.py", line 1928, in _fetch_all
    self._result_cache = list(self._iterable_class(self))
                         ~~~~^^^^^^^^^^^^^^^^^^^^^^^^^^^^
  File "C:\Users\AsusLaptop\AppData\Local\Programs\Python\Python313\Lib\site-packages\django\db\models\query.py", line 91, in __iter__
    results = compiler.execute_sql(
        chunked_fetch=self.chunked_fetch, chunk_size=self.chunk_size
    )
  File "C:\Users\AsusLaptop\AppData\Local\Programs\Python\Python313\Lib\site-packages\django\db\models\sql\compiler.py", line 1562, in execute_sql
    cursor.execute(sql, params)
    ~~~~~~~~~~~~~~^^^^^^^^^^^^^
  File "C:\Users\AsusLaptop\AppData\Local\Programs\Python\Python313\Lib\site-packages\django\db\backends\utils.py", line 122, in execute
    return super().execute(sql, params)
           ~~~~~~~~~~~~~~~^^^^^^^^^^^^^
  File "C:\Users\AsusLaptop\AppData\Local\Programs\Python\Python313\Lib\site-packages\django\db\backends\utils.py", line 79, in execute
    return self._execute_with_wrappers(
           ~~~~~~~~~~~~~~~~~~~~~~~~~~~^
        sql, params, many=False, executor=self._execute
        ^^^^^^^^^^^^^^^^^^^^^^^^^^^^^^^^^^^^^^^^^^^^^^^
    )
    ^
  File "C:\Users\AsusLaptop\AppData\Local\Programs\Python\Python313\Lib\site-packages\django\db\backends\utils.py", line 92, in _execute_with_wrappers
    return executor(sql, params, many, context)
  File "C:\Users\AsusLaptop\AppData\Local\Programs\Python\Python313\Lib\site-packages\django\db\backends\utils.py", line 100, in _execute
    with self.db.wrap_database_errors:
         ^^^^^^^^^^^^^^^^^^^^^^^^^^^^
  File "C:\Users\AsusLaptop\AppData\Local\Programs\Python\Python313\Lib\site-packages\django\db\utils.py", line 91, in __exit__
    raise dj_exc_value.with_traceback(traceback) from exc_value
  File "C:\Users\AsusLaptop\AppData\Local\Programs\Python\Python313\Lib\site-packages\django\db\backends\utils.py", line 105, in _execute
    return self.cursor.execute(sql, params)
           ~~~~~~~~~~~~~~~~~~~^^^^^^^^^^^^^
  File "C:\Users\AsusLaptop\AppData\Local\Programs\Python\Python313\Lib\site-packages\django\db\backends\sqlite3\base.py", line 329, in execute
    return super().execute(query, params)
           ~~~~~~~~~~~~~~~^^^^^^^^^^^^^^^
django.db.utils.OperationalError: no such column: cafes_order.client_order_id
ERROR 2025-06-18 06:50:57,774 basehttp 3604 28108 "GET /api/orders/?cafe=1 HTTP/1.1" 500 26967
DEBUG 2025-06-18 06:50:57,776 middleware 3604 33608 Request from origin: http://localhost:3000
ERROR 2025-06-18 06:50:57,798 log 3604 33608 Internal Server Error: /api/orders/
Traceback (most recent call last):
  File "C:\Users\AsusLaptop\AppData\Local\Programs\Python\Python313\Lib\site-packages\django\db\backends\utils.py", line 105, in _execute
    return self.cursor.execute(sql, params)
           ~~~~~~~~~~~~~~~~~~~^^^^^^^^^^^^^
  File "C:\Users\AsusLaptop\AppData\Local\Programs\Python\Python313\Lib\site-packages\django\db\backends\sqlite3\base.py", line 329, in execute
    return super().execute(query, params)
           ~~~~~~~~~~~~~~~^^^^^^^^^^^^^^^
sqlite3.OperationalError: no such column: cafes_order.client_order_id

The above exception was the direct cause of the following exception:

Traceback (most recent call last):
  File "C:\Users\AsusLaptop\AppData\Local\Programs\Python\Python313\Lib\site-packages\django\core\handlers\exception.py", line 55, in inner
    response = get_response(request)
  File "C:\Users\AsusLaptop\AppData\Local\Programs\Python\Python313\Lib\site-packages\django\core\handlers\base.py", line 197, in _get_response
    response = wrapped_callback(request, *callback_args, **callback_kwargs)
  File "C:\Users\AsusLaptop\AppData\Local\Programs\Python\Python313\Lib\site-packages\django\views\decorators\csrf.py", line 65, in _view_wrapper
    return view_func(request, *args, **kwargs)
  File "C:\Users\AsusLaptop\AppData\Local\Programs\Python\Python313\Lib\site-packages\rest_framework\viewsets.py", line 125, in view
    return self.dispatch(request, *args, **kwargs)
           ~~~~~~~~~~~~~^^^^^^^^^^^^^^^^^^^^^^^^^^
  File "C:\Users\AsusLaptop\AppData\Local\Programs\Python\Python313\Lib\site-packages\rest_framework\views.py", line 509, in dispatch
    response = self.handle_exception(exc)
  File "C:\Users\AsusLaptop\AppData\Local\Programs\Python\Python313\Lib\site-packages\rest_framework\views.py", line 469, in handle_exception
    self.raise_uncaught_exception(exc)
    ~~~~~~~~~~~~~~~~~~~~~~~~~~~~~^^^^^
  File "C:\Users\AsusLaptop\AppData\Local\Programs\Python\Python313\Lib\site-packages\rest_framework\views.py", line 480, in raise_uncaught_exception
    raise exc
  File "C:\Users\AsusLaptop\AppData\Local\Programs\Python\Python313\Lib\site-packages\rest_framework\views.py", line 506, in dispatch
    response = handler(request, *args, **kwargs)
  File "C:\Users\AsusLaptop\AppData\Local\Programs\Python\Python313\Lib\site-packages\rest_framework\mixins.py", line 40, in list
    page = self.paginate_queryset(queryset)
  File "C:\Users\AsusLaptop\AppData\Local\Programs\Python\Python313\Lib\site-packages\rest_framework\generics.py", line 171, in paginate_queryset
    return self.paginator.paginate_queryset(queryset, self.request, view=self)
           ~~~~~~~~~~~~~~~~~~~~~~~~~~~~~~~~^^^^^^^^^^^^^^^^^^^^^^^^^^^^^^^^^^^
  File "C:\Users\AsusLaptop\AppData\Local\Programs\Python\Python313\Lib\site-packages\rest_framework\pagination.py", line 216, in paginate_queryset
    return list(self.page)
  File "C:\Users\AsusLaptop\AppData\Local\Programs\Python\Python313\Lib\site-packages\django\core\paginator.py", line 191, in __len__
    return len(self.object_list)
  File "C:\Users\AsusLaptop\AppData\Local\Programs\Python\Python313\Lib\site-packages\django\db\models\query.py", line 382, in __len__
    self._fetch_all()
    ~~~~~~~~~~~~~~~^^
  File "C:\Users\AsusLaptop\AppData\Local\Programs\Python\Python313\Lib\site-packages\django\db\models\query.py", line 1928, in _fetch_all
    self._result_cache = list(self._iterable_class(self))
                         ~~~~^^^^^^^^^^^^^^^^^^^^^^^^^^^^
  File "C:\Users\AsusLaptop\AppData\Local\Programs\Python\Python313\Lib\site-packages\django\db\models\query.py", line 91, in __iter__
    results = compiler.execute_sql(
        chunked_fetch=self.chunked_fetch, chunk_size=self.chunk_size
    )
  File "C:\Users\AsusLaptop\AppData\Local\Programs\Python\Python313\Lib\site-packages\django\db\models\sql\compiler.py", line 1562, in execute_sql
    cursor.execute(sql, params)
    ~~~~~~~~~~~~~~^^^^^^^^^^^^^
  File "C:\Users\AsusLaptop\AppData\Local\Programs\Python\Python313\Lib\site-packages\django\db\backends\utils.py", line 122, in execute
    return super().execute(sql, params)
           ~~~~~~~~~~~~~~~^^^^^^^^^^^^^
  File "C:\Users\AsusLaptop\AppData\Local\Programs\Python\Python313\Lib\site-packages\django\db\backends\utils.py", line 79, in execute
    return self._execute_with_wrappers(
           ~~~~~~~~~~~~~~~~~~~~~~~~~~~^
        sql, params, many=False, executor=self._execute
        ^^^^^^^^^^^^^^^^^^^^^^^^^^^^^^^^^^^^^^^^^^^^^^^
    )
    ^
  File "C:\Users\AsusLaptop\AppData\Local\Programs\Python\Python313\Lib\site-packages\django\db\backends\utils.py", line 92, in _execute_with_wrappers
    return executor(sql, params, many, context)
  File "C:\Users\AsusLaptop\AppData\Local\Programs\Python\Python313\Lib\site-packages\django\db\backends\utils.py", line 100, in _execute
    with self.db.wrap_database_errors:
         ^^^^^^^^^^^^^^^^^^^^^^^^^^^^
  File "C:\Users\AsusLaptop\AppData\Local\Programs\Python\Python313\Lib\site-packages\django\db\utils.py", line 91, in __exit__
    raise dj_exc_value.with_traceback(traceback) from exc_value
  File "C:\Users\AsusLaptop\AppData\Local\Programs\Python\Python313\Lib\site-packages\django\db\backends\utils.py", line 105, in _execute
    return self.cursor.execute(sql, params)
           ~~~~~~~~~~~~~~~~~~~^^^^^^^^^^^^^
  File "C:\Users\AsusLaptop\AppData\Local\Programs\Python\Python313\Lib\site-packages\django\db\backends\sqlite3\base.py", line 329, in execute
    return super().execute(query, params)
           ~~~~~~~~~~~~~~~^^^^^^^^^^^^^^^
django.db.utils.OperationalError: no such column: cafes_order.client_order_id
ERROR 2025-06-18 06:50:57,803 basehttp 3604 33608 "GET /api/orders/?cafe=1 HTTP/1.1" 500 26967
DEBUG 2025-06-18 06:50:58,013 middleware 3604 14500 Request from origin: http://localhost:3000
INFO 2025-06-18 06:50:58,016 views 3604 14500 Health check запрос от 127.0.0.1: ok
INFO 2025-06-18 06:50:58,016 basehttp 3604 14500 "GET /api/health/ HTTP/1.1" 200 249
DEBUG 2025-06-18 06:50:58,017 middleware 3604 14500 Request from origin: http://localhost:3000
INFO 2025-06-18 06:50:58,020 views 3604 14500 Health check запрос от 127.0.0.1: ok
DEBUG 2025-06-18 06:50:58,020 middleware 3604 33608 Request from origin: http://localhost:3000
DEBUG 2025-06-18 06:50:58,021 middleware 3604 37272 Request from origin: http://localhost:3000
INFO 2025-06-18 06:50:58,022 basehttp 3604 14500 "GET /api/health/ HTTP/1.1" 200 250
INFO 2025-06-18 06:50:58,026 basehttp 3604 37272 "GET /api/cities/ HTTP/1.1" 200 168
INFO 2025-06-18 06:50:58,027 basehttp 3604 33608 "GET /api/cafes/1/ HTTP/1.1" 200 447
DEBUG 2025-06-18 06:50:58,028 middleware 3604 33608 Request from origin: http://localhost:3000
INFO 2025-06-18 06:50:58,032 basehttp 3604 33608 "GET /api/cafes/1/ HTTP/1.1" 200 447
DEBUG 2025-06-18 06:50:58,034 middleware 3604 37272 Request from origin: http://localhost:3000
DEBUG 2025-06-18 06:50:58,037 middleware 3604 14500 Request from origin: http://localhost:3000
DEBUG 2025-06-18 06:50:58,038 middleware 3604 33608 Request from origin: http://localhost:3000
INFO 2025-06-18 06:50:58,039 basehttp 3604 37272 "GET /api/cities/ HTTP/1.1" 200 168
DEBUG 2025-06-18 06:50:58,042 middleware 3604 37272 Request from origin: http://localhost:3000
INFO 2025-06-18 06:50:58,050 basehttp 3604 14500 "GET /api/cafes/?city=1&t=1750200658033 HTTP/1.1" 200 499
INFO 2025-06-18 06:50:58,052 basehttp 3604 37272 "GET /api/cafes/?city=1&t=1750200658040 HTTP/1.1" 200 499
INFO 2025-06-18 06:50:58,052 basehttp 3604 33608 "GET /api/cafes/1/statistics/ HTTP/1.1" 200 87
DEBUG 2025-06-18 06:50:58,054 middleware 3604 33608 Request from origin: http://localhost:3000
INFO 2025-06-18 06:50:58,060 basehttp 3604 33608 "GET /api/cafes/1/statistics/ HTTP/1.1" 200 87
DEBUG 2025-06-18 06:50:58,061 middleware 3604 37272 Request from origin: http://localhost:3000
DEBUG 2025-06-18 06:50:58,062 middleware 3604 33608 Request from origin: http://localhost:3000
DEBUG 2025-06-18 06:50:58,066 views 3604 37272 Menu item: Шурпа, image: 'http://localhost:8000/media/menu_items/1ef19980-8e08-45b7-aff2-5292b5797aa9_kJopm0u.jpeg', image_full_url: 'http://localhost:8000/media/menu_items/1ef19980-8e08-45b7-aff2-5292b5797aa9_kJopm0u.jpeg'
INFO 2025-06-18 06:50:58,069 basehttp 3604 37272 "GET /api/menu-items/?cafe=1 HTTP/1.1" 200 471
DEBUG 2025-06-18 06:50:58,071 middleware 3604 37272 Request from origin: http://localhost:3000
DEBUG 2025-06-18 06:50:58,076 views 3604 37272 Menu item: Шурпа, image: 'http://localhost:8000/media/menu_items/1ef19980-8e08-45b7-aff2-5292b5797aa9_kJopm0u.jpeg', image_full_url: 'http://localhost:8000/media/menu_items/1ef19980-8e08-45b7-aff2-5292b5797aa9_kJopm0u.jpeg'
INFO 2025-06-18 06:50:58,077 basehttp 3604 37272 "GET /api/menu-items/?cafe=1 HTTP/1.1" 200 471
ERROR 2025-06-18 06:50:58,089 log 3604 33608 Internal Server Error: /api/orders/
Traceback (most recent call last):
  File "C:\Users\AsusLaptop\AppData\Local\Programs\Python\Python313\Lib\site-packages\django\db\backends\utils.py", line 105, in _execute
    return self.cursor.execute(sql, params)
           ~~~~~~~~~~~~~~~~~~~^^^^^^^^^^^^^
  File "C:\Users\AsusLaptop\AppData\Local\Programs\Python\Python313\Lib\site-packages\django\db\backends\sqlite3\base.py", line 329, in execute
    return super().execute(query, params)
           ~~~~~~~~~~~~~~~^^^^^^^^^^^^^^^
sqlite3.OperationalError: no such column: cafes_order.client_order_id

The above exception was the direct cause of the following exception:

Traceback (most recent call last):
  File "C:\Users\AsusLaptop\AppData\Local\Programs\Python\Python313\Lib\site-packages\django\core\handlers\exception.py", line 55, in inner
    response = get_response(request)
  File "C:\Users\AsusLaptop\AppData\Local\Programs\Python\Python313\Lib\site-packages\django\core\handlers\base.py", line 197, in _get_response
    response = wrapped_callback(request, *callback_args, **callback_kwargs)
  File "C:\Users\AsusLaptop\AppData\Local\Programs\Python\Python313\Lib\site-packages\django\views\decorators\csrf.py", line 65, in _view_wrapper
    return view_func(request, *args, **kwargs)
  File "C:\Users\AsusLaptop\AppData\Local\Programs\Python\Python313\Lib\site-packages\rest_framework\viewsets.py", line 125, in view
    return self.dispatch(request, *args, **kwargs)
           ~~~~~~~~~~~~~^^^^^^^^^^^^^^^^^^^^^^^^^^
  File "C:\Users\AsusLaptop\AppData\Local\Programs\Python\Python313\Lib\site-packages\rest_framework\views.py", line 509, in dispatch
    response = self.handle_exception(exc)
  File "C:\Users\AsusLaptop\AppData\Local\Programs\Python\Python313\Lib\site-packages\rest_framework\views.py", line 469, in handle_exception
    self.raise_uncaught_exception(exc)
    ~~~~~~~~~~~~~~~~~~~~~~~~~~~~~^^^^^
  File "C:\Users\AsusLaptop\AppData\Local\Programs\Python\Python313\Lib\site-packages\rest_framework\views.py", line 480, in raise_uncaught_exception
    raise exc
  File "C:\Users\AsusLaptop\AppData\Local\Programs\Python\Python313\Lib\site-packages\rest_framework\views.py", line 506, in dispatch
    response = handler(request, *args, **kwargs)
  File "C:\Users\AsusLaptop\AppData\Local\Programs\Python\Python313\Lib\site-packages\rest_framework\mixins.py", line 40, in list
    page = self.paginate_queryset(queryset)
  File "C:\Users\AsusLaptop\AppData\Local\Programs\Python\Python313\Lib\site-packages\rest_framework\generics.py", line 171, in paginate_queryset
    return self.paginator.paginate_queryset(queryset, self.request, view=self)
           ~~~~~~~~~~~~~~~~~~~~~~~~~~~~~~~~^^^^^^^^^^^^^^^^^^^^^^^^^^^^^^^^^^^
  File "C:\Users\AsusLaptop\AppData\Local\Programs\Python\Python313\Lib\site-packages\rest_framework\pagination.py", line 216, in paginate_queryset
    return list(self.page)
  File "C:\Users\AsusLaptop\AppData\Local\Programs\Python\Python313\Lib\site-packages\django\core\paginator.py", line 191, in __len__
    return len(self.object_list)
  File "C:\Users\AsusLaptop\AppData\Local\Programs\Python\Python313\Lib\site-packages\django\db\models\query.py", line 382, in __len__
    self._fetch_all()
    ~~~~~~~~~~~~~~~^^
  File "C:\Users\AsusLaptop\AppData\Local\Programs\Python\Python313\Lib\site-packages\django\db\models\query.py", line 1928, in _fetch_all
    self._result_cache = list(self._iterable_class(self))
                         ~~~~^^^^^^^^^^^^^^^^^^^^^^^^^^^^
  File "C:\Users\AsusLaptop\AppData\Local\Programs\Python\Python313\Lib\site-packages\django\db\models\query.py", line 91, in __iter__
    results = compiler.execute_sql(
        chunked_fetch=self.chunked_fetch, chunk_size=self.chunk_size
    )
  File "C:\Users\AsusLaptop\AppData\Local\Programs\Python\Python313\Lib\site-packages\django\db\models\sql\compiler.py", line 1562, in execute_sql
    cursor.execute(sql, params)
    ~~~~~~~~~~~~~~^^^^^^^^^^^^^
  File "C:\Users\AsusLaptop\AppData\Local\Programs\Python\Python313\Lib\site-packages\django\db\backends\utils.py", line 122, in execute
    return super().execute(sql, params)
           ~~~~~~~~~~~~~~~^^^^^^^^^^^^^
  File "C:\Users\AsusLaptop\AppData\Local\Programs\Python\Python313\Lib\site-packages\django\db\backends\utils.py", line 79, in execute
    return self._execute_with_wrappers(
           ~~~~~~~~~~~~~~~~~~~~~~~~~~~^
        sql, params, many=False, executor=self._execute
        ^^^^^^^^^^^^^^^^^^^^^^^^^^^^^^^^^^^^^^^^^^^^^^^
    )
    ^
  File "C:\Users\AsusLaptop\AppData\Local\Programs\Python\Python313\Lib\site-packages\django\db\backends\utils.py", line 92, in _execute_with_wrappers
    return executor(sql, params, many, context)
  File "C:\Users\AsusLaptop\AppData\Local\Programs\Python\Python313\Lib\site-packages\django\db\backends\utils.py", line 100, in _execute
    with self.db.wrap_database_errors:
         ^^^^^^^^^^^^^^^^^^^^^^^^^^^^
  File "C:\Users\AsusLaptop\AppData\Local\Programs\Python\Python313\Lib\site-packages\django\db\utils.py", line 91, in __exit__
    raise dj_exc_value.with_traceback(traceback) from exc_value
  File "C:\Users\AsusLaptop\AppData\Local\Programs\Python\Python313\Lib\site-packages\django\db\backends\utils.py", line 105, in _execute
    return self.cursor.execute(sql, params)
           ~~~~~~~~~~~~~~~~~~~^^^^^^^^^^^^^
  File "C:\Users\AsusLaptop\AppData\Local\Programs\Python\Python313\Lib\site-packages\django\db\backends\sqlite3\base.py", line 329, in execute
    return super().execute(query, params)
           ~~~~~~~~~~~~~~~^^^^^^^^^^^^^^^
django.db.utils.OperationalError: no such column: cafes_order.client_order_id
ERROR 2025-06-18 06:50:58,092 basehttp 3604 33608 "GET /api/orders/?cafe=1 HTTP/1.1" 500 26967
DEBUG 2025-06-18 06:50:58,094 middleware 3604 33608 Request from origin: http://localhost:3000
ERROR 2025-06-18 06:50:58,113 log 3604 33608 Internal Server Error: /api/orders/
Traceback (most recent call last):
  File "C:\Users\AsusLaptop\AppData\Local\Programs\Python\Python313\Lib\site-packages\django\db\backends\utils.py", line 105, in _execute
    return self.cursor.execute(sql, params)
           ~~~~~~~~~~~~~~~~~~~^^^^^^^^^^^^^
  File "C:\Users\AsusLaptop\AppData\Local\Programs\Python\Python313\Lib\site-packages\django\db\backends\sqlite3\base.py", line 329, in execute
    return super().execute(query, params)
           ~~~~~~~~~~~~~~~^^^^^^^^^^^^^^^
sqlite3.OperationalError: no such column: cafes_order.client_order_id

The above exception was the direct cause of the following exception:

Traceback (most recent call last):
  File "C:\Users\AsusLaptop\AppData\Local\Programs\Python\Python313\Lib\site-packages\django\core\handlers\exception.py", line 55, in inner
    response = get_response(request)
  File "C:\Users\AsusLaptop\AppData\Local\Programs\Python\Python313\Lib\site-packages\django\core\handlers\base.py", line 197, in _get_response
    response = wrapped_callback(request, *callback_args, **callback_kwargs)
  File "C:\Users\AsusLaptop\AppData\Local\Programs\Python\Python313\Lib\site-packages\django\views\decorators\csrf.py", line 65, in _view_wrapper
    return view_func(request, *args, **kwargs)
  File "C:\Users\AsusLaptop\AppData\Local\Programs\Python\Python313\Lib\site-packages\rest_framework\viewsets.py", line 125, in view
    return self.dispatch(request, *args, **kwargs)
           ~~~~~~~~~~~~~^^^^^^^^^^^^^^^^^^^^^^^^^^
  File "C:\Users\AsusLaptop\AppData\Local\Programs\Python\Python313\Lib\site-packages\rest_framework\views.py", line 509, in dispatch
    response = self.handle_exception(exc)
  File "C:\Users\AsusLaptop\AppData\Local\Programs\Python\Python313\Lib\site-packages\rest_framework\views.py", line 469, in handle_exception
    self.raise_uncaught_exception(exc)
    ~~~~~~~~~~~~~~~~~~~~~~~~~~~~~^^^^^
  File "C:\Users\AsusLaptop\AppData\Local\Programs\Python\Python313\Lib\site-packages\rest_framework\views.py", line 480, in raise_uncaught_exception
    raise exc
  File "C:\Users\AsusLaptop\AppData\Local\Programs\Python\Python313\Lib\site-packages\rest_framework\views.py", line 506, in dispatch
    response = handler(request, *args, **kwargs)
  File "C:\Users\AsusLaptop\AppData\Local\Programs\Python\Python313\Lib\site-packages\rest_framework\mixins.py", line 40, in list
    page = self.paginate_queryset(queryset)
  File "C:\Users\AsusLaptop\AppData\Local\Programs\Python\Python313\Lib\site-packages\rest_framework\generics.py", line 171, in paginate_queryset
    return self.paginator.paginate_queryset(queryset, self.request, view=self)
           ~~~~~~~~~~~~~~~~~~~~~~~~~~~~~~~~^^^^^^^^^^^^^^^^^^^^^^^^^^^^^^^^^^^
  File "C:\Users\AsusLaptop\AppData\Local\Programs\Python\Python313\Lib\site-packages\rest_framework\pagination.py", line 216, in paginate_queryset
    return list(self.page)
  File "C:\Users\AsusLaptop\AppData\Local\Programs\Python\Python313\Lib\site-packages\django\core\paginator.py", line 191, in __len__
    return len(self.object_list)
  File "C:\Users\AsusLaptop\AppData\Local\Programs\Python\Python313\Lib\site-packages\django\db\models\query.py", line 382, in __len__
    self._fetch_all()
    ~~~~~~~~~~~~~~~^^
  File "C:\Users\AsusLaptop\AppData\Local\Programs\Python\Python313\Lib\site-packages\django\db\models\query.py", line 1928, in _fetch_all
    self._result_cache = list(self._iterable_class(self))
                         ~~~~^^^^^^^^^^^^^^^^^^^^^^^^^^^^
  File "C:\Users\AsusLaptop\AppData\Local\Programs\Python\Python313\Lib\site-packages\django\db\models\query.py", line 91, in __iter__
    results = compiler.execute_sql(
        chunked_fetch=self.chunked_fetch, chunk_size=self.chunk_size
    )
  File "C:\Users\AsusLaptop\AppData\Local\Programs\Python\Python313\Lib\site-packages\django\db\models\sql\compiler.py", line 1562, in execute_sql
    cursor.execute(sql, params)
    ~~~~~~~~~~~~~~^^^^^^^^^^^^^
  File "C:\Users\AsusLaptop\AppData\Local\Programs\Python\Python313\Lib\site-packages\django\db\backends\utils.py", line 122, in execute
    return super().execute(sql, params)
           ~~~~~~~~~~~~~~~^^^^^^^^^^^^^
  File "C:\Users\AsusLaptop\AppData\Local\Programs\Python\Python313\Lib\site-packages\django\db\backends\utils.py", line 79, in execute
    return self._execute_with_wrappers(
           ~~~~~~~~~~~~~~~~~~~~~~~~~~~^
        sql, params, many=False, executor=self._execute
        ^^^^^^^^^^^^^^^^^^^^^^^^^^^^^^^^^^^^^^^^^^^^^^^
    )
    ^
  File "C:\Users\AsusLaptop\AppData\Local\Programs\Python\Python313\Lib\site-packages\django\db\backends\utils.py", line 92, in _execute_with_wrappers
    return executor(sql, params, many, context)
  File "C:\Users\AsusLaptop\AppData\Local\Programs\Python\Python313\Lib\site-packages\django\db\backends\utils.py", line 100, in _execute
    with self.db.wrap_database_errors:
         ^^^^^^^^^^^^^^^^^^^^^^^^^^^^
  File "C:\Users\AsusLaptop\AppData\Local\Programs\Python\Python313\Lib\site-packages\django\db\utils.py", line 91, in __exit__
    raise dj_exc_value.with_traceback(traceback) from exc_value
  File "C:\Users\AsusLaptop\AppData\Local\Programs\Python\Python313\Lib\site-packages\django\db\backends\utils.py", line 105, in _execute
    return self.cursor.execute(sql, params)
           ~~~~~~~~~~~~~~~~~~~^^^^^^^^^^^^^
  File "C:\Users\AsusLaptop\AppData\Local\Programs\Python\Python313\Lib\site-packages\django\db\backends\sqlite3\base.py", line 329, in execute
    return super().execute(query, params)
           ~~~~~~~~~~~~~~~^^^^^^^^^^^^^^^
django.db.utils.OperationalError: no such column: cafes_order.client_order_id
ERROR 2025-06-18 06:50:58,117 basehttp 3604 33608 "GET /api/orders/?cafe=1 HTTP/1.1" 500 26967
DEBUG 2025-06-18 06:51:05,293 middleware 3604 37272 Request from origin: http://localhost:3000
INFO 2025-06-18 06:51:05,296 views 3604 37272 Health check запрос от 127.0.0.1: ok
INFO 2025-06-18 06:51:05,297 basehttp 3604 37272 "GET /api/health/ HTTP/1.1" 200 249
DEBUG 2025-06-18 06:51:05,300 middleware 3604 37272 Request from origin: http://localhost:3000
INFO 2025-06-18 06:51:05,303 views 3604 37272 Health check запрос от 127.0.0.1: ok
INFO 2025-06-18 06:51:05,304 basehttp 3604 37272 "GET /api/health/ HTTP/1.1" 200 250
DEBUG 2025-06-18 06:51:05,306 middleware 3604 37272 Request from origin: http://localhost:3000
INFO 2025-06-18 06:51:05,310 basehttp 3604 37272 "GET /api/cities/ HTTP/1.1" 200 168
DEBUG 2025-06-18 06:51:05,315 middleware 3604 33608 Request from origin: http://localhost:3000
INFO 2025-06-18 06:51:05,320 basehttp 3604 33608 "GET /api/cafes/1/ HTTP/1.1" 200 447
DEBUG 2025-06-18 06:51:05,322 middleware 3604 33608 Request from origin: http://localhost:3000
INFO 2025-06-18 06:51:05,326 basehttp 3604 33608 "GET /api/cafes/1/ HTTP/1.1" 200 447
DEBUG 2025-06-18 06:51:05,384 middleware 3604 37272 Request from origin: http://localhost:3000
DEBUG 2025-06-18 06:51:05,387 middleware 3604 14500 Request from origin: http://localhost:3000
DEBUG 2025-06-18 06:51:05,388 middleware 3604 33608 Request from origin: http://localhost:3000
INFO 2025-06-18 06:51:05,390 basehttp 3604 37272 "GET /api/cities/ HTTP/1.1" 200 168
DEBUG 2025-06-18 06:51:05,396 middleware 3604 37272 Request from origin: http://localhost:3000
INFO 2025-06-18 06:51:05,401 basehttp 3604 14500 "GET /api/cafes/?city=1&t=1750200665384 HTTP/1.1" 200 499
DEBUG 2025-06-18 06:51:05,405 middleware 3604 14500 Request from origin: http://localhost:3000
INFO 2025-06-18 06:51:05,409 basehttp 3604 33608 "GET /api/cafes/1/statistics/ HTTP/1.1" 200 87
INFO 2025-06-18 06:51:05,410 basehttp 3604 37272 "GET /api/cafes/?city=1&t=1750200665393 HTTP/1.1" 200 499
DEBUG 2025-06-18 06:51:05,411 views 3604 14500 Menu item: Шурпа, image: 'http://localhost:8000/media/menu_items/1ef19980-8e08-45b7-aff2-5292b5797aa9_kJopm0u.jpeg', image_full_url: 'http://localhost:8000/media/menu_items/1ef19980-8e08-45b7-aff2-5292b5797aa9_kJopm0u.jpeg'
DEBUG 2025-06-18 06:51:05,412 middleware 3604 33608 Request from origin: http://localhost:3000
INFO 2025-06-18 06:51:05,413 basehttp 3604 14500 "GET /api/menu-items/?cafe=1 HTTP/1.1" 200 471
INFO 2025-06-18 06:51:05,418 basehttp 3604 33608 "GET /api/cafes/1/statistics/ HTTP/1.1" 200 87
DEBUG 2025-06-18 06:51:05,421 middleware 3604 33608 Request from origin: http://localhost:3000
DEBUG 2025-06-18 06:51:05,423 middleware 3604 14500 Request from origin: http://localhost:3000
DEBUG 2025-06-18 06:51:05,430 views 3604 14500 Menu item: Шурпа, image: 'http://localhost:8000/media/menu_items/1ef19980-8e08-45b7-aff2-5292b5797aa9_kJopm0u.jpeg', image_full_url: 'http://localhost:8000/media/menu_items/1ef19980-8e08-45b7-aff2-5292b5797aa9_kJopm0u.jpeg'
INFO 2025-06-18 06:51:05,433 basehttp 3604 14500 "GET /api/menu-items/?cafe=1 HTTP/1.1" 200 471
ERROR 2025-06-18 06:51:05,453 log 3604 33608 Internal Server Error: /api/orders/
Traceback (most recent call last):
  File "C:\Users\AsusLaptop\AppData\Local\Programs\Python\Python313\Lib\site-packages\django\db\backends\utils.py", line 105, in _execute
    return self.cursor.execute(sql, params)
           ~~~~~~~~~~~~~~~~~~~^^^^^^^^^^^^^
  File "C:\Users\AsusLaptop\AppData\Local\Programs\Python\Python313\Lib\site-packages\django\db\backends\sqlite3\base.py", line 329, in execute
    return super().execute(query, params)
           ~~~~~~~~~~~~~~~^^^^^^^^^^^^^^^
sqlite3.OperationalError: no such column: cafes_order.client_order_id

The above exception was the direct cause of the following exception:

Traceback (most recent call last):
  File "C:\Users\AsusLaptop\AppData\Local\Programs\Python\Python313\Lib\site-packages\django\core\handlers\exception.py", line 55, in inner
    response = get_response(request)
  File "C:\Users\AsusLaptop\AppData\Local\Programs\Python\Python313\Lib\site-packages\django\core\handlers\base.py", line 197, in _get_response
    response = wrapped_callback(request, *callback_args, **callback_kwargs)
  File "C:\Users\AsusLaptop\AppData\Local\Programs\Python\Python313\Lib\site-packages\django\views\decorators\csrf.py", line 65, in _view_wrapper
    return view_func(request, *args, **kwargs)
  File "C:\Users\AsusLaptop\AppData\Local\Programs\Python\Python313\Lib\site-packages\rest_framework\viewsets.py", line 125, in view
    return self.dispatch(request, *args, **kwargs)
           ~~~~~~~~~~~~~^^^^^^^^^^^^^^^^^^^^^^^^^^
  File "C:\Users\AsusLaptop\AppData\Local\Programs\Python\Python313\Lib\site-packages\rest_framework\views.py", line 509, in dispatch
    response = self.handle_exception(exc)
  File "C:\Users\AsusLaptop\AppData\Local\Programs\Python\Python313\Lib\site-packages\rest_framework\views.py", line 469, in handle_exception
    self.raise_uncaught_exception(exc)
    ~~~~~~~~~~~~~~~~~~~~~~~~~~~~~^^^^^
  File "C:\Users\AsusLaptop\AppData\Local\Programs\Python\Python313\Lib\site-packages\rest_framework\views.py", line 480, in raise_uncaught_exception
    raise exc
  File "C:\Users\AsusLaptop\AppData\Local\Programs\Python\Python313\Lib\site-packages\rest_framework\views.py", line 506, in dispatch
    response = handler(request, *args, **kwargs)
  File "C:\Users\AsusLaptop\AppData\Local\Programs\Python\Python313\Lib\site-packages\rest_framework\mixins.py", line 40, in list
    page = self.paginate_queryset(queryset)
  File "C:\Users\AsusLaptop\AppData\Local\Programs\Python\Python313\Lib\site-packages\rest_framework\generics.py", line 171, in paginate_queryset
    return self.paginator.paginate_queryset(queryset, self.request, view=self)
           ~~~~~~~~~~~~~~~~~~~~~~~~~~~~~~~~^^^^^^^^^^^^^^^^^^^^^^^^^^^^^^^^^^^
  File "C:\Users\AsusLaptop\AppData\Local\Programs\Python\Python313\Lib\site-packages\rest_framework\pagination.py", line 216, in paginate_queryset
    return list(self.page)
  File "C:\Users\AsusLaptop\AppData\Local\Programs\Python\Python313\Lib\site-packages\django\core\paginator.py", line 191, in __len__
    return len(self.object_list)
  File "C:\Users\AsusLaptop\AppData\Local\Programs\Python\Python313\Lib\site-packages\django\db\models\query.py", line 382, in __len__
    self._fetch_all()
    ~~~~~~~~~~~~~~~^^
  File "C:\Users\AsusLaptop\AppData\Local\Programs\Python\Python313\Lib\site-packages\django\db\models\query.py", line 1928, in _fetch_all
    self._result_cache = list(self._iterable_class(self))
                         ~~~~^^^^^^^^^^^^^^^^^^^^^^^^^^^^
  File "C:\Users\AsusLaptop\AppData\Local\Programs\Python\Python313\Lib\site-packages\django\db\models\query.py", line 91, in __iter__
    results = compiler.execute_sql(
        chunked_fetch=self.chunked_fetch, chunk_size=self.chunk_size
    )
  File "C:\Users\AsusLaptop\AppData\Local\Programs\Python\Python313\Lib\site-packages\django\db\models\sql\compiler.py", line 1562, in execute_sql
    cursor.execute(sql, params)
    ~~~~~~~~~~~~~~^^^^^^^^^^^^^
  File "C:\Users\AsusLaptop\AppData\Local\Programs\Python\Python313\Lib\site-packages\django\db\backends\utils.py", line 122, in execute
    return super().execute(sql, params)
           ~~~~~~~~~~~~~~~^^^^^^^^^^^^^
  File "C:\Users\AsusLaptop\AppData\Local\Programs\Python\Python313\Lib\site-packages\django\db\backends\utils.py", line 79, in execute
    return self._execute_with_wrappers(
           ~~~~~~~~~~~~~~~~~~~~~~~~~~~^
        sql, params, many=False, executor=self._execute
        ^^^^^^^^^^^^^^^^^^^^^^^^^^^^^^^^^^^^^^^^^^^^^^^
    )
    ^
  File "C:\Users\AsusLaptop\AppData\Local\Programs\Python\Python313\Lib\site-packages\django\db\backends\utils.py", line 92, in _execute_with_wrappers
    return executor(sql, params, many, context)
  File "C:\Users\AsusLaptop\AppData\Local\Programs\Python\Python313\Lib\site-packages\django\db\backends\utils.py", line 100, in _execute
    with self.db.wrap_database_errors:
         ^^^^^^^^^^^^^^^^^^^^^^^^^^^^
  File "C:\Users\AsusLaptop\AppData\Local\Programs\Python\Python313\Lib\site-packages\django\db\utils.py", line 91, in __exit__
    raise dj_exc_value.with_traceback(traceback) from exc_value
  File "C:\Users\AsusLaptop\AppData\Local\Programs\Python\Python313\Lib\site-packages\django\db\backends\utils.py", line 105, in _execute
    return self.cursor.execute(sql, params)
           ~~~~~~~~~~~~~~~~~~~^^^^^^^^^^^^^
  File "C:\Users\AsusLaptop\AppData\Local\Programs\Python\Python313\Lib\site-packages\django\db\backends\sqlite3\base.py", line 329, in execute
    return super().execute(query, params)
           ~~~~~~~~~~~~~~~^^^^^^^^^^^^^^^
django.db.utils.OperationalError: no such column: cafes_order.client_order_id
ERROR 2025-06-18 06:51:05,459 basehttp 3604 33608 "GET /api/orders/?cafe=1 HTTP/1.1" 500 26967
DEBUG 2025-06-18 06:51:05,461 middleware 3604 33608 Request from origin: http://localhost:3000
ERROR 2025-06-18 06:51:05,486 log 3604 33608 Internal Server Error: /api/orders/
Traceback (most recent call last):
  File "C:\Users\AsusLaptop\AppData\Local\Programs\Python\Python313\Lib\site-packages\django\db\backends\utils.py", line 105, in _execute
    return self.cursor.execute(sql, params)
           ~~~~~~~~~~~~~~~~~~~^^^^^^^^^^^^^
  File "C:\Users\AsusLaptop\AppData\Local\Programs\Python\Python313\Lib\site-packages\django\db\backends\sqlite3\base.py", line 329, in execute
    return super().execute(query, params)
           ~~~~~~~~~~~~~~~^^^^^^^^^^^^^^^
sqlite3.OperationalError: no such column: cafes_order.client_order_id

The above exception was the direct cause of the following exception:

Traceback (most recent call last):
  File "C:\Users\AsusLaptop\AppData\Local\Programs\Python\Python313\Lib\site-packages\django\core\handlers\exception.py", line 55, in inner
    response = get_response(request)
  File "C:\Users\AsusLaptop\AppData\Local\Programs\Python\Python313\Lib\site-packages\django\core\handlers\base.py", line 197, in _get_response
    response = wrapped_callback(request, *callback_args, **callback_kwargs)
  File "C:\Users\AsusLaptop\AppData\Local\Programs\Python\Python313\Lib\site-packages\django\views\decorators\csrf.py", line 65, in _view_wrapper
    return view_func(request, *args, **kwargs)
  File "C:\Users\AsusLaptop\AppData\Local\Programs\Python\Python313\Lib\site-packages\rest_framework\viewsets.py", line 125, in view
    return self.dispatch(request, *args, **kwargs)
           ~~~~~~~~~~~~~^^^^^^^^^^^^^^^^^^^^^^^^^^
  File "C:\Users\AsusLaptop\AppData\Local\Programs\Python\Python313\Lib\site-packages\rest_framework\views.py", line 509, in dispatch
    response = self.handle_exception(exc)
  File "C:\Users\AsusLaptop\AppData\Local\Programs\Python\Python313\Lib\site-packages\rest_framework\views.py", line 469, in handle_exception
    self.raise_uncaught_exception(exc)
    ~~~~~~~~~~~~~~~~~~~~~~~~~~~~~^^^^^
  File "C:\Users\AsusLaptop\AppData\Local\Programs\Python\Python313\Lib\site-packages\rest_framework\views.py", line 480, in raise_uncaught_exception
    raise exc
  File "C:\Users\AsusLaptop\AppData\Local\Programs\Python\Python313\Lib\site-packages\rest_framework\views.py", line 506, in dispatch
    response = handler(request, *args, **kwargs)
  File "C:\Users\AsusLaptop\AppData\Local\Programs\Python\Python313\Lib\site-packages\rest_framework\mixins.py", line 40, in list
    page = self.paginate_queryset(queryset)
  File "C:\Users\AsusLaptop\AppData\Local\Programs\Python\Python313\Lib\site-packages\rest_framework\generics.py", line 171, in paginate_queryset
    return self.paginator.paginate_queryset(queryset, self.request, view=self)
           ~~~~~~~~~~~~~~~~~~~~~~~~~~~~~~~~^^^^^^^^^^^^^^^^^^^^^^^^^^^^^^^^^^^
  File "C:\Users\AsusLaptop\AppData\Local\Programs\Python\Python313\Lib\site-packages\rest_framework\pagination.py", line 216, in paginate_queryset
    return list(self.page)
  File "C:\Users\AsusLaptop\AppData\Local\Programs\Python\Python313\Lib\site-packages\django\core\paginator.py", line 191, in __len__
    return len(self.object_list)
  File "C:\Users\AsusLaptop\AppData\Local\Programs\Python\Python313\Lib\site-packages\django\db\models\query.py", line 382, in __len__
    self._fetch_all()
    ~~~~~~~~~~~~~~~^^
  File "C:\Users\AsusLaptop\AppData\Local\Programs\Python\Python313\Lib\site-packages\django\db\models\query.py", line 1928, in _fetch_all
    self._result_cache = list(self._iterable_class(self))
                         ~~~~^^^^^^^^^^^^^^^^^^^^^^^^^^^^
  File "C:\Users\AsusLaptop\AppData\Local\Programs\Python\Python313\Lib\site-packages\django\db\models\query.py", line 91, in __iter__
    results = compiler.execute_sql(
        chunked_fetch=self.chunked_fetch, chunk_size=self.chunk_size
    )
  File "C:\Users\AsusLaptop\AppData\Local\Programs\Python\Python313\Lib\site-packages\django\db\models\sql\compiler.py", line 1562, in execute_sql
    cursor.execute(sql, params)
    ~~~~~~~~~~~~~~^^^^^^^^^^^^^
  File "C:\Users\AsusLaptop\AppData\Local\Programs\Python\Python313\Lib\site-packages\django\db\backends\utils.py", line 122, in execute
    return super().execute(sql, params)
           ~~~~~~~~~~~~~~~^^^^^^^^^^^^^
  File "C:\Users\AsusLaptop\AppData\Local\Programs\Python\Python313\Lib\site-packages\django\db\backends\utils.py", line 79, in execute
    return self._execute_with_wrappers(
           ~~~~~~~~~~~~~~~~~~~~~~~~~~~^
        sql, params, many=False, executor=self._execute
        ^^^^^^^^^^^^^^^^^^^^^^^^^^^^^^^^^^^^^^^^^^^^^^^
    )
    ^
  File "C:\Users\AsusLaptop\AppData\Local\Programs\Python\Python313\Lib\site-packages\django\db\backends\utils.py", line 92, in _execute_with_wrappers
    return executor(sql, params, many, context)
  File "C:\Users\AsusLaptop\AppData\Local\Programs\Python\Python313\Lib\site-packages\django\db\backends\utils.py", line 100, in _execute
    with self.db.wrap_database_errors:
         ^^^^^^^^^^^^^^^^^^^^^^^^^^^^
  File "C:\Users\AsusLaptop\AppData\Local\Programs\Python\Python313\Lib\site-packages\django\db\utils.py", line 91, in __exit__
    raise dj_exc_value.with_traceback(traceback) from exc_value
  File "C:\Users\AsusLaptop\AppData\Local\Programs\Python\Python313\Lib\site-packages\django\db\backends\utils.py", line 105, in _execute
    return self.cursor.execute(sql, params)
           ~~~~~~~~~~~~~~~~~~~^^^^^^^^^^^^^
  File "C:\Users\AsusLaptop\AppData\Local\Programs\Python\Python313\Lib\site-packages\django\db\backends\sqlite3\base.py", line 329, in execute
    return super().execute(query, params)
           ~~~~~~~~~~~~~~~^^^^^^^^^^^^^^^
django.db.utils.OperationalError: no such column: cafes_order.client_order_id
ERROR 2025-06-18 06:51:05,490 basehttp 3604 33608 "GET /api/orders/?cafe=1 HTTP/1.1" 500 26967
INFO 2025-06-18 06:55:57,115 autoreload 11648 14084 Watching for file changes with StatReloader
INFO 2025-06-18 06:55:57,532 middleware 11648 29884 CORS Middleware initialized with allowed origins: ['http://localhost', 'http://localhost:3000', 'http://localhost:80', 'http://127.0.0.1', 'http://127.0.0.1:3000', 'http://127.0.0.1:80', 'http://frontend', 'http://localhost:3001', 'http://127.0.0.1:3001', 'http://localhost:8000', 'http://127.0.0.1:8000', 'https://ec4db675c64c9f.lhr.life']
INFO 2025-06-18 06:55:57,532 middleware 11648 29884 Custom CSRF Middleware initialized with exempt paths: ['/api/auth/login/', '/api/auth/csrf/']
DEBUG 2025-06-18 06:56:07,603 middleware 11648 3420 Request from origin: http://localhost:3000
INFO 2025-06-18 06:56:07,608 views 11648 3420 Health check запрос от 127.0.0.1: ok
INFO 2025-06-18 06:56:07,609 basehttp 11648 3420 "GET /api/health/ HTTP/1.1" 200 249
DEBUG 2025-06-18 06:56:07,611 middleware 11648 3420 Request from origin: http://localhost:3000
INFO 2025-06-18 06:56:07,614 views 11648 3420 Health check запрос от 127.0.0.1: ok
INFO 2025-06-18 06:56:07,615 basehttp 11648 3420 "GET /api/health/ HTTP/1.1" 200 250
DEBUG 2025-06-18 06:56:07,676 middleware 11648 3420 Request from origin: http://localhost:3000
INFO 2025-06-18 06:56:07,680 basehttp 11648 3420 "GET /api/cities/ HTTP/1.1" 200 168
DEBUG 2025-06-18 06:56:07,681 middleware 11648 3420 Request from origin: http://localhost:3000
INFO 2025-06-18 06:56:07,684 basehttp 11648 3420 "GET /api/cities/ HTTP/1.1" 200 168
DEBUG 2025-06-18 06:56:07,686 middleware 11648 3420 Request from origin: http://localhost:3000
INFO 2025-06-18 06:56:07,693 basehttp 11648 3420 "GET /api/cafes/?city=1&t=1750200967684 HTTP/1.1" 200 499
DEBUG 2025-06-18 06:56:07,699 middleware 11648 3420 Request from origin: http://localhost:3000
INFO 2025-06-18 06:56:07,704 basehttp 11648 3420 "GET /api/cafes/?city=1&t=1750200967697 HTTP/1.1" 200 499
DEBUG 2025-06-18 06:56:07,714 middleware 11648 3420 Request from origin: http://localhost:3000
DEBUG 2025-06-18 06:56:07,718 views 11648 3420 Menu item: Шурпа, image: 'http://localhost:8000/media/menu_items/1ef19980-8e08-45b7-aff2-5292b5797aa9_kJopm0u.jpeg', image_full_url: 'http://localhost:8000/media/menu_items/1ef19980-8e08-45b7-aff2-5292b5797aa9_kJopm0u.jpeg'
INFO 2025-06-18 06:56:07,719 basehttp 11648 3420 "GET /api/menu-items/?cafe=1 HTTP/1.1" 200 471
DEBUG 2025-06-18 06:56:07,721 middleware 11648 3420 Request from origin: http://localhost:3000
DEBUG 2025-06-18 06:56:07,725 views 11648 3420 Menu item: Шурпа, image: 'http://localhost:8000/media/menu_items/1ef19980-8e08-45b7-aff2-5292b5797aa9_kJopm0u.jpeg', image_full_url: 'http://localhost:8000/media/menu_items/1ef19980-8e08-45b7-aff2-5292b5797aa9_kJopm0u.jpeg'
INFO 2025-06-18 06:56:07,726 basehttp 11648 3420 "GET /api/menu-items/?cafe=1 HTTP/1.1" 200 471
DEBUG 2025-06-18 06:56:08,953 middleware 11648 14888 Request from origin: http://localhost:3000
DEBUG 2025-06-18 06:56:08,953 middleware 11648 14888 CSRF Processing path: api/auth/csrf/, Method: GET
DEBUG 2025-06-18 06:56:08,953 middleware 11648 14888 CSRF token in cookie: True
DEBUG 2025-06-18 06:56:08,953 middleware 11648 14888 CSRF token in header: False
DEBUG 2025-06-18 06:56:08,954 middleware 11648 14888 CSRF cookie token (first 6): f8W9Xc...
INFO 2025-06-18 06:56:08,956 auth 11648 14888 Запрос CSRF токена
INFO 2025-06-18 06:56:08,956 auth 11648 14888 CSRF запрос от Origin: http://localhost:3000, Referer: http://localhost:3000/
DEBUG 2025-06-18 06:56:08,956 auth 11648 14888 User-Agent: Mozilla/5.0 (Windows NT 10.0; Win64; x64) AppleWebKit/537.36 (KHTML, like Gecko) Chrome/134.0.0.0 Safari/537.36 OPR/119.0.0.0
INFO 2025-06-18 06:56:08,957 auth 11648 14888 CSRF токен сгенерирован: yy56JY... (первые 6 символов)
DEBUG 2025-06-18 06:56:08,957 auth 11648 14888 Настройки CSRF cookie: {'csrf_cookie': {'name': 'csrftoken', 'secure': False, 'httponly': False, 'samesite': 'Lax'}}
INFO 2025-06-18 06:56:08,957 basehttp 11648 14888 "GET /api/auth/csrf/ HTTP/1.1" 200 58
DEBUG 2025-06-18 06:56:08,959 middleware 11648 14888 Request from origin: http://localhost:3000
DEBUG 2025-06-18 06:56:08,959 middleware 11648 14888 CSRF Processing path: api/auth/csrf/, Method: GET
DEBUG 2025-06-18 06:56:08,959 middleware 11648 14888 CSRF token in cookie: True
DEBUG 2025-06-18 06:56:08,960 middleware 11648 14888 CSRF token in header: False
DEBUG 2025-06-18 06:56:08,960 middleware 11648 14888 CSRF cookie token (first 6): f8W9Xc...
INFO 2025-06-18 06:56:08,962 auth 11648 14888 Запрос CSRF токена
INFO 2025-06-18 06:56:08,962 auth 11648 14888 CSRF запрос от Origin: http://localhost:3000, Referer: http://localhost:3000/
DEBUG 2025-06-18 06:56:08,962 auth 11648 14888 User-Agent: Mozilla/5.0 (Windows NT 10.0; Win64; x64) AppleWebKit/537.36 (KHTML, like Gecko) Chrome/134.0.0.0 Safari/537.36 OPR/119.0.0.0
INFO 2025-06-18 06:56:08,962 auth 11648 14888 CSRF токен сгенерирован: 6qlsdR... (первые 6 символов)
DEBUG 2025-06-18 06:56:08,963 auth 11648 14888 Настройки CSRF cookie: {'csrf_cookie': {'name': 'csrftoken', 'secure': False, 'httponly': False, 'samesite': 'Lax'}}
INFO 2025-06-18 06:56:08,963 basehttp 11648 14888 "GET /api/auth/csrf/ HTTP/1.1" 200 58
DEBUG 2025-06-18 06:56:14,060 middleware 11648 14888 Request from origin: http://localhost:3000
DEBUG 2025-06-18 06:56:14,060 middleware 11648 14888 CSRF Processing path: api/auth/csrf/, Method: GET
DEBUG 2025-06-18 06:56:14,061 middleware 11648 14888 CSRF token in cookie: True
DEBUG 2025-06-18 06:56:14,061 middleware 11648 14888 CSRF token in header: False
DEBUG 2025-06-18 06:56:14,061 middleware 11648 14888 CSRF cookie token (first 6): f8W9Xc...
INFO 2025-06-18 06:56:14,063 auth 11648 14888 Запрос CSRF токена
INFO 2025-06-18 06:56:14,063 auth 11648 14888 CSRF запрос от Origin: http://localhost:3000, Referer: http://localhost:3000/
DEBUG 2025-06-18 06:56:14,063 auth 11648 14888 User-Agent: Mozilla/5.0 (Windows NT 10.0; Win64; x64) AppleWebKit/537.36 (KHTML, like Gecko) Chrome/134.0.0.0 Safari/537.36 OPR/119.0.0.0
INFO 2025-06-18 06:56:14,064 auth 11648 14888 CSRF токен сгенерирован: 5Fjkrc... (первые 6 символов)
DEBUG 2025-06-18 06:56:14,064 auth 11648 14888 Настройки CSRF cookie: {'csrf_cookie': {'name': 'csrftoken', 'secure': False, 'httponly': False, 'samesite': 'Lax'}}
INFO 2025-06-18 06:56:14,064 basehttp 11648 14888 "GET /api/auth/csrf/ HTTP/1.1" 200 58
DEBUG 2025-06-18 06:56:14,885 middleware 11648 14888 Request from origin: http://localhost:3000
DEBUG 2025-06-18 06:56:14,885 middleware 11648 14888 CSRF Processing path: api/auth/csrf/, Method: GET
DEBUG 2025-06-18 06:56:14,885 middleware 11648 14888 CSRF token in cookie: True
DEBUG 2025-06-18 06:56:14,886 middleware 11648 14888 CSRF token in header: False
DEBUG 2025-06-18 06:56:14,886 middleware 11648 14888 CSRF cookie token (first 6): f8W9Xc...
INFO 2025-06-18 06:56:14,888 auth 11648 14888 Запрос CSRF токена
INFO 2025-06-18 06:56:14,888 auth 11648 14888 CSRF запрос от Origin: http://localhost:3000, Referer: http://localhost:3000/
DEBUG 2025-06-18 06:56:14,888 auth 11648 14888 User-Agent: Mozilla/5.0 (Windows NT 10.0; Win64; x64) AppleWebKit/537.36 (KHTML, like Gecko) Chrome/134.0.0.0 Safari/537.36 OPR/119.0.0.0
INFO 2025-06-18 06:56:14,888 auth 11648 14888 CSRF токен сгенерирован: BMlYww... (первые 6 символов)
DEBUG 2025-06-18 06:56:14,888 auth 11648 14888 Настройки CSRF cookie: {'csrf_cookie': {'name': 'csrftoken', 'secure': False, 'httponly': False, 'samesite': 'Lax'}}
INFO 2025-06-18 06:56:14,889 basehttp 11648 14888 "GET /api/auth/csrf/ HTTP/1.1" 200 58
DEBUG 2025-06-18 06:56:15,196 middleware 11648 14888 Request from origin: http://localhost:3000
DEBUG 2025-06-18 06:56:15,197 middleware 11648 14888 CSRF Processing path: api/auth/csrf/, Method: GET
DEBUG 2025-06-18 06:56:15,197 middleware 11648 14888 CSRF token in cookie: True
DEBUG 2025-06-18 06:56:15,197 middleware 11648 14888 CSRF token in header: False
DEBUG 2025-06-18 06:56:15,198 middleware 11648 14888 CSRF cookie token (first 6): f8W9Xc...
INFO 2025-06-18 06:56:15,199 auth 11648 14888 Запрос CSRF токена
INFO 2025-06-18 06:56:15,200 auth 11648 14888 CSRF запрос от Origin: http://localhost:3000, Referer: http://localhost:3000/
DEBUG 2025-06-18 06:56:15,200 auth 11648 14888 User-Agent: Mozilla/5.0 (Windows NT 10.0; Win64; x64) AppleWebKit/537.36 (KHTML, like Gecko) Chrome/134.0.0.0 Safari/537.36 OPR/119.0.0.0
INFO 2025-06-18 06:56:15,200 auth 11648 14888 CSRF токен сгенерирован: 7oRY9c... (первые 6 символов)
DEBUG 2025-06-18 06:56:15,200 auth 11648 14888 Настройки CSRF cookie: {'csrf_cookie': {'name': 'csrftoken', 'secure': False, 'httponly': False, 'samesite': 'Lax'}}
INFO 2025-06-18 06:56:15,201 basehttp 11648 14888 "GET /api/auth/csrf/ HTTP/1.1" 200 58
DEBUG 2025-06-18 06:56:15,506 middleware 11648 14888 Request from origin: http://localhost:3000
DEBUG 2025-06-18 06:56:15,507 middleware 11648 14888 CSRF Processing path: api/auth/login/, Method: POST
DEBUG 2025-06-18 06:56:15,507 middleware 11648 14888 CSRF token in cookie: True
DEBUG 2025-06-18 06:56:15,507 middleware 11648 14888 CSRF token in header: True
DEBUG 2025-06-18 06:56:15,508 middleware 11648 14888 CSRF cookie token (first 6): f8W9Xc...
DEBUG 2025-06-18 06:56:15,508 middleware 11648 14888 CSRF header token (first 6): f8W9Xc...
INFO 2025-06-18 06:56:15,510 auth 11648 14888 Попытка входа с email: hello@gmail.com
DEBUG 2025-06-18 06:56:15,510 auth 11648 14888 Запрос входа: {'email': 'hello@gmail.com', 'password': 'A166DB701'}
INFO 2025-06-18 06:56:15,510 auth 11648 14888 CSRF токен в заголовке: f8W9Xc...
INFO 2025-06-18 06:56:15,510 auth 11648 14888 Origin заголовок: http://localhost:3000
INFO 2025-06-18 06:56:15,510 auth 11648 14888 HTTP метод: POST
INFO 2025-06-18 06:56:15,510 auth 11648 14888 Content-Type: application/json
INFO 2025-06-18 06:56:15,511 auth 11648 14888 Cookies: {'sessionid': 'fj5o25xybhdrci5nu0tictpekeb0kw56', 'csrftoken': 'f8W9XcQ9zaCTjXS18kdWgHge6zgktMfo'}
INFO 2025-06-18 06:56:15,511 auth 11648 14888 HTTP_X_CSRFTOKEN: f8W9Xc...
INFO 2025-06-18 06:56:15,511 auth 11648 14888 Cookie CSRF: f8W9Xc...
INFO 2025-06-18 06:56:15,511 auth 11648 14888 CSRF токены совпадают: True
INFO 2025-06-18 06:56:15,511 auth 11648 14888 Проверка учетной записи: hello@gmail.com
INFO 2025-06-18 06:56:15,770 auth 11648 14888 Успешный вход пользователя: Hello
INFO 2025-06-18 06:56:15,772 auth 11648 14888 Пользователь Hello является владельцем ресторана Aliya
INFO 2025-06-18 06:56:15,772 auth 11648 14888 Данные для отправки: {'id': 2, 'email': 'hello@gmail.com', 'name': 'Hello', 'cafe_id': 1, 'role': 'owner'}
INFO 2025-06-18 06:56:15,777 basehttp 11648 14888 "POST /api/auth/login/ HTTP/1.1" 200 76
DEBUG 2025-06-18 06:56:15,795 middleware 11648 14888 Request from origin: http://localhost:3000
INFO 2025-06-18 06:56:15,800 basehttp 11648 14888 "GET /api/cafes/1/ HTTP/1.1" 200 447
DEBUG 2025-06-18 06:56:15,801 middleware 11648 14888 Request from origin: http://localhost:3000
DEBUG 2025-06-18 06:56:15,803 middleware 11648 26620 Request from origin: http://localhost:3000
INFO 2025-06-18 06:56:15,808 basehttp 11648 14888 "GET /api/cafes/1/ HTTP/1.1" 200 447
INFO 2025-06-18 06:56:15,811 basehttp 11648 26620 "GET /api/cafes/1/statistics/ HTTP/1.1" 200 87
DEBUG 2025-06-18 06:56:15,812 middleware 11648 26620 Request from origin: http://localhost:3000
DEBUG 2025-06-18 06:56:15,814 middleware 11648 14888 Request from origin: http://localhost:3000
INFO 2025-06-18 06:56:15,823 basehttp 11648 26620 "GET /api/cafes/1/statistics/ HTTP/1.1" 200 87
INFO 2025-06-18 06:56:15,825 basehttp 11648 14888 "GET /api/orders/?cafe=1 HTTP/1.1" 200 541
DEBUG 2025-06-18 06:56:15,827 middleware 11648 14888 Request from origin: http://localhost:3000
INFO 2025-06-18 06:56:15,835 basehttp 11648 14888 "GET /api/orders/?cafe=1 HTTP/1.1" 200 541
DEBUG 2025-06-18 06:56:28,928 middleware 11648 3420 Request from origin: http://localhost:3000
INFO 2025-06-18 06:56:28,931 views 11648 3420 Health check запрос от 127.0.0.1: ok
INFO 2025-06-18 06:56:28,932 basehttp 11648 3420 "GET /api/health/ HTTP/1.1" 200 250
DEBUG 2025-06-18 06:56:28,933 middleware 11648 3420 Request from origin: http://localhost:3000
INFO 2025-06-18 06:56:28,936 views 11648 3420 Health check запрос от 127.0.0.1: ok
INFO 2025-06-18 06:56:28,937 basehttp 11648 3420 "GET /api/health/ HTTP/1.1" 200 250
DEBUG 2025-06-18 06:56:28,944 middleware 11648 3420 Request from origin: http://localhost:3000
INFO 2025-06-18 06:56:28,946 basehttp 11648 3420 "GET /api/cities/ HTTP/1.1" 200 168
DEBUG 2025-06-18 06:56:28,998 middleware 11648 3420 Request from origin: http://localhost:3000
INFO 2025-06-18 06:56:29,001 basehttp 11648 3420 "GET /api/cities/ HTTP/1.1" 200 168
DEBUG 2025-06-18 06:56:29,007 middleware 11648 3420 Request from origin: http://localhost:3000
DEBUG 2025-06-18 06:56:29,009 middleware 11648 32656 Request from origin: http://localhost:3000
INFO 2025-06-18 06:56:29,016 basehttp 11648 32656 "GET /api/cafes/?city=1&t=1750200989006 HTTP/1.1" 200 499
INFO 2025-06-18 06:56:29,030 basehttp 11648 3420 "GET /api/cafes/?city=1&t=1750200989005 HTTP/1.1" 200 499
DEBUG 2025-06-18 06:56:29,034 middleware 11648 3420 Request from origin: http://localhost:3000
DEBUG 2025-06-18 06:56:29,039 views 11648 3420 Menu item: Шурпа, image: 'http://localhost:8000/media/menu_items/1ef19980-8e08-45b7-aff2-5292b5797aa9_kJopm0u.jpeg', image_full_url: 'http://localhost:8000/media/menu_items/1ef19980-8e08-45b7-aff2-5292b5797aa9_kJopm0u.jpeg'
INFO 2025-06-18 06:56:29,040 basehttp 11648 3420 "GET /api/menu-items/?cafe=1 HTTP/1.1" 200 471
DEBUG 2025-06-18 06:56:29,041 middleware 11648 3420 Request from origin: http://localhost:3000
DEBUG 2025-06-18 06:56:29,045 views 11648 3420 Menu item: Шурпа, image: 'http://localhost:8000/media/menu_items/1ef19980-8e08-45b7-aff2-5292b5797aa9_kJopm0u.jpeg', image_full_url: 'http://localhost:8000/media/menu_items/1ef19980-8e08-45b7-aff2-5292b5797aa9_kJopm0u.jpeg'
INFO 2025-06-18 06:56:29,046 basehttp 11648 3420 "GET /api/menu-items/?cafe=1 HTTP/1.1" 200 471
DEBUG 2025-06-18 06:56:29,979 middleware 11648 3420 Request from origin: http://localhost:3000
DEBUG 2025-06-18 06:56:29,980 middleware 11648 32656 Request from origin: http://localhost:3000
INFO 2025-06-18 06:56:29,986 basehttp 11648 3420 "GET /api/cafes/?city=1&t=1750200989977 HTTP/1.1" 200 499
INFO 2025-06-18 06:56:29,986 basehttp 11648 32656 "GET /api/cafes/?city=1&t=1750200989978 HTTP/1.1" 200 499
DEBUG 2025-06-18 06:56:30,000 middleware 11648 3420 Request from origin: 
INFO 2025-06-18 06:56:30,032 basehttp 11648 3420 "GET /media/cafe_covers/XXXL_1_1_ENDyb7O.webp?t=1750200989963 HTTP/1.1" 200 100380
DEBUG 2025-06-18 06:56:30,806 middleware 11648 14888 Request from origin: http://localhost:3000
DEBUG 2025-06-18 06:56:30,811 views 11648 14888 Menu item: Шурпа, image: 'http://localhost:8000/media/menu_items/1ef19980-8e08-45b7-aff2-5292b5797aa9_kJopm0u.jpeg', image_full_url: 'http://localhost:8000/media/menu_items/1ef19980-8e08-45b7-aff2-5292b5797aa9_kJopm0u.jpeg'
INFO 2025-06-18 06:56:30,811 basehttp 11648 14888 "GET /api/menu-items/?cafe=1 HTTP/1.1" 200 471
DEBUG 2025-06-18 06:56:30,813 middleware 11648 14888 Request from origin: http://localhost:3000
DEBUG 2025-06-18 06:56:30,817 views 11648 14888 Menu item: Шурпа, image: 'http://localhost:8000/media/menu_items/1ef19980-8e08-45b7-aff2-5292b5797aa9_kJopm0u.jpeg', image_full_url: 'http://localhost:8000/media/menu_items/1ef19980-8e08-45b7-aff2-5292b5797aa9_kJopm0u.jpeg'
INFO 2025-06-18 06:56:30,818 basehttp 11648 14888 "GET /api/menu-items/?cafe=1 HTTP/1.1" 200 471
DEBUG 2025-06-18 06:56:41,964 middleware 11648 3420 Request from origin: http://localhost:3000
INFO 2025-06-18 06:56:41,967 views 11648 3420 Health check запрос от 127.0.0.1: ok
INFO 2025-06-18 06:56:41,968 basehttp 11648 3420 "GET /api/health/ HTTP/1.1" 200 250
DEBUG 2025-06-18 06:56:41,969 middleware 11648 3420 Request from origin: http://localhost:3000
INFO 2025-06-18 06:56:41,971 views 11648 3420 Health check запрос от 127.0.0.1: ok
INFO 2025-06-18 06:56:41,971 basehttp 11648 3420 "GET /api/health/ HTTP/1.1" 200 250
DEBUG 2025-06-18 06:56:41,972 middleware 11648 32656 Request from origin: http://localhost:3000
INFO 2025-06-18 06:56:41,975 basehttp 11648 32656 "GET /api/cities/ HTTP/1.1" 200 168
DEBUG 2025-06-18 06:56:41,991 middleware 11648 32656 Request from origin: http://localhost:3000
DEBUG 2025-06-18 06:56:41,992 middleware 11648 3420 Request from origin: http://localhost:3000
INFO 2025-06-18 06:56:41,997 basehttp 11648 32656 "GET /api/cities/ HTTP/1.1" 200 168
INFO 2025-06-18 06:56:42,000 basehttp 11648 3420 "GET /api/cafes/?city=1&t=1750201001991 HTTP/1.1" 200 499
DEBUG 2025-06-18 06:56:42,006 middleware 11648 3420 Request from origin: http://localhost:3000
DEBUG 2025-06-18 06:56:42,009 middleware 11648 32656 Request from origin: http://localhost:3000
DEBUG 2025-06-18 06:56:42,013 middleware 11648 14888 Request from origin: http://localhost:3000
DEBUG 2025-06-18 06:56:42,015 middleware 11648 14888 CSRF Processing path: api/auth/csrf/, Method: GET
INFO 2025-06-18 06:56:42,016 basehttp 11648 3420 "GET /api/cafes/?city=1&t=1750201002004 HTTP/1.1" 200 499
DEBUG 2025-06-18 06:56:42,016 middleware 11648 14888 CSRF token in cookie: True
DEBUG 2025-06-18 06:56:42,017 views 11648 32656 Menu item: Шурпа, image: 'http://localhost:8000/media/menu_items/1ef19980-8e08-45b7-aff2-5292b5797aa9_kJopm0u.jpeg', image_full_url: 'http://localhost:8000/media/menu_items/1ef19980-8e08-45b7-aff2-5292b5797aa9_kJopm0u.jpeg'
DEBUG 2025-06-18 06:56:42,017 middleware 11648 14888 CSRF token in header: False
DEBUG 2025-06-18 06:56:42,018 middleware 11648 14888 CSRF cookie token (first 6): c4rI38...
INFO 2025-06-18 06:56:42,018 basehttp 11648 32656 "GET /api/menu-items/?cafe=1 HTTP/1.1" 200 471
DEBUG 2025-06-18 06:56:42,021 middleware 11648 32656 Request from origin: http://localhost:3000
INFO 2025-06-18 06:56:42,023 auth 11648 14888 Запрос CSRF токена
INFO 2025-06-18 06:56:42,024 auth 11648 14888 CSRF запрос от Origin: http://localhost:3000, Referer: http://localhost:3000/
DEBUG 2025-06-18 06:56:42,024 views 11648 32656 Menu item: Шурпа, image: 'http://localhost:8000/media/menu_items/1ef19980-8e08-45b7-aff2-5292b5797aa9_kJopm0u.jpeg', image_full_url: 'http://localhost:8000/media/menu_items/1ef19980-8e08-45b7-aff2-5292b5797aa9_kJopm0u.jpeg'
DEBUG 2025-06-18 06:56:42,025 auth 11648 14888 User-Agent: Mozilla/5.0 (Windows NT 10.0; Win64; x64) AppleWebKit/537.36 (KHTML, like Gecko) Chrome/134.0.0.0 Safari/537.36 OPR/119.0.0.0
INFO 2025-06-18 06:56:42,026 auth 11648 14888 CSRF токен сгенерирован: wjMxmX... (первые 6 символов)
INFO 2025-06-18 06:56:42,026 basehttp 11648 32656 "GET /api/menu-items/?cafe=1 HTTP/1.1" 200 471
DEBUG 2025-06-18 06:56:42,026 auth 11648 14888 Настройки CSRF cookie: {'csrf_cookie': {'name': 'csrftoken', 'secure': False, 'httponly': False, 'samesite': 'Lax'}}
INFO 2025-06-18 06:56:42,027 basehttp 11648 14888 "GET /api/auth/csrf/ HTTP/1.1" 200 58
DEBUG 2025-06-18 06:56:42,028 middleware 11648 14888 Request from origin: http://localhost:3000
DEBUG 2025-06-18 06:56:42,028 middleware 11648 14888 CSRF Processing path: api/auth/csrf/, Method: GET
DEBUG 2025-06-18 06:56:42,029 middleware 11648 14888 CSRF token in cookie: True
DEBUG 2025-06-18 06:56:42,029 middleware 11648 14888 CSRF token in header: False
DEBUG 2025-06-18 06:56:42,029 middleware 11648 14888 CSRF cookie token (first 6): c4rI38...
INFO 2025-06-18 06:56:42,031 auth 11648 14888 Запрос CSRF токена
INFO 2025-06-18 06:56:42,032 auth 11648 14888 CSRF запрос от Origin: http://localhost:3000, Referer: http://localhost:3000/
DEBUG 2025-06-18 06:56:42,032 auth 11648 14888 User-Agent: Mozilla/5.0 (Windows NT 10.0; Win64; x64) AppleWebKit/537.36 (KHTML, like Gecko) Chrome/134.0.0.0 Safari/537.36 OPR/119.0.0.0
INFO 2025-06-18 06:56:42,032 auth 11648 14888 CSRF токен сгенерирован: PO71sB... (первые 6 символов)
DEBUG 2025-06-18 06:56:42,032 auth 11648 14888 Настройки CSRF cookie: {'csrf_cookie': {'name': 'csrftoken', 'secure': False, 'httponly': False, 'samesite': 'Lax'}}
INFO 2025-06-18 06:56:42,033 basehttp 11648 14888 "GET /api/auth/csrf/ HTTP/1.1" 200 58
DEBUG 2025-06-18 06:56:46,603 middleware 11648 14888 Request from origin: http://localhost:3000
DEBUG 2025-06-18 06:56:46,603 middleware 11648 14888 CSRF Processing path: api/auth/csrf/, Method: GET
DEBUG 2025-06-18 06:56:46,603 middleware 11648 14888 CSRF token in cookie: True
DEBUG 2025-06-18 06:56:46,603 middleware 11648 14888 CSRF token in header: False
DEBUG 2025-06-18 06:56:46,603 middleware 11648 14888 CSRF cookie token (first 6): c4rI38...
INFO 2025-06-18 06:56:46,605 auth 11648 14888 Запрос CSRF токена
INFO 2025-06-18 06:56:46,606 auth 11648 14888 CSRF запрос от Origin: http://localhost:3000, Referer: http://localhost:3000/
DEBUG 2025-06-18 06:56:46,606 auth 11648 14888 User-Agent: Mozilla/5.0 (Windows NT 10.0; Win64; x64) AppleWebKit/537.36 (KHTML, like Gecko) Chrome/134.0.0.0 Safari/537.36 OPR/119.0.0.0
INFO 2025-06-18 06:56:46,606 auth 11648 14888 CSRF токен сгенерирован: a6mcQ7... (первые 6 символов)
DEBUG 2025-06-18 06:56:46,606 auth 11648 14888 Настройки CSRF cookie: {'csrf_cookie': {'name': 'csrftoken', 'secure': False, 'httponly': False, 'samesite': 'Lax'}}
INFO 2025-06-18 06:56:46,607 basehttp 11648 14888 "GET /api/auth/csrf/ HTTP/1.1" 200 58
DEBUG 2025-06-18 06:56:47,426 middleware 11648 14888 Request from origin: http://localhost:3000
DEBUG 2025-06-18 06:56:47,426 middleware 11648 14888 CSRF Processing path: api/auth/csrf/, Method: GET
DEBUG 2025-06-18 06:56:47,427 middleware 11648 14888 CSRF token in cookie: True
DEBUG 2025-06-18 06:56:47,427 middleware 11648 14888 CSRF token in header: False
DEBUG 2025-06-18 06:56:47,427 middleware 11648 14888 CSRF cookie token (first 6): c4rI38...
INFO 2025-06-18 06:56:47,430 auth 11648 14888 Запрос CSRF токена
INFO 2025-06-18 06:56:47,430 auth 11648 14888 CSRF запрос от Origin: http://localhost:3000, Referer: http://localhost:3000/
DEBUG 2025-06-18 06:56:47,430 auth 11648 14888 User-Agent: Mozilla/5.0 (Windows NT 10.0; Win64; x64) AppleWebKit/537.36 (KHTML, like Gecko) Chrome/134.0.0.0 Safari/537.36 OPR/119.0.0.0
INFO 2025-06-18 06:56:47,430 auth 11648 14888 CSRF токен сгенерирован: TgbRFV... (первые 6 символов)
DEBUG 2025-06-18 06:56:47,431 auth 11648 14888 Настройки CSRF cookie: {'csrf_cookie': {'name': 'csrftoken', 'secure': False, 'httponly': False, 'samesite': 'Lax'}}
INFO 2025-06-18 06:56:47,431 basehttp 11648 14888 "GET /api/auth/csrf/ HTTP/1.1" 200 58
DEBUG 2025-06-18 06:56:47,737 middleware 11648 14888 Request from origin: http://localhost:3000
DEBUG 2025-06-18 06:56:47,738 middleware 11648 14888 CSRF Processing path: api/auth/csrf/, Method: GET
DEBUG 2025-06-18 06:56:47,738 middleware 11648 14888 CSRF token in cookie: True
DEBUG 2025-06-18 06:56:47,738 middleware 11648 14888 CSRF token in header: False
DEBUG 2025-06-18 06:56:47,739 middleware 11648 14888 CSRF cookie token (first 6): c4rI38...
INFO 2025-06-18 06:56:47,741 auth 11648 14888 Запрос CSRF токена
INFO 2025-06-18 06:56:47,741 auth 11648 14888 CSRF запрос от Origin: http://localhost:3000, Referer: http://localhost:3000/
DEBUG 2025-06-18 06:56:47,741 auth 11648 14888 User-Agent: Mozilla/5.0 (Windows NT 10.0; Win64; x64) AppleWebKit/537.36 (KHTML, like Gecko) Chrome/134.0.0.0 Safari/537.36 OPR/119.0.0.0
INFO 2025-06-18 06:56:47,741 auth 11648 14888 CSRF токен сгенерирован: TvuIro... (первые 6 символов)
DEBUG 2025-06-18 06:56:47,741 auth 11648 14888 Настройки CSRF cookie: {'csrf_cookie': {'name': 'csrftoken', 'secure': False, 'httponly': False, 'samesite': 'Lax'}}
INFO 2025-06-18 06:56:47,742 basehttp 11648 14888 "GET /api/auth/csrf/ HTTP/1.1" 200 58
DEBUG 2025-06-18 06:56:48,048 middleware 11648 14888 Request from origin: http://localhost:3000
DEBUG 2025-06-18 06:56:48,048 middleware 11648 14888 CSRF Processing path: api/auth/login/, Method: POST
DEBUG 2025-06-18 06:56:48,048 middleware 11648 14888 CSRF token in cookie: True
DEBUG 2025-06-18 06:56:48,049 middleware 11648 14888 CSRF token in header: True
DEBUG 2025-06-18 06:56:48,049 middleware 11648 14888 CSRF cookie token (first 6): c4rI38...
DEBUG 2025-06-18 06:56:48,049 middleware 11648 14888 CSRF header token (first 6): c4rI38...
INFO 2025-06-18 06:56:48,051 auth 11648 14888 Попытка входа с email: hello@gmail.com
DEBUG 2025-06-18 06:56:48,051 auth 11648 14888 Запрос входа: {'email': 'hello@gmail.com', 'password': 'A166DB701'}
INFO 2025-06-18 06:56:48,051 auth 11648 14888 CSRF токен в заголовке: c4rI38...
INFO 2025-06-18 06:56:48,051 auth 11648 14888 Origin заголовок: http://localhost:3000
INFO 2025-06-18 06:56:48,051 auth 11648 14888 HTTP метод: POST
INFO 2025-06-18 06:56:48,052 auth 11648 14888 Content-Type: application/json
INFO 2025-06-18 06:56:48,052 auth 11648 14888 Cookies: {'sessionid': 'fj5o25xybhdrci5nu0tictpekeb0kw56', 'csrftoken': 'c4rI387uAuuHRtIhySTZH24LKKCfSjkY'}
INFO 2025-06-18 06:56:48,052 auth 11648 14888 HTTP_X_CSRFTOKEN: c4rI38...
INFO 2025-06-18 06:56:48,052 auth 11648 14888 Cookie CSRF: c4rI38...
INFO 2025-06-18 06:56:48,052 auth 11648 14888 CSRF токены совпадают: True
INFO 2025-06-18 06:56:48,053 auth 11648 14888 Проверка учетной записи: hello@gmail.com
INFO 2025-06-18 06:56:48,307 auth 11648 14888 Успешный вход пользователя: Hello
INFO 2025-06-18 06:56:48,308 auth 11648 14888 Пользователь Hello является владельцем ресторана Aliya
INFO 2025-06-18 06:56:48,309 auth 11648 14888 Данные для отправки: {'id': 2, 'email': 'hello@gmail.com', 'name': 'Hello', 'cafe_id': 1, 'role': 'owner'}
INFO 2025-06-18 06:56:48,314 basehttp 11648 14888 "POST /api/auth/login/ HTTP/1.1" 200 76
DEBUG 2025-06-18 06:56:48,323 middleware 11648 14888 Request from origin: http://localhost:3000
INFO 2025-06-18 06:56:48,329 basehttp 11648 14888 "GET /api/cafes/1/ HTTP/1.1" 200 447
DEBUG 2025-06-18 06:56:48,331 middleware 11648 14888 Request from origin: http://localhost:3000
DEBUG 2025-06-18 06:56:48,332 middleware 11648 26620 Request from origin: http://localhost:3000
INFO 2025-06-18 06:56:48,338 basehttp 11648 14888 "GET /api/cafes/1/ HTTP/1.1" 200 447
INFO 2025-06-18 06:56:48,340 basehttp 11648 26620 "GET /api/cafes/1/statistics/ HTTP/1.1" 200 87
DEBUG 2025-06-18 06:56:48,341 middleware 11648 26620 Request from origin: http://localhost:3000
DEBUG 2025-06-18 06:56:48,343 middleware 11648 14888 Request from origin: http://localhost:3000
INFO 2025-06-18 06:56:48,350 basehttp 11648 26620 "GET /api/cafes/1/statistics/ HTTP/1.1" 200 87
INFO 2025-06-18 06:56:48,353 basehttp 11648 14888 "GET /api/orders/?cafe=1 HTTP/1.1" 200 541
DEBUG 2025-06-18 06:56:48,354 middleware 11648 14888 Request from origin: http://localhost:3000
INFO 2025-06-18 06:56:48,362 basehttp 11648 14888 "GET /api/orders/?cafe=1 HTTP/1.1" 200 541
DEBUG 2025-06-18 06:56:59,774 middleware 11648 32656 Request from origin: http://localhost:3000
INFO 2025-06-18 06:56:59,777 views 11648 32656 Health check запрос от 127.0.0.1: ok
INFO 2025-06-18 06:56:59,778 basehttp 11648 32656 "GET /api/health/ HTTP/1.1" 200 250
DEBUG 2025-06-18 06:56:59,779 middleware 11648 32656 Request from origin: http://localhost:3000
INFO 2025-06-18 06:56:59,782 views 11648 32656 Health check запрос от 127.0.0.1: ok
INFO 2025-06-18 06:56:59,783 basehttp 11648 32656 "GET /api/health/ HTTP/1.1" 200 250
DEBUG 2025-06-18 06:56:59,789 middleware 11648 14888 Request from origin: http://localhost:3000
DEBUG 2025-06-18 06:56:59,793 middleware 11648 32656 Request from origin: http://localhost:3000
INFO 2025-06-18 06:56:59,798 basehttp 11648 14888 "GET /api/cafes/1/ HTTP/1.1" 200 447
INFO 2025-06-18 06:56:59,798 basehttp 11648 32656 "GET /api/cities/ HTTP/1.1" 200 168
DEBUG 2025-06-18 06:56:59,800 middleware 11648 14888 Request from origin: http://localhost:3000
DEBUG 2025-06-18 06:56:59,801 middleware 11648 32656 Request from origin: http://localhost:3000
INFO 2025-06-18 06:56:59,807 basehttp 11648 32656 "GET /api/cities/ HTTP/1.1" 200 168
INFO 2025-06-18 06:56:59,807 basehttp 11648 14888 "GET /api/cafes/1/ HTTP/1.1" 200 447
DEBUG 2025-06-18 06:56:59,870 middleware 11648 14888 Request from origin: http://localhost:3000
DEBUG 2025-06-18 06:56:59,872 middleware 11648 32656 Request from origin: http://localhost:3000
DEBUG 2025-06-18 06:56:59,873 middleware 11648 3420 Request from origin: http://localhost:3000
INFO 2025-06-18 06:56:59,882 basehttp 11648 32656 "GET /api/cafes/?city=1&t=1750201019870 HTTP/1.1" 200 499
INFO 2025-06-18 06:56:59,882 basehttp 11648 3420 "GET /api/cafes/?city=1&t=1750201019871 HTTP/1.1" 200 499
INFO 2025-06-18 06:56:59,890 basehttp 11648 14888 "GET /api/cafes/1/statistics/ HTTP/1.1" 200 87
DEBUG 2025-06-18 06:56:59,892 middleware 11648 14888 Request from origin: http://localhost:3000
INFO 2025-06-18 06:56:59,899 basehttp 11648 14888 "GET /api/cafes/1/statistics/ HTTP/1.1" 200 87
DEBUG 2025-06-18 06:56:59,901 middleware 11648 3420 Request from origin: http://localhost:3000
DEBUG 2025-06-18 06:56:59,904 middleware 11648 14888 Request from origin: http://localhost:3000
DEBUG 2025-06-18 06:56:59,907 views 11648 3420 Menu item: Шурпа, image: 'http://localhost:8000/media/menu_items/1ef19980-8e08-45b7-aff2-5292b5797aa9_kJopm0u.jpeg', image_full_url: 'http://localhost:8000/media/menu_items/1ef19980-8e08-45b7-aff2-5292b5797aa9_kJopm0u.jpeg'
INFO 2025-06-18 06:56:59,908 basehttp 11648 3420 "GET /api/menu-items/?cafe=1 HTTP/1.1" 200 471
DEBUG 2025-06-18 06:56:59,911 middleware 11648 3420 Request from origin: http://localhost:3000
INFO 2025-06-18 06:56:59,917 basehttp 11648 14888 "GET /api/orders/?cafe=1 HTTP/1.1" 200 541
DEBUG 2025-06-18 06:56:59,918 middleware 11648 14888 Request from origin: http://localhost:3000
DEBUG 2025-06-18 06:56:59,923 views 11648 3420 Menu item: Шурпа, image: 'http://localhost:8000/media/menu_items/1ef19980-8e08-45b7-aff2-5292b5797aa9_kJopm0u.jpeg', image_full_url: 'http://localhost:8000/media/menu_items/1ef19980-8e08-45b7-aff2-5292b5797aa9_kJopm0u.jpeg'
INFO 2025-06-18 06:56:59,931 basehttp 11648 3420 "GET /api/menu-items/?cafe=1 HTTP/1.1" 200 471
INFO 2025-06-18 06:56:59,934 basehttp 11648 14888 "GET /api/orders/?cafe=1 HTTP/1.1" 200 541
DEBUG 2025-06-18 06:57:14,096 middleware 11648 3420 Request from origin: http://localhost:3000
INFO 2025-06-18 06:57:14,100 views 11648 3420 Health check запрос от 127.0.0.1: ok
INFO 2025-06-18 06:57:14,101 basehttp 11648 3420 "GET /api/health/ HTTP/1.1" 200 250
DEBUG 2025-06-18 06:57:14,102 middleware 11648 3420 Request from origin: http://localhost:3000
INFO 2025-06-18 06:57:14,105 views 11648 3420 Health check запрос от 127.0.0.1: ok
INFO 2025-06-18 06:57:14,106 basehttp 11648 3420 "GET /api/health/ HTTP/1.1" 200 248
DEBUG 2025-06-18 06:57:14,111 middleware 11648 3420 Request from origin: http://localhost:3000
INFO 2025-06-18 06:57:14,115 basehttp 11648 3420 "GET /api/cities/ HTTP/1.1" 200 168
DEBUG 2025-06-18 06:57:14,119 middleware 11648 14888 Request from origin: http://localhost:3000
DEBUG 2025-06-18 06:57:14,123 middleware 11648 3420 Request from origin: http://localhost:3000
INFO 2025-06-18 06:57:14,128 basehttp 11648 14888 "GET /api/cafes/1/ HTTP/1.1" 200 447
INFO 2025-06-18 06:57:14,128 basehttp 11648 3420 "GET /api/cities/ HTTP/1.1" 200 168
DEBUG 2025-06-18 06:57:14,130 middleware 11648 14888 Request from origin: http://localhost:3000
INFO 2025-06-18 06:57:14,135 basehttp 11648 14888 "GET /api/cafes/1/ HTTP/1.1" 200 447
DEBUG 2025-06-18 06:57:14,196 middleware 11648 3420 Request from origin: http://localhost:3000
DEBUG 2025-06-18 06:57:14,198 middleware 11648 14888 Request from origin: http://localhost:3000
DEBUG 2025-06-18 06:57:14,199 middleware 11648 32656 Request from origin: http://localhost:3000
INFO 2025-06-18 06:57:14,210 basehttp 11648 3420 "GET /api/cafes/?city=1&t=1750201034193 HTTP/1.1" 200 499
INFO 2025-06-18 06:57:14,210 basehttp 11648 32656 "GET /api/cafes/?city=1&t=1750201034197 HTTP/1.1" 200 499
DEBUG 2025-06-18 06:57:14,214 middleware 11648 32656 Request from origin: http://localhost:3000
DEBUG 2025-06-18 06:57:14,217 views 11648 32656 Menu item: Шурпа, image: 'http://localhost:8000/media/menu_items/1ef19980-8e08-45b7-aff2-5292b5797aa9_kJopm0u.jpeg', image_full_url: 'http://localhost:8000/media/menu_items/1ef19980-8e08-45b7-aff2-5292b5797aa9_kJopm0u.jpeg'
INFO 2025-06-18 06:57:14,218 basehttp 11648 32656 "GET /api/menu-items/?cafe=1 HTTP/1.1" 200 471
DEBUG 2025-06-18 06:57:14,220 middleware 11648 32656 Request from origin: http://localhost:3000
DEBUG 2025-06-18 06:57:14,225 views 11648 32656 Menu item: Шурпа, image: 'http://localhost:8000/media/menu_items/1ef19980-8e08-45b7-aff2-5292b5797aa9_kJopm0u.jpeg', image_full_url: 'http://localhost:8000/media/menu_items/1ef19980-8e08-45b7-aff2-5292b5797aa9_kJopm0u.jpeg'
INFO 2025-06-18 06:57:14,226 basehttp 11648 14888 "GET /api/cafes/1/statistics/ HTTP/1.1" 200 87
INFO 2025-06-18 06:57:14,226 basehttp 11648 32656 "GET /api/menu-items/?cafe=1 HTTP/1.1" 200 471
DEBUG 2025-06-18 06:57:14,228 middleware 11648 14888 Request from origin: http://localhost:3000
DEBUG 2025-06-18 06:57:14,231 middleware 11648 26620 Request from origin: http://localhost:3000
INFO 2025-06-18 06:57:14,239 basehttp 11648 14888 "GET /api/cafes/1/statistics/ HTTP/1.1" 200 87
INFO 2025-06-18 06:57:14,252 basehttp 11648 26620 "GET /api/orders/?cafe=1 HTTP/1.1" 200 541
DEBUG 2025-06-18 06:57:14,254 middleware 11648 26620 Request from origin: http://localhost:3000
INFO 2025-06-18 06:57:14,263 basehttp 11648 26620 "GET /api/orders/?cafe=1 HTTP/1.1" 200 541
INFO 2025-06-18 06:57:32,880 autoreload 22348 22320 Watching for file changes with StatReloader
INFO 2025-06-18 06:57:33,305 middleware 22348 34460 CORS Middleware initialized with allowed origins: ['http://localhost', 'http://localhost:3000', 'http://localhost:80', 'http://127.0.0.1', 'http://127.0.0.1:3000', 'http://127.0.0.1:80', 'http://frontend', 'http://localhost:3001', 'http://127.0.0.1:3001', 'http://localhost:8000', 'http://127.0.0.1:8000', 'https://ec4db675c64c9f.lhr.life']
INFO 2025-06-18 06:57:33,305 middleware 22348 34460 Custom CSRF Middleware initialized with exempt paths: ['/api/auth/login/', '/api/auth/csrf/']
DEBUG 2025-06-18 06:57:35,600 middleware 22348 29028 Request from origin: 
INFO 2025-06-18 06:57:35,618 basehttp 22348 29028 "GET /admin/ HTTP/1.1" 302 0
DEBUG 2025-06-18 06:57:35,619 middleware 22348 29028 Request from origin: 
INFO 2025-06-18 06:57:35,643 basehttp 22348 29028 "GET /admin/login/?next=/admin/ HTTP/1.1" 200 4359
DEBUG 2025-06-18 06:57:36,320 middleware 22348 29028 Request from origin: 
WARNING 2025-06-18 06:57:36,326 log 22348 29028 Not Found: /favicon.ico
WARNING 2025-06-18 06:57:36,327 basehttp 22348 29028 "GET /favicon.ico HTTP/1.1" 404 2340
DEBUG 2025-06-18 06:57:42,926 middleware 22348 29028 Request from origin: http://127.0.0.1:8000
INFO 2025-06-18 06:57:43,181 basehttp 22348 29028 "POST /admin/login/?next=/admin/ HTTP/1.1" 200 4628
DEBUG 2025-06-18 06:57:48,618 middleware 22348 29028 Request from origin: http://127.0.0.1:8000
INFO 2025-06-18 06:57:49,100 basehttp 22348 29028 "POST /admin/login/?next=/admin/ HTTP/1.1" 302 0
DEBUG 2025-06-18 06:57:49,102 middleware 22348 29028 Request from origin: 
INFO 2025-06-18 06:57:49,116 basehttp 22348 29028 "GET /admin/ HTTP/1.1" 200 12515
DEBUG 2025-06-18 06:57:51,377 middleware 22348 29028 Request from origin: 
INFO 2025-06-18 06:57:51,400 basehttp 22348 29028 "GET /admin/cafes/order/ HTTP/1.1" 200 14690
DEBUG 2025-06-18 06:57:51,415 middleware 22348 29028 Request from origin: 
INFO 2025-06-18 06:57:51,421 basehttp 22348 29028 "GET /admin/jsi18n/ HTTP/1.1" 200 17546
DEBUG 2025-06-18 06:57:53,064 middleware 22348 29028 Request from origin: 
WARNING 2025-06-18 06:57:53,068 log 22348 29028 Not Found: /favicon.ico
WARNING 2025-06-18 06:57:53,069 basehttp 22348 29028 "GET /favicon.ico HTTP/1.1" 404 2340
INFO 2025-06-18 06:58:04,692 autoreload 13652 38972 Watching for file changes with StatReloader
INFO 2025-06-18 06:58:05,102 middleware 13652 36344 CORS Middleware initialized with allowed origins: ['http://localhost', 'http://localhost:3000', 'http://localhost:80', 'http://127.0.0.1', 'http://127.0.0.1:3000', 'http://127.0.0.1:80', 'http://frontend', 'http://localhost:3001', 'http://127.0.0.1:3001', 'http://localhost:8000', 'http://127.0.0.1:8000', 'https://ec4db675c64c9f.lhr.life']
INFO 2025-06-18 06:58:05,103 middleware 13652 36344 Custom CSRF Middleware initialized with exempt paths: ['/api/auth/login/', '/api/auth/csrf/']
DEBUG 2025-06-18 06:58:11,350 middleware 13652 36040 Request from origin: http://localhost:3000
INFO 2025-06-18 06:58:11,355 views 13652 36040 Health check запрос от 127.0.0.1: ok
INFO 2025-06-18 06:58:11,357 basehttp 13652 36040 "GET /api/health/ HTTP/1.1" 200 248
DEBUG 2025-06-18 06:58:11,358 middleware 13652 36040 Request from origin: http://localhost:3000
INFO 2025-06-18 06:58:11,361 views 13652 36040 Health check запрос от 127.0.0.1: ok
INFO 2025-06-18 06:58:11,362 basehttp 13652 36040 "GET /api/health/ HTTP/1.1" 200 248
DEBUG 2025-06-18 06:58:11,430 middleware 13652 36040 Request from origin: http://localhost:3000
INFO 2025-06-18 06:58:11,435 basehttp 13652 36040 "GET /api/cities/ HTTP/1.1" 200 168
DEBUG 2025-06-18 06:58:11,437 middleware 13652 36040 Request from origin: http://localhost:3000
INFO 2025-06-18 06:58:11,440 basehttp 13652 36040 "GET /api/cities/ HTTP/1.1" 200 168
DEBUG 2025-06-18 06:58:11,442 middleware 13652 19864 Request from origin: http://localhost:3000
INFO 2025-06-18 06:58:11,451 basehttp 13652 19864 "GET /api/cafes/?city=1&t=1750201091439 HTTP/1.1" 200 499
DEBUG 2025-06-18 06:58:11,470 middleware 13652 19864 Request from origin: http://localhost:3000
DEBUG 2025-06-18 06:58:11,476 middleware 13652 36040 Request from origin: http://localhost:3000
INFO 2025-06-18 06:58:11,479 basehttp 13652 19864 "GET /api/cafes/?city=1&t=1750201091469 HTTP/1.1" 200 499
DEBUG 2025-06-18 06:58:11,482 views 13652 36040 Menu item: Шурпа, image: 'http://localhost:8000/media/menu_items/1ef19980-8e08-45b7-aff2-5292b5797aa9_kJopm0u.jpeg', image_full_url: 'http://localhost:8000/media/menu_items/1ef19980-8e08-45b7-aff2-5292b5797aa9_kJopm0u.jpeg'
INFO 2025-06-18 06:58:11,483 basehttp 13652 36040 "GET /api/menu-items/?cafe=1 HTTP/1.1" 200 471
DEBUG 2025-06-18 06:58:11,493 middleware 13652 36040 Request from origin: http://localhost:3000
DEBUG 2025-06-18 06:58:11,498 views 13652 36040 Menu item: Шурпа, image: 'http://localhost:8000/media/menu_items/1ef19980-8e08-45b7-aff2-5292b5797aa9_kJopm0u.jpeg', image_full_url: 'http://localhost:8000/media/menu_items/1ef19980-8e08-45b7-aff2-5292b5797aa9_kJopm0u.jpeg'
INFO 2025-06-18 06:58:11,499 basehttp 13652 36040 "GET /api/menu-items/?cafe=1 HTTP/1.1" 200 471
DEBUG 2025-06-18 06:58:12,480 middleware 13652 36040 Request from origin: http://localhost:3000
DEBUG 2025-06-18 06:58:12,480 middleware 13652 19864 Request from origin: http://localhost:3000
INFO 2025-06-18 06:58:12,486 basehttp 13652 36040 "GET /api/cafes/?city=1&t=1750201092478 HTTP/1.1" 200 499
INFO 2025-06-18 06:58:12,487 basehttp 13652 19864 "GET /api/cafes/?city=1&t=1750201092479 HTTP/1.1" 200 499
DEBUG 2025-06-18 06:58:12,501 middleware 13652 19864 Request from origin: 
INFO 2025-06-18 06:58:12,533 basehttp 13652 19864 "GET /media/cafe_covers/XXXL_1_1_ENDyb7O.webp?t=1750201092462 HTTP/1.1" 200 100380
DEBUG 2025-06-18 06:58:13,581 middleware 13652 34496 Request from origin: http://localhost:3000
DEBUG 2025-06-18 06:58:13,585 views 13652 34496 Menu item: Шурпа, image: 'http://localhost:8000/media/menu_items/1ef19980-8e08-45b7-aff2-5292b5797aa9_kJopm0u.jpeg', image_full_url: 'http://localhost:8000/media/menu_items/1ef19980-8e08-45b7-aff2-5292b5797aa9_kJopm0u.jpeg'
INFO 2025-06-18 06:58:13,586 basehttp 13652 34496 "GET /api/menu-items/?cafe=1 HTTP/1.1" 200 471
DEBUG 2025-06-18 06:58:13,587 middleware 13652 34496 Request from origin: http://localhost:3000
DEBUG 2025-06-18 06:58:13,596 views 13652 34496 Menu item: Шурпа, image: 'http://localhost:8000/media/menu_items/1ef19980-8e08-45b7-aff2-5292b5797aa9_kJopm0u.jpeg', image_full_url: 'http://localhost:8000/media/menu_items/1ef19980-8e08-45b7-aff2-5292b5797aa9_kJopm0u.jpeg'
INFO 2025-06-18 06:58:13,597 basehttp 13652 34496 "GET /api/menu-items/?cafe=1 HTTP/1.1" 200 471
INFO 2025-06-18 07:06:10,886 autoreload 35916 30384 Watching for file changes with StatReloader
INFO 2025-06-18 07:06:11,311 middleware 35916 14940 CORS Middleware initialized with allowed origins: ['http://localhost', 'http://localhost:3000', 'http://localhost:80', 'http://127.0.0.1', 'http://127.0.0.1:3000', 'http://127.0.0.1:80', 'http://frontend', 'http://localhost:3001', 'http://127.0.0.1:3001', 'http://localhost:8000', 'http://127.0.0.1:8000', 'https://ec4db675c64c9f.lhr.life']
INFO 2025-06-18 07:06:11,312 middleware 35916 14940 Custom CSRF Middleware initialized with exempt paths: ['/api/auth/login/', '/api/auth/csrf/']
DEBUG 2025-06-18 07:06:17,754 middleware 35916 38672 Request from origin: http://localhost:3000
INFO 2025-06-18 07:06:17,760 views 35916 38672 Health check запрос от 127.0.0.1: ok
INFO 2025-06-18 07:06:17,761 basehttp 35916 38672 "GET /api/health/ HTTP/1.1" 200 250
DEBUG 2025-06-18 07:06:17,763 middleware 35916 38672 Request from origin: http://localhost:3000
INFO 2025-06-18 07:06:17,766 views 35916 38672 Health check запрос от 127.0.0.1: ok
INFO 2025-06-18 07:06:17,766 basehttp 35916 38672 "GET /api/health/ HTTP/1.1" 200 249
DEBUG 2025-06-18 07:06:17,827 middleware 35916 38672 Request from origin: http://localhost:3000
INFO 2025-06-18 07:06:17,834 basehttp 35916 38672 "GET /api/cities/ HTTP/1.1" 200 168
DEBUG 2025-06-18 07:06:17,837 middleware 35916 38672 Request from origin: http://localhost:3000
INFO 2025-06-18 07:06:17,841 basehttp 35916 38672 "GET /api/cities/ HTTP/1.1" 200 168
DEBUG 2025-06-18 07:06:17,848 middleware 35916 38672 Request from origin: http://localhost:3000
DEBUG 2025-06-18 07:06:17,850 middleware 35916 32144 Request from origin: http://localhost:3000
INFO 2025-06-18 07:06:17,858 basehttp 35916 38672 "GET /api/cafes/?city=1&t=1750201577846 HTTP/1.1" 200 499
INFO 2025-06-18 07:06:17,862 basehttp 35916 32144 "GET /api/cafes/?city=1&t=1750201577847 HTTP/1.1" 200 499
DEBUG 2025-06-18 07:06:17,880 middleware 35916 32144 Request from origin: http://localhost:3000
DEBUG 2025-06-18 07:06:17,884 views 35916 32144 Menu item: Шурпа, image: 'http://localhost:8000/media/menu_items/1ef19980-8e08-45b7-aff2-5292b5797aa9_kJopm0u.jpeg', image_full_url: 'http://localhost:8000/media/menu_items/1ef19980-8e08-45b7-aff2-5292b5797aa9_kJopm0u.jpeg'
INFO 2025-06-18 07:06:17,885 basehttp 35916 32144 "GET /api/menu-items/?cafe=1 HTTP/1.1" 200 471
DEBUG 2025-06-18 07:06:17,886 middleware 35916 32144 Request from origin: http://localhost:3000
DEBUG 2025-06-18 07:06:17,890 views 35916 32144 Menu item: Шурпа, image: 'http://localhost:8000/media/menu_items/1ef19980-8e08-45b7-aff2-5292b5797aa9_kJopm0u.jpeg', image_full_url: 'http://localhost:8000/media/menu_items/1ef19980-8e08-45b7-aff2-5292b5797aa9_kJopm0u.jpeg'
INFO 2025-06-18 07:06:17,891 basehttp 35916 32144 "GET /api/menu-items/?cafe=1 HTTP/1.1" 200 471
DEBUG 2025-06-18 07:06:23,305 middleware 35916 31020 Request from origin: 
INFO 2025-06-18 07:06:23,345 basehttp 35916 31020 "GET /admin/cafes/order/ HTTP/1.1" 200 14690
DEBUG 2025-06-18 07:06:23,356 middleware 35916 31020 Request from origin: 
INFO 2025-06-18 07:06:23,360 basehttp 35916 31020 "GET /admin/jsi18n/ HTTP/1.1" 200 17546
DEBUG 2025-06-18 07:06:24,771 middleware 35916 32144 Request from origin: http://localhost:3000
DEBUG 2025-06-18 07:06:24,772 middleware 35916 38672 Request from origin: http://localhost:3000
INFO 2025-06-18 07:06:24,779 basehttp 35916 32144 "GET /api/cafes/?city=1&t=1750201584770 HTTP/1.1" 200 499
INFO 2025-06-18 07:06:24,779 basehttp 35916 38672 "GET /api/cafes/?city=1&t=1750201584771 HTTP/1.1" 200 499
DEBUG 2025-06-18 07:06:24,797 middleware 35916 38672 Request from origin: 
INFO 2025-06-18 07:06:24,831 basehttp 35916 38672 "GET /media/cafe_covers/XXXL_1_1_ENDyb7O.webp?t=1750201584754 HTTP/1.1" 200 100380
DEBUG 2025-06-18 07:06:26,235 middleware 35916 16376 Request from origin: http://localhost:3000
DEBUG 2025-06-18 07:06:26,239 views 35916 16376 Menu item: Шурпа, image: 'http://localhost:8000/media/menu_items/1ef19980-8e08-45b7-aff2-5292b5797aa9_kJopm0u.jpeg', image_full_url: 'http://localhost:8000/media/menu_items/1ef19980-8e08-45b7-aff2-5292b5797aa9_kJopm0u.jpeg'
INFO 2025-06-18 07:06:26,240 basehttp 35916 16376 "GET /api/menu-items/?cafe=1 HTTP/1.1" 200 471
DEBUG 2025-06-18 07:06:26,242 middleware 35916 16376 Request from origin: http://localhost:3000
DEBUG 2025-06-18 07:06:26,246 views 35916 16376 Menu item: Шурпа, image: 'http://localhost:8000/media/menu_items/1ef19980-8e08-45b7-aff2-5292b5797aa9_kJopm0u.jpeg', image_full_url: 'http://localhost:8000/media/menu_items/1ef19980-8e08-45b7-aff2-5292b5797aa9_kJopm0u.jpeg'
INFO 2025-06-18 07:06:26,247 basehttp 35916 16376 "GET /api/menu-items/?cafe=1 HTTP/1.1" 200 471
DEBUG 2025-06-18 07:06:37,772 middleware 35916 31020 Request from origin: 
INFO 2025-06-18 07:06:37,783 basehttp 35916 31020 "GET /admin/cafes/order/ HTTP/1.1" 200 14690
DEBUG 2025-06-18 07:06:37,794 middleware 35916 31020 Request from origin: 
INFO 2025-06-18 07:06:37,798 basehttp 35916 31020 "GET /admin/jsi18n/ HTTP/1.1" 200 17546
DEBUG 2025-06-18 07:06:38,225 middleware 35916 31020 Request from origin: 
INFO 2025-06-18 07:06:38,236 basehttp 35916 31020 "GET /admin/cafes/order/ HTTP/1.1" 200 14690
DEBUG 2025-06-18 07:06:38,247 middleware 35916 31020 Request from origin: 
INFO 2025-06-18 07:06:38,251 basehttp 35916 31020 "GET /admin/jsi18n/ HTTP/1.1" 200 17546
DEBUG 2025-06-18 07:06:38,385 middleware 35916 31020 Request from origin: 
INFO 2025-06-18 07:06:38,396 basehttp 35916 31020 "GET /admin/cafes/order/ HTTP/1.1" 200 14690
DEBUG 2025-06-18 07:06:38,407 middleware 35916 31020 Request from origin: 
INFO 2025-06-18 07:06:38,411 basehttp 35916 31020 "GET /admin/jsi18n/ HTTP/1.1" 200 17546
DEBUG 2025-06-18 07:06:38,561 middleware 35916 31020 Request from origin: 
INFO 2025-06-18 07:06:38,572 basehttp 35916 31020 "GET /admin/cafes/order/ HTTP/1.1" 200 14690
DEBUG 2025-06-18 07:06:38,582 middleware 35916 31020 Request from origin: 
INFO 2025-06-18 07:06:38,586 basehttp 35916 31020 "GET /admin/jsi18n/ HTTP/1.1" 200 17546
DEBUG 2025-06-18 07:06:52,185 middleware 35916 38672 Request from origin: http://localhost:3000
DEBUG 2025-06-18 07:06:52,186 middleware 35916 32144 Request from origin: http://localhost:3000
INFO 2025-06-18 07:06:52,192 basehttp 35916 38672 "GET /api/cafes/?city=1&t=1750201612180 HTTP/1.1" 200 499
INFO 2025-06-18 07:06:52,192 basehttp 35916 32144 "GET /api/cafes/?city=1&t=1750201612181 HTTP/1.1" 200 499
DEBUG 2025-06-18 07:06:52,199 middleware 35916 38672 Request from origin: 
INFO 2025-06-18 07:06:52,201 basehttp 35916 38672 "GET /media/cafe_covers/XXXL_1_1_ENDyb7O.webp?t=1750201612179 HTTP/1.1" 200 100380
DEBUG 2025-06-18 07:06:52,936 middleware 35916 16376 Request from origin: http://localhost:3000
DEBUG 2025-06-18 07:06:52,941 views 35916 16376 Menu item: Шурпа, image: 'http://localhost:8000/media/menu_items/1ef19980-8e08-45b7-aff2-5292b5797aa9_kJopm0u.jpeg', image_full_url: 'http://localhost:8000/media/menu_items/1ef19980-8e08-45b7-aff2-5292b5797aa9_kJopm0u.jpeg'
INFO 2025-06-18 07:06:52,942 basehttp 35916 16376 "GET /api/menu-items/?cafe=1 HTTP/1.1" 200 471
DEBUG 2025-06-18 07:06:52,944 middleware 35916 16376 Request from origin: http://localhost:3000
DEBUG 2025-06-18 07:06:52,948 views 35916 16376 Menu item: Шурпа, image: 'http://localhost:8000/media/menu_items/1ef19980-8e08-45b7-aff2-5292b5797aa9_kJopm0u.jpeg', image_full_url: 'http://localhost:8000/media/menu_items/1ef19980-8e08-45b7-aff2-5292b5797aa9_kJopm0u.jpeg'
INFO 2025-06-18 07:06:52,949 basehttp 35916 16376 "GET /api/menu-items/?cafe=1 HTTP/1.1" 200 471
DEBUG 2025-06-18 07:07:17,711 middleware 35916 31020 Request from origin: 
INFO 2025-06-18 07:07:17,723 basehttp 35916 31020 "GET /admin/cafes/order/ HTTP/1.1" 200 14690
DEBUG 2025-06-18 07:07:17,735 middleware 35916 31020 Request from origin: 
INFO 2025-06-18 07:07:17,739 basehttp 35916 31020 "GET /admin/jsi18n/ HTTP/1.1" 200 17546
DEBUG 2025-06-18 07:07:18,094 middleware 35916 31020 Request from origin: 
INFO 2025-06-18 07:07:18,105 basehttp 35916 31020 "GET /admin/cafes/order/ HTTP/1.1" 200 14690
DEBUG 2025-06-18 07:07:18,115 middleware 35916 31020 Request from origin: 
INFO 2025-06-18 07:07:18,119 basehttp 35916 31020 "GET /admin/jsi18n/ HTTP/1.1" 200 17546
DEBUG 2025-06-18 07:07:18,267 middleware 35916 31020 Request from origin: 
INFO 2025-06-18 07:07:18,277 basehttp 35916 31020 "GET /admin/cafes/order/ HTTP/1.1" 200 14690
DEBUG 2025-06-18 07:07:18,289 middleware 35916 31020 Request from origin: 
INFO 2025-06-18 07:07:18,293 basehttp 35916 31020 "GET /admin/jsi18n/ HTTP/1.1" 200 17546
DEBUG 2025-06-18 07:07:18,417 middleware 35916 31020 Request from origin: 
INFO 2025-06-18 07:07:18,428 basehttp 35916 31020 "GET /admin/cafes/order/ HTTP/1.1" 200 14690
DEBUG 2025-06-18 07:07:18,438 middleware 35916 31020 Request from origin: 
INFO 2025-06-18 07:07:18,442 basehttp 35916 31020 "GET /admin/jsi18n/ HTTP/1.1" 200 17546
DEBUG 2025-06-18 07:07:18,578 middleware 35916 31020 Request from origin: 
INFO 2025-06-18 07:07:18,588 basehttp 35916 31020 "GET /admin/cafes/order/ HTTP/1.1" 200 14690
DEBUG 2025-06-18 07:07:18,599 middleware 35916 31020 Request from origin: 
INFO 2025-06-18 07:07:18,602 basehttp 35916 31020 "GET /admin/jsi18n/ HTTP/1.1" 200 17546
DEBUG 2025-06-18 07:07:18,733 middleware 35916 31020 Request from origin: 
INFO 2025-06-18 07:07:18,745 basehttp 35916 31020 "GET /admin/cafes/order/ HTTP/1.1" 200 14690
DEBUG 2025-06-18 07:07:18,756 middleware 35916 31020 Request from origin: 
INFO 2025-06-18 07:07:18,759 basehttp 35916 31020 "GET /admin/jsi18n/ HTTP/1.1" 200 17546
DEBUG 2025-06-18 07:07:18,918 middleware 35916 31020 Request from origin: 
INFO 2025-06-18 07:07:18,929 basehttp 35916 31020 "GET /admin/cafes/order/ HTTP/1.1" 200 14690
DEBUG 2025-06-18 07:07:18,939 middleware 35916 31020 Request from origin: 
INFO 2025-06-18 07:07:18,943 basehttp 35916 31020 "GET /admin/jsi18n/ HTTP/1.1" 200 17546
DEBUG 2025-06-18 07:07:22,604 middleware 35916 31020 Request from origin: 
INFO 2025-06-18 07:07:22,614 basehttp 35916 31020 "GET /admin/ HTTP/1.1" 200 12515
DEBUG 2025-06-18 07:07:23,373 middleware 35916 31020 Request from origin: 
WARNING 2025-06-18 07:07:23,379 log 35916 31020 Not Found: /favicon.ico
WARNING 2025-06-18 07:07:23,380 basehttp 35916 31020 "GET /favicon.ico HTTP/1.1" 404 2340
DEBUG 2025-06-18 07:07:25,471 middleware 35916 31020 Request from origin: 
INFO 2025-06-18 07:07:25,483 basehttp 35916 31020 "GET /admin/cafes/order/ HTTP/1.1" 200 14690
DEBUG 2025-06-18 07:07:25,498 middleware 35916 31020 Request from origin: 
INFO 2025-06-18 07:07:25,502 basehttp 35916 31020 "GET /admin/jsi18n/ HTTP/1.1" 200 17546
DEBUG 2025-06-18 07:07:27,184 middleware 35916 31020 Request from origin: 
INFO 2025-06-18 07:07:27,195 basehttp 35916 31020 "GET /admin/cafes/order/ HTTP/1.1" 200 14690
DEBUG 2025-06-18 07:07:27,206 middleware 35916 31020 Request from origin: 
INFO 2025-06-18 07:07:27,210 basehttp 35916 31020 "GET /admin/jsi18n/ HTTP/1.1" 200 17546
DEBUG 2025-06-18 07:07:31,405 middleware 35916 31020 Request from origin: 
INFO 2025-06-18 07:07:31,416 basehttp 35916 31020 "GET /admin/cafes/order/ HTTP/1.1" 200 14690
DEBUG 2025-06-18 07:07:31,429 middleware 35916 31020 Request from origin: 
INFO 2025-06-18 07:07:31,433 basehttp 35916 31020 "GET /admin/jsi18n/ HTTP/1.1" 200 17546
DEBUG 2025-06-18 07:08:02,755 middleware 35916 31020 Request from origin: 
INFO 2025-06-18 07:08:02,796 basehttp 35916 31020 "GET /admin/cafes/order/2/change/ HTTP/1.1" 200 25062
DEBUG 2025-06-18 07:08:02,812 middleware 35916 31020 Request from origin: 
INFO 2025-06-18 07:08:02,815 basehttp 35916 27704 "GET /static/admin/js/inlines.js HTTP/1.1" 304 0
INFO 2025-06-18 07:08:02,818 basehttp 35916 31020 "GET /admin/jsi18n/ HTTP/1.1" 200 17546
INFO 2025-06-18 07:08:02,896 basehttp 35916 31020 "GET /static/admin/img/inline-delete.svg HTTP/1.1" 304 0
INFO 2025-06-18 07:15:42,364 autoreload 24764 39732 Watching for file changes with StatReloader
INFO 2025-06-18 07:15:42,784 middleware 24764 27184 CORS Middleware initialized with allowed origins: ['http://localhost', 'http://localhost:3000', 'http://localhost:80', 'http://127.0.0.1', 'http://127.0.0.1:3000', 'http://127.0.0.1:80', 'http://frontend', 'http://localhost:3001', 'http://127.0.0.1:3001', 'http://localhost:8000', 'http://127.0.0.1:8000', 'https://ec4db675c64c9f.lhr.life']
INFO 2025-06-18 07:15:42,785 middleware 24764 27184 Custom CSRF Middleware initialized with exempt paths: ['/api/auth/login/', '/api/auth/csrf/']
DEBUG 2025-06-18 07:15:50,512 middleware 24764 29716 Request from origin: 
INFO 2025-06-18 07:15:50,564 basehttp 24764 29716 "GET /admin/cafes/order/ HTTP/1.1" 200 14690
DEBUG 2025-06-18 07:15:50,585 middleware 24764 29716 Request from origin: 
INFO 2025-06-18 07:15:50,591 basehttp 24764 29716 "GET /admin/jsi18n/ HTTP/1.1" 200 17546
DEBUG 2025-06-18 07:15:50,808 middleware 24764 7592 Request from origin: http://localhost:3000
INFO 2025-06-18 07:15:50,812 views 24764 7592 Health check запрос от 127.0.0.1: ok
INFO 2025-06-18 07:15:50,812 basehttp 24764 7592 "GET /api/health/ HTTP/1.1" 200 250
DEBUG 2025-06-18 07:15:50,814 middleware 24764 7592 Request from origin: http://localhost:3000
INFO 2025-06-18 07:15:50,816 views 24764 7592 Health check запрос от 127.0.0.1: ok
INFO 2025-06-18 07:15:50,817 basehttp 24764 7592 "GET /api/health/ HTTP/1.1" 200 250
DEBUG 2025-06-18 07:15:50,827 middleware 24764 7592 Request from origin: http://localhost:3000
INFO 2025-06-18 07:15:50,830 basehttp 24764 7592 "GET /api/cities/ HTTP/1.1" 200 168
DEBUG 2025-06-18 07:15:50,882 middleware 24764 7592 Request from origin: http://localhost:3000
INFO 2025-06-18 07:15:50,884 basehttp 24764 7592 "GET /api/cities/ HTTP/1.1" 200 168
DEBUG 2025-06-18 07:15:50,891 middleware 24764 7592 Request from origin: http://localhost:3000
DEBUG 2025-06-18 07:15:50,893 middleware 24764 10320 Request from origin: http://localhost:3000
INFO 2025-06-18 07:15:50,899 basehttp 24764 7592 "GET /api/cafes/?city=1&t=1750202150889 HTTP/1.1" 200 499
INFO 2025-06-18 07:15:50,899 basehttp 24764 10320 "GET /api/cafes/?city=1&t=1750202150890 HTTP/1.1" 200 499
DEBUG 2025-06-18 07:15:50,906 middleware 24764 10320 Request from origin: http://localhost:3000
DEBUG 2025-06-18 07:15:50,910 views 24764 10320 Menu item: Шурпа, image: 'http://localhost:8000/media/menu_items/1ef19980-8e08-45b7-aff2-5292b5797aa9_kJopm0u.jpeg', image_full_url: 'http://localhost:8000/media/menu_items/1ef19980-8e08-45b7-aff2-5292b5797aa9_kJopm0u.jpeg'
INFO 2025-06-18 07:15:50,911 basehttp 24764 10320 "GET /api/menu-items/?cafe=1 HTTP/1.1" 200 471
DEBUG 2025-06-18 07:15:50,912 middleware 24764 10320 Request from origin: http://localhost:3000
DEBUG 2025-06-18 07:15:50,915 views 24764 10320 Menu item: Шурпа, image: 'http://localhost:8000/media/menu_items/1ef19980-8e08-45b7-aff2-5292b5797aa9_kJopm0u.jpeg', image_full_url: 'http://localhost:8000/media/menu_items/1ef19980-8e08-45b7-aff2-5292b5797aa9_kJopm0u.jpeg'
INFO 2025-06-18 07:15:50,915 basehttp 24764 10320 "GET /api/menu-items/?cafe=1 HTTP/1.1" 200 471
DEBUG 2025-06-18 07:15:51,294 middleware 24764 29716 Request from origin: 
INFO 2025-06-18 07:15:51,307 basehttp 24764 29716 "GET /admin/cafes/order/ HTTP/1.1" 200 14690
DEBUG 2025-06-18 07:15:51,318 middleware 24764 29716 Request from origin: 
INFO 2025-06-18 07:15:51,322 basehttp 24764 29716 "GET /admin/jsi18n/ HTTP/1.1" 200 17546
DEBUG 2025-06-18 07:15:51,635 middleware 24764 29716 Request from origin: 
INFO 2025-06-18 07:15:51,648 basehttp 24764 29716 "GET /admin/cafes/order/ HTTP/1.1" 200 14690
DEBUG 2025-06-18 07:15:51,661 middleware 24764 29716 Request from origin: 
INFO 2025-06-18 07:15:51,665 basehttp 24764 29716 "GET /admin/jsi18n/ HTTP/1.1" 200 17546
DEBUG 2025-06-18 07:15:51,868 middleware 24764 29716 Request from origin: 
INFO 2025-06-18 07:15:51,880 basehttp 24764 29716 "GET /admin/cafes/order/ HTTP/1.1" 200 14690
DEBUG 2025-06-18 07:15:51,891 middleware 24764 29716 Request from origin: 
INFO 2025-06-18 07:15:51,895 basehttp 24764 29716 "GET /admin/jsi18n/ HTTP/1.1" 200 17546
DEBUG 2025-06-18 07:15:53,336 middleware 24764 10320 Request from origin: http://localhost:3000
DEBUG 2025-06-18 07:15:53,336 middleware 24764 7592 Request from origin: http://localhost:3000
INFO 2025-06-18 07:15:53,343 basehttp 24764 7592 "GET /api/cafes/?city=1&t=1750202153335 HTTP/1.1" 200 499
INFO 2025-06-18 07:15:53,343 basehttp 24764 10320 "GET /api/cafes/?city=1&t=1750202153334 HTTP/1.1" 200 499
DEBUG 2025-06-18 07:15:53,358 middleware 24764 7592 Request from origin: 
INFO 2025-06-18 07:15:53,391 basehttp 24764 7592 "GET /media/cafe_covers/XXXL_1_1_ENDyb7O.webp?t=1750202153318 HTTP/1.1" 200 100380
DEBUG 2025-06-18 07:15:54,328 middleware 24764 30180 Request from origin: http://localhost:3000
DEBUG 2025-06-18 07:15:54,332 views 24764 30180 Menu item: Шурпа, image: 'http://localhost:8000/media/menu_items/1ef19980-8e08-45b7-aff2-5292b5797aa9_kJopm0u.jpeg', image_full_url: 'http://localhost:8000/media/menu_items/1ef19980-8e08-45b7-aff2-5292b5797aa9_kJopm0u.jpeg'
INFO 2025-06-18 07:15:54,333 basehttp 24764 30180 "GET /api/menu-items/?cafe=1 HTTP/1.1" 200 471
DEBUG 2025-06-18 07:15:54,334 middleware 24764 30180 Request from origin: http://localhost:3000
DEBUG 2025-06-18 07:15:54,339 views 24764 30180 Menu item: Шурпа, image: 'http://localhost:8000/media/menu_items/1ef19980-8e08-45b7-aff2-5292b5797aa9_kJopm0u.jpeg', image_full_url: 'http://localhost:8000/media/menu_items/1ef19980-8e08-45b7-aff2-5292b5797aa9_kJopm0u.jpeg'
INFO 2025-06-18 07:15:54,339 basehttp 24764 30180 "GET /api/menu-items/?cafe=1 HTTP/1.1" 200 471
DEBUG 2025-06-18 07:16:05,865 middleware 24764 29716 Request from origin: 
INFO 2025-06-18 07:16:05,877 basehttp 24764 29716 "GET /admin/cafes/order/ HTTP/1.1" 200 14690
DEBUG 2025-06-18 07:16:05,888 middleware 24764 29716 Request from origin: 
INFO 2025-06-18 07:16:05,891 basehttp 24764 29716 "GET /admin/jsi18n/ HTTP/1.1" 200 17546
DEBUG 2025-06-18 07:16:06,767 middleware 24764 29716 Request from origin: 
INFO 2025-06-18 07:16:06,778 basehttp 24764 29716 "GET /admin/cafes/order/ HTTP/1.1" 200 14690
DEBUG 2025-06-18 07:16:06,789 middleware 24764 29716 Request from origin: 
INFO 2025-06-18 07:16:06,793 basehttp 24764 29716 "GET /admin/jsi18n/ HTTP/1.1" 200 17546
DEBUG 2025-06-18 07:16:06,975 middleware 24764 29716 Request from origin: 
INFO 2025-06-18 07:16:06,987 basehttp 24764 29716 "GET /admin/cafes/order/ HTTP/1.1" 200 14690
DEBUG 2025-06-18 07:16:06,998 middleware 24764 29716 Request from origin: 
INFO 2025-06-18 07:16:07,002 basehttp 24764 29716 "GET /admin/jsi18n/ HTTP/1.1" 200 17546
DEBUG 2025-06-18 07:16:07,154 middleware 24764 29716 Request from origin: 
INFO 2025-06-18 07:16:07,165 basehttp 24764 29716 "GET /admin/cafes/order/ HTTP/1.1" 200 14690
DEBUG 2025-06-18 07:16:07,175 middleware 24764 29716 Request from origin: 
INFO 2025-06-18 07:16:07,180 basehttp 24764 29716 "GET /admin/jsi18n/ HTTP/1.1" 200 17546
DEBUG 2025-06-18 07:16:07,338 middleware 24764 29716 Request from origin: 
INFO 2025-06-18 07:16:07,350 basehttp 24764 29716 "GET /admin/cafes/order/ HTTP/1.1" 200 14690
DEBUG 2025-06-18 07:16:07,360 middleware 24764 29716 Request from origin: 
INFO 2025-06-18 07:16:07,364 basehttp 24764 29716 "GET /admin/jsi18n/ HTTP/1.1" 200 17546
DEBUG 2025-06-18 07:16:07,509 middleware 24764 29716 Request from origin: 
INFO 2025-06-18 07:16:07,520 basehttp 24764 29716 "GET /admin/cafes/order/ HTTP/1.1" 200 14690
DEBUG 2025-06-18 07:16:07,531 middleware 24764 29716 Request from origin: 
INFO 2025-06-18 07:16:07,535 basehttp 24764 29716 "GET /admin/jsi18n/ HTTP/1.1" 200 17546
DEBUG 2025-06-18 07:16:07,670 middleware 24764 29716 Request from origin: 
INFO 2025-06-18 07:16:07,683 basehttp 24764 29716 "GET /admin/cafes/order/ HTTP/1.1" 200 14690
DEBUG 2025-06-18 07:16:07,695 middleware 24764 29716 Request from origin: 
INFO 2025-06-18 07:16:07,698 basehttp 24764 29716 "GET /admin/jsi18n/ HTTP/1.1" 200 17546
DEBUG 2025-06-18 07:16:07,844 middleware 24764 29716 Request from origin: 
INFO 2025-06-18 07:16:07,856 basehttp 24764 29716 "GET /admin/cafes/order/ HTTP/1.1" 200 14690
DEBUG 2025-06-18 07:16:07,866 middleware 24764 29716 Request from origin: 
INFO 2025-06-18 07:16:07,870 basehttp 24764 29716 "GET /admin/jsi18n/ HTTP/1.1" 200 17546
INFO 2025-06-18 07:19:09,356 autoreload 9120 9092 Watching for file changes with StatReloader
INFO 2025-06-18 07:19:09,763 middleware 9120 40392 CORS Middleware initialized with allowed origins: ['http://localhost', 'http://localhost:3000', 'http://localhost:80', 'http://127.0.0.1', 'http://127.0.0.1:3000', 'http://127.0.0.1:80', 'http://frontend', 'http://localhost:3001', 'http://127.0.0.1:3001', 'http://localhost:8000', 'http://127.0.0.1:8000', 'https://ec4db675c64c9f.lhr.life']
INFO 2025-06-18 07:19:09,764 middleware 9120 40392 Custom CSRF Middleware initialized with exempt paths: ['/api/auth/login/', '/api/auth/csrf/']
DEBUG 2025-06-18 07:19:13,831 middleware 9120 7388 Request from origin: http://localhost:3000
INFO 2025-06-18 07:19:13,836 views 9120 7388 Health check запрос от 127.0.0.1: ok
INFO 2025-06-18 07:19:13,837 basehttp 9120 7388 "GET /api/health/ HTTP/1.1" 200 249
DEBUG 2025-06-18 07:19:13,839 middleware 9120 7388 Request from origin: http://localhost:3000
INFO 2025-06-18 07:19:13,841 views 9120 7388 Health check запрос от 127.0.0.1: ok
INFO 2025-06-18 07:19:13,842 basehttp 9120 7388 "GET /api/health/ HTTP/1.1" 200 249
DEBUG 2025-06-18 07:19:13,843 middleware 9120 7388 Request from origin: http://localhost:3000
INFO 2025-06-18 07:19:13,849 basehttp 9120 7388 "GET /api/cities/ HTTP/1.1" 200 168
DEBUG 2025-06-18 07:19:13,918 middleware 9120 7388 Request from origin: http://localhost:3000
INFO 2025-06-18 07:19:13,922 basehttp 9120 7388 "GET /api/cities/ HTTP/1.1" 200 168
DEBUG 2025-06-18 07:19:13,941 middleware 9120 7388 Request from origin: http://localhost:3000
DEBUG 2025-06-18 07:19:13,942 middleware 9120 21968 Request from origin: http://localhost:3000
INFO 2025-06-18 07:19:13,953 basehttp 9120 7388 "GET /api/cafes/?city=1&t=1750202353922 HTTP/1.1" 200 499
INFO 2025-06-18 07:19:13,954 basehttp 9120 21968 "GET /api/cafes/?city=1&t=1750202353936 HTTP/1.1" 200 499
DEBUG 2025-06-18 07:19:13,964 middleware 9120 21968 Request from origin: http://localhost:3000
DEBUG 2025-06-18 07:19:13,970 views 9120 21968 Menu item: Шурпа, image: 'http://localhost:8000/media/menu_items/1ef19980-8e08-45b7-aff2-5292b5797aa9_kJopm0u.jpeg', image_full_url: 'http://localhost:8000/media/menu_items/1ef19980-8e08-45b7-aff2-5292b5797aa9_kJopm0u.jpeg'
INFO 2025-06-18 07:19:13,971 basehttp 9120 21968 "GET /api/menu-items/?cafe=1 HTTP/1.1" 200 471
DEBUG 2025-06-18 07:19:13,972 middleware 9120 21968 Request from origin: http://localhost:3000
DEBUG 2025-06-18 07:19:13,976 views 9120 21968 Menu item: Шурпа, image: 'http://localhost:8000/media/menu_items/1ef19980-8e08-45b7-aff2-5292b5797aa9_kJopm0u.jpeg', image_full_url: 'http://localhost:8000/media/menu_items/1ef19980-8e08-45b7-aff2-5292b5797aa9_kJopm0u.jpeg'
INFO 2025-06-18 07:19:13,977 basehttp 9120 21968 "GET /api/menu-items/?cafe=1 HTTP/1.1" 200 471
DEBUG 2025-06-18 07:19:14,879 middleware 9120 33428 Request from origin: 
INFO 2025-06-18 07:19:14,920 basehttp 9120 33428 "GET /admin/cafes/order/ HTTP/1.1" 200 14690
DEBUG 2025-06-18 07:19:14,931 middleware 9120 33428 Request from origin: 
INFO 2025-06-18 07:19:14,935 basehttp 9120 33428 "GET /admin/jsi18n/ HTTP/1.1" 200 17546
DEBUG 2025-06-18 07:19:16,335 middleware 9120 21968 Request from origin: http://localhost:3000
DEBUG 2025-06-18 07:19:16,338 middleware 9120 7388 Request from origin: http://localhost:3000
INFO 2025-06-18 07:19:16,345 basehttp 9120 21968 "GET /api/cafes/?city=1&t=1750202356333 HTTP/1.1" 200 499
INFO 2025-06-18 07:19:16,347 basehttp 9120 7388 "GET /api/cafes/?city=1&t=1750202356335 HTTP/1.1" 200 499
DEBUG 2025-06-18 07:19:16,369 middleware 9120 7388 Request from origin: 
INFO 2025-06-18 07:19:16,405 basehttp 9120 7388 "GET /media/cafe_covers/XXXL_1_1_ENDyb7O.webp?t=1750202356301 HTTP/1.1" 200 100380
DEBUG 2025-06-18 07:19:17,400 middleware 9120 18276 Request from origin: http://localhost:3000
DEBUG 2025-06-18 07:19:17,405 views 9120 18276 Menu item: Шурпа, image: 'http://localhost:8000/media/menu_items/1ef19980-8e08-45b7-aff2-5292b5797aa9_kJopm0u.jpeg', image_full_url: 'http://localhost:8000/media/menu_items/1ef19980-8e08-45b7-aff2-5292b5797aa9_kJopm0u.jpeg'
INFO 2025-06-18 07:19:17,405 basehttp 9120 18276 "GET /api/menu-items/?cafe=1 HTTP/1.1" 200 471
DEBUG 2025-06-18 07:19:17,407 middleware 9120 18276 Request from origin: http://localhost:3000
DEBUG 2025-06-18 07:19:17,412 views 9120 18276 Menu item: Шурпа, image: 'http://localhost:8000/media/menu_items/1ef19980-8e08-45b7-aff2-5292b5797aa9_kJopm0u.jpeg', image_full_url: 'http://localhost:8000/media/menu_items/1ef19980-8e08-45b7-aff2-5292b5797aa9_kJopm0u.jpeg'
INFO 2025-06-18 07:19:17,413 basehttp 9120 18276 "GET /api/menu-items/?cafe=1 HTTP/1.1" 200 471
DEBUG 2025-06-18 07:19:29,480 middleware 9120 33428 Request from origin: 
INFO 2025-06-18 07:19:29,493 basehttp 9120 33428 "GET /admin/cafes/order/ HTTP/1.1" 200 14690
DEBUG 2025-06-18 07:19:29,506 middleware 9120 33428 Request from origin: 
INFO 2025-06-18 07:19:29,510 basehttp 9120 33428 "GET /admin/jsi18n/ HTTP/1.1" 200 17546
DEBUG 2025-06-18 07:19:29,822 middleware 9120 33428 Request from origin: 
INFO 2025-06-18 07:19:29,835 basehttp 9120 33428 "GET /admin/cafes/order/ HTTP/1.1" 200 14690
DEBUG 2025-06-18 07:19:29,847 middleware 9120 33428 Request from origin: 
INFO 2025-06-18 07:19:29,852 basehttp 9120 33428 "GET /admin/jsi18n/ HTTP/1.1" 200 17546
DEBUG 2025-06-18 07:19:30,034 middleware 9120 33428 Request from origin: 
INFO 2025-06-18 07:19:30,047 basehttp 9120 33428 "GET /admin/cafes/order/ HTTP/1.1" 200 14690
DEBUG 2025-06-18 07:19:30,061 middleware 9120 33428 Request from origin: 
INFO 2025-06-18 07:19:30,066 basehttp 9120 33428 "GET /admin/jsi18n/ HTTP/1.1" 200 17546
DEBUG 2025-06-18 07:19:30,248 middleware 9120 33428 Request from origin: 
INFO 2025-06-18 07:19:30,260 basehttp 9120 33428 "GET /admin/cafes/order/ HTTP/1.1" 200 14690
DEBUG 2025-06-18 07:19:30,273 middleware 9120 33428 Request from origin: 
INFO 2025-06-18 07:19:30,277 basehttp 9120 33428 "GET /admin/jsi18n/ HTTP/1.1" 200 17546
DEBUG 2025-06-18 07:19:30,492 middleware 9120 33428 Request from origin: 
INFO 2025-06-18 07:19:30,505 basehttp 9120 33428 "GET /admin/cafes/order/ HTTP/1.1" 200 14690
DEBUG 2025-06-18 07:19:30,518 middleware 9120 33428 Request from origin: 
INFO 2025-06-18 07:19:30,522 basehttp 9120 33428 "GET /admin/jsi18n/ HTTP/1.1" 200 17546
INFO 2025-06-18 07:20:36,552 autoreload 37732 3900 Watching for file changes with StatReloader
INFO 2025-06-18 07:20:36,969 middleware 37732 30100 CORS Middleware initialized with allowed origins: ['http://localhost', 'http://localhost:3000', 'http://localhost:80', 'http://127.0.0.1', 'http://127.0.0.1:3000', 'http://127.0.0.1:80', 'http://frontend', 'http://localhost:3001', 'http://127.0.0.1:3001', 'http://localhost:8000', 'http://127.0.0.1:8000', 'https://ec4db675c64c9f.lhr.life']
INFO 2025-06-18 07:20:36,970 middleware 37732 30100 Custom CSRF Middleware initialized with exempt paths: ['/api/auth/login/', '/api/auth/csrf/']
DEBUG 2025-06-18 07:21:00,841 middleware 37732 29788 Request from origin: http://localhost:3000
INFO 2025-06-18 07:21:00,847 views 37732 29788 Health check запрос от 127.0.0.1: ok
INFO 2025-06-18 07:21:00,849 basehttp 37732 29788 "GET /api/health/ HTTP/1.1" 200 249
DEBUG 2025-06-18 07:21:00,852 middleware 37732 29788 Request from origin: http://localhost:3000
INFO 2025-06-18 07:21:00,855 views 37732 29788 Health check запрос от 127.0.0.1: ok
INFO 2025-06-18 07:21:00,856 basehttp 37732 29788 "GET /api/health/ HTTP/1.1" 200 250
DEBUG 2025-06-18 07:21:00,916 middleware 37732 29788 Request from origin: http://localhost:3000
INFO 2025-06-18 07:21:00,921 basehttp 37732 29788 "GET /api/cities/ HTTP/1.1" 200 168
DEBUG 2025-06-18 07:21:00,922 middleware 37732 29788 Request from origin: http://localhost:3000
INFO 2025-06-18 07:21:00,926 basehttp 37732 29788 "GET /api/cities/ HTTP/1.1" 200 168
DEBUG 2025-06-18 07:21:00,927 middleware 37732 23416 Request from origin: http://localhost:3000
INFO 2025-06-18 07:21:00,934 basehttp 37732 23416 "GET /api/cafes/?city=1&t=1750202460924 HTTP/1.1" 200 499
DEBUG 2025-06-18 07:21:00,942 middleware 37732 23416 Request from origin: http://localhost:3000
INFO 2025-06-18 07:21:00,948 basehttp 37732 23416 "GET /api/cafes/?city=1&t=1750202460940 HTTP/1.1" 200 499
DEBUG 2025-06-18 07:21:00,962 middleware 37732 23416 Request from origin: http://localhost:3000
DEBUG 2025-06-18 07:21:00,969 views 37732 23416 Menu item: Шурпа, image: 'http://localhost:8000/media/menu_items/1ef19980-8e08-45b7-aff2-5292b5797aa9_kJopm0u.jpeg', image_full_url: 'http://localhost:8000/media/menu_items/1ef19980-8e08-45b7-aff2-5292b5797aa9_kJopm0u.jpeg'
INFO 2025-06-18 07:21:00,970 basehttp 37732 23416 "GET /api/menu-items/?cafe=1 HTTP/1.1" 200 471
DEBUG 2025-06-18 07:21:00,972 middleware 37732 23416 Request from origin: http://localhost:3000
DEBUG 2025-06-18 07:21:00,976 views 37732 23416 Menu item: Шурпа, image: 'http://localhost:8000/media/menu_items/1ef19980-8e08-45b7-aff2-5292b5797aa9_kJopm0u.jpeg', image_full_url: 'http://localhost:8000/media/menu_items/1ef19980-8e08-45b7-aff2-5292b5797aa9_kJopm0u.jpeg'
INFO 2025-06-18 07:21:00,977 basehttp 37732 23416 "GET /api/menu-items/?cafe=1 HTTP/1.1" 200 471
INFO 2025-06-18 07:22:57,154 autoreload 37732 3900 C:\Users\AsusLaptop\Desktop\kulcha\backend\cafes\views.py changed, reloading.
INFO 2025-06-18 07:22:57,575 autoreload 32176 35044 Watching for file changes with StatReloader
INFO 2025-06-18 07:22:58,003 middleware 32176 38880 CORS Middleware initialized with allowed origins: ['http://localhost', 'http://localhost:3000', 'http://localhost:80', 'http://127.0.0.1', 'http://127.0.0.1:3000', 'http://127.0.0.1:80', 'http://frontend', 'http://localhost:3001', 'http://127.0.0.1:3001', 'http://localhost:8000', 'http://127.0.0.1:8000', 'https://ec4db675c64c9f.lhr.life']
INFO 2025-06-18 07:22:58,004 middleware 32176 38880 Custom CSRF Middleware initialized with exempt paths: ['/api/auth/login/', '/api/auth/csrf/']
INFO 2025-06-18 07:23:00,282 autoreload 32176 35044 C:\Users\AsusLaptop\Desktop\kulcha\backend\cafes\views.py changed, reloading.
INFO 2025-06-18 07:23:00,690 autoreload 14192 10812 Watching for file changes with StatReloader
INFO 2025-06-18 07:23:01,116 middleware 14192 16524 CORS Middleware initialized with allowed origins: ['http://localhost', 'http://localhost:3000', 'http://localhost:80', 'http://127.0.0.1', 'http://127.0.0.1:3000', 'http://127.0.0.1:80', 'http://frontend', 'http://localhost:3001', 'http://127.0.0.1:3001', 'http://localhost:8000', 'http://127.0.0.1:8000', 'https://ec4db675c64c9f.lhr.life']
INFO 2025-06-18 07:23:01,117 middleware 14192 16524 Custom CSRF Middleware initialized with exempt paths: ['/api/auth/login/', '/api/auth/csrf/']
DEBUG 2025-06-18 07:24:35,617 middleware 14192 40608 Request from origin: http://localhost:3000
INFO 2025-06-18 07:24:35,621 views 14192 40608 Health check запрос от 127.0.0.1: ok
INFO 2025-06-18 07:24:35,622 basehttp 14192 40608 "GET /api/health/ HTTP/1.1" 200 250
DEBUG 2025-06-18 07:24:35,626 middleware 14192 40608 Request from origin: http://localhost:3000
INFO 2025-06-18 07:24:35,631 basehttp 14192 40608 "GET /api/cities/ HTTP/1.1" 200 168
DEBUG 2025-06-18 07:24:35,634 middleware 14192 40608 Request from origin: http://localhost:3000
INFO 2025-06-18 07:24:35,640 basehttp 14192 40608 "GET /api/cafes/?city=1&t=1750202675632 HTTP/1.1" 200 499
DEBUG 2025-06-18 07:24:35,643 middleware 14192 40608 Request from origin: http://localhost:3000
DEBUG 2025-06-18 07:24:35,648 views 14192 40608 Menu item: Шурпа, image: 'http://localhost:8000/media/menu_items/1ef19980-8e08-45b7-aff2-5292b5797aa9_kJopm0u.jpeg', image_full_url: 'http://localhost:8000/media/menu_items/1ef19980-8e08-45b7-aff2-5292b5797aa9_kJopm0u.jpeg'
INFO 2025-06-18 07:24:35,649 basehttp 14192 40608 "GET /api/menu-items/?cafe=1 HTTP/1.1" 200 471
INFO 2025-06-18 07:26:00,648 autoreload 16064 33280 Watching for file changes with StatReloader
INFO 2025-06-18 07:26:01,074 middleware 16064 15020 CORS Middleware initialized with allowed origins: ['http://localhost', 'http://localhost:3000', 'http://localhost:80', 'http://127.0.0.1', 'http://127.0.0.1:3000', 'http://127.0.0.1:80', 'http://frontend', 'http://localhost:3001', 'http://127.0.0.1:3001', 'http://localhost:8000', 'http://127.0.0.1:8000', 'https://ec4db675c64c9f.lhr.life']
INFO 2025-06-18 07:26:01,075 middleware 16064 15020 Custom CSRF Middleware initialized with exempt paths: ['/api/auth/login/', '/api/auth/csrf/']
DEBUG 2025-06-18 07:26:21,615 middleware 16064 36060 Request from origin: http://localhost:3000
INFO 2025-06-18 07:26:21,619 views 16064 36060 Health check запрос от 127.0.0.1: ok
INFO 2025-06-18 07:26:21,620 basehttp 16064 36060 "GET /api/health/ HTTP/1.1" 200 250
DEBUG 2025-06-18 07:26:21,623 middleware 16064 36060 Request from origin: http://localhost:3000
INFO 2025-06-18 07:26:21,627 basehttp 16064 36060 "GET /api/cities/ HTTP/1.1" 200 168
DEBUG 2025-06-18 07:26:21,630 middleware 16064 36060 Request from origin: http://localhost:3000
INFO 2025-06-18 07:26:21,635 basehttp 16064 36060 "GET /api/cafes/?city=1&t=1750202781628 HTTP/1.1" 200 499
DEBUG 2025-06-18 07:26:21,637 middleware 16064 36060 Request from origin: http://localhost:3000
DEBUG 2025-06-18 07:26:21,641 views 16064 36060 Menu item: Шурпа, image: 'http://localhost:8000/media/menu_items/1ef19980-8e08-45b7-aff2-5292b5797aa9_kJopm0u.jpeg', image_full_url: 'http://localhost:8000/media/menu_items/1ef19980-8e08-45b7-aff2-5292b5797aa9_kJopm0u.jpeg'
INFO 2025-06-18 07:26:21,642 basehttp 16064 36060 "GET /api/menu-items/?cafe=1 HTTP/1.1" 200 471
INFO 2025-06-18 07:31:11,922 autoreload 37576 15012 Watching for file changes with StatReloader
INFO 2025-06-18 07:31:12,346 middleware 37576 6456 CORS Middleware initialized with allowed origins: ['http://localhost', 'http://localhost:3000', 'http://localhost:80', 'http://127.0.0.1', 'http://127.0.0.1:3000', 'http://127.0.0.1:80', 'http://frontend', 'http://localhost:3001', 'http://127.0.0.1:3001', 'http://localhost:8000', 'http://127.0.0.1:8000', 'https://ec4db675c64c9f.lhr.life']
INFO 2025-06-18 07:31:12,347 middleware 37576 6456 Custom CSRF Middleware initialized with exempt paths: ['/api/auth/login/', '/api/auth/csrf/']
DEBUG 2025-06-18 07:31:15,571 middleware 37576 11168 Request from origin: http://localhost:3000
DEBUG 2025-06-18 07:31:15,571 middleware 37576 36532 Request from origin: http://localhost:3000
INFO 2025-06-18 07:31:15,581 basehttp 37576 11168 "GET /api/cafes/?city=1&t=1750203075566 HTTP/1.1" 200 499
INFO 2025-06-18 07:31:15,581 basehttp 37576 36532 "GET /api/cafes/?city=1&t=1750203075567 HTTP/1.1" 200 499
DEBUG 2025-06-18 07:31:15,596 middleware 37576 36532 Request from origin: 
INFO 2025-06-18 07:31:15,626 basehttp 37576 36532 "GET /media/cafe_covers/XXXL_1_1_ENDyb7O.webp?t=1750203075552 HTTP/1.1" 200 100380
DEBUG 2025-06-18 07:31:16,862 middleware 37576 35552 Request from origin: http://localhost:3000
DEBUG 2025-06-18 07:31:16,866 views 37576 35552 Menu item: Шурпа, image: 'http://localhost:8000/media/menu_items/1ef19980-8e08-45b7-aff2-5292b5797aa9_kJopm0u.jpeg', image_full_url: 'http://localhost:8000/media/menu_items/1ef19980-8e08-45b7-aff2-5292b5797aa9_kJopm0u.jpeg'
INFO 2025-06-18 07:31:16,867 basehttp 37576 35552 "GET /api/menu-items/?cafe=1 HTTP/1.1" 200 471
DEBUG 2025-06-18 07:31:16,868 middleware 37576 35552 Request from origin: http://localhost:3000
DEBUG 2025-06-18 07:31:16,872 views 37576 35552 Menu item: Шурпа, image: 'http://localhost:8000/media/menu_items/1ef19980-8e08-45b7-aff2-5292b5797aa9_kJopm0u.jpeg', image_full_url: 'http://localhost:8000/media/menu_items/1ef19980-8e08-45b7-aff2-5292b5797aa9_kJopm0u.jpeg'
INFO 2025-06-18 07:31:16,873 basehttp 37576 35552 "GET /api/menu-items/?cafe=1 HTTP/1.1" 200 471
DEBUG 2025-06-18 07:31:26,892 middleware 37576 35552 Request from origin: http://localhost:3000
DEBUG 2025-06-18 07:31:26,892 middleware 37576 35552 CSRF Processing path: api/auth/csrf/, Method: GET
DEBUG 2025-06-18 07:31:26,892 middleware 37576 35552 CSRF token in cookie: True
DEBUG 2025-06-18 07:31:26,892 middleware 37576 35552 CSRF token in header: False
DEBUG 2025-06-18 07:31:26,892 middleware 37576 35552 CSRF cookie token (first 6): 44ajm2...
INFO 2025-06-18 07:31:26,894 auth 37576 35552 Запрос CSRF токена
INFO 2025-06-18 07:31:26,894 auth 37576 35552 CSRF запрос от Origin: http://localhost:3000, Referer: http://localhost:3000/
DEBUG 2025-06-18 07:31:26,895 auth 37576 35552 User-Agent: Mozilla/5.0 (Windows NT 10.0; Win64; x64) AppleWebKit/537.36 (KHTML, like Gecko) Chrome/134.0.0.0 Safari/537.36 OPR/119.0.0.0
INFO 2025-06-18 07:31:26,895 auth 37576 35552 CSRF токен сгенерирован: 4FM2bT... (первые 6 символов)
DEBUG 2025-06-18 07:31:26,895 auth 37576 35552 Настройки CSRF cookie: {'csrf_cookie': {'name': 'csrftoken', 'secure': False, 'httponly': False, 'samesite': 'Lax'}}
INFO 2025-06-18 07:31:26,896 basehttp 37576 35552 "GET /api/auth/csrf/ HTTP/1.1" 200 58
DEBUG 2025-06-18 07:31:26,897 middleware 37576 35552 Request from origin: http://localhost:3000
DEBUG 2025-06-18 07:31:26,898 middleware 37576 35552 CSRF Processing path: api/auth/csrf/, Method: GET
DEBUG 2025-06-18 07:31:26,898 middleware 37576 35552 CSRF token in cookie: True
DEBUG 2025-06-18 07:31:26,898 middleware 37576 35552 CSRF token in header: False
DEBUG 2025-06-18 07:31:26,898 middleware 37576 35552 CSRF cookie token (first 6): 44ajm2...
INFO 2025-06-18 07:31:26,900 auth 37576 35552 Запрос CSRF токена
INFO 2025-06-18 07:31:26,901 auth 37576 35552 CSRF запрос от Origin: http://localhost:3000, Referer: http://localhost:3000/
DEBUG 2025-06-18 07:31:26,901 auth 37576 35552 User-Agent: Mozilla/5.0 (Windows NT 10.0; Win64; x64) AppleWebKit/537.36 (KHTML, like Gecko) Chrome/134.0.0.0 Safari/537.36 OPR/119.0.0.0
INFO 2025-06-18 07:31:26,901 auth 37576 35552 CSRF токен сгенерирован: Z5YvVp... (первые 6 символов)
DEBUG 2025-06-18 07:31:26,901 auth 37576 35552 Настройки CSRF cookie: {'csrf_cookie': {'name': 'csrftoken', 'secure': False, 'httponly': False, 'samesite': 'Lax'}}
INFO 2025-06-18 07:31:26,902 basehttp 37576 35552 "GET /api/auth/csrf/ HTTP/1.1" 200 58
INFO 2025-06-18 07:31:27,506 basehttp 37576 34972 "OPTIONS /api/orders/ HTTP/1.1" 200 0
DEBUG 2025-06-18 07:31:27,507 middleware 37576 35552 Request from origin: http://localhost:3000
INFO 2025-06-18 07:31:27,508 basehttp 37576 34972 "OPTIONS /api/orders/ HTTP/1.1" 200 0
DEBUG 2025-06-18 07:31:27,509 middleware 37576 15536 Request from origin: http://localhost:3000
INFO 2025-06-18 07:31:27,512 views 37576 35552 Creating order with customer_name: 'Гость', client_order_id: '1750203086841'
INFO 2025-06-18 07:31:27,513 views 37576 35552 Request data: {'cafe': 1, 'order_type': 'delivery', 'status': 'new', 'total_price': 123, 'client_order_id': '1750203086841', 'customer_name': 'Гость'}
INFO 2025-06-18 07:31:27,514 views 37576 15536 Creating order with customer_name: 'Гость', client_order_id: '1750203086841'
INFO 2025-06-18 07:31:27,514 views 37576 35552 User is authenticated: Hello
INFO 2025-06-18 07:31:27,514 views 37576 15536 Request data: {'cafe': 1, 'order_type': 'delivery', 'status': 'new', 'total_price': 123, 'client_order_id': '1750203086841', 'customer_name': 'Гость'}
INFO 2025-06-18 07:31:27,514 views 37576 15536 User is authenticated: Hello
INFO 2025-06-18 07:31:27,519 views 37576 35552 Order created successfully with ID: 3
INFO 2025-06-18 07:31:27,521 basehttp 37576 35552 "POST /api/orders/ HTTP/1.1" 201 255
INFO 2025-06-18 07:31:27,535 views 37576 15536 Order created successfully with ID: 4
INFO 2025-06-18 07:31:27,536 basehttp 37576 15536 "POST /api/orders/ HTTP/1.1" 201 255
DEBUG 2025-06-18 07:31:28,043 middleware 37576 11240 Request from origin: 
INFO 2025-06-18 07:31:28,087 basehttp 37576 11240 "GET /admin/cafes/order/ HTTP/1.1" 200 15908
DEBUG 2025-06-18 07:31:28,097 middleware 37576 11240 Request from origin: 
INFO 2025-06-18 07:31:28,103 basehttp 37576 11240 "GET /admin/jsi18n/ HTTP/1.1" 200 17546
DEBUG 2025-06-18 07:31:29,776 middleware 37576 11240 Request from origin: 
INFO 2025-06-18 07:31:29,789 basehttp 37576 11240 "GET /admin/cafes/order/ HTTP/1.1" 200 15908
DEBUG 2025-06-18 07:31:29,801 middleware 37576 11240 Request from origin: 
INFO 2025-06-18 07:31:29,804 basehttp 37576 11240 "GET /admin/jsi18n/ HTTP/1.1" 200 17546
DEBUG 2025-06-18 07:31:30,147 middleware 37576 11240 Request from origin: 
INFO 2025-06-18 07:31:30,162 basehttp 37576 11240 "GET /admin/cafes/order/ HTTP/1.1" 200 15908
DEBUG 2025-06-18 07:31:30,174 middleware 37576 11240 Request from origin: 
INFO 2025-06-18 07:31:30,178 basehttp 37576 11240 "GET /admin/jsi18n/ HTTP/1.1" 200 17546
DEBUG 2025-06-18 07:31:31,591 middleware 37576 11240 Request from origin: 
INFO 2025-06-18 07:31:31,625 basehttp 37576 11240 "GET /admin/cafes/order/4/change/ HTTP/1.1" 200 26001
DEBUG 2025-06-18 07:31:31,639 middleware 37576 11240 Request from origin: 
INFO 2025-06-18 07:31:31,643 basehttp 37576 11240 "GET /admin/jsi18n/ HTTP/1.1" 200 17546
DEBUG 2025-06-18 07:31:32,977 middleware 37576 11240 Request from origin: 
INFO 2025-06-18 07:31:32,990 basehttp 37576 11240 "GET /admin/cafes/order/ HTTP/1.1" 200 15908
DEBUG 2025-06-18 07:31:36,424 middleware 37576 15536 Request from origin: http://localhost:3000
DEBUG 2025-06-18 07:31:36,428 views 37576 15536 Menu item: Шурпа, image: 'http://localhost:8000/media/menu_items/1ef19980-8e08-45b7-aff2-5292b5797aa9_kJopm0u.jpeg', image_full_url: 'http://localhost:8000/media/menu_items/1ef19980-8e08-45b7-aff2-5292b5797aa9_kJopm0u.jpeg'
INFO 2025-06-18 07:31:36,429 basehttp 37576 15536 "GET /api/menu-items/?cafe=1 HTTP/1.1" 200 471
DEBUG 2025-06-18 07:31:36,431 middleware 37576 15536 Request from origin: http://localhost:3000
DEBUG 2025-06-18 07:31:36,436 views 37576 15536 Menu item: Шурпа, image: 'http://localhost:8000/media/menu_items/1ef19980-8e08-45b7-aff2-5292b5797aa9_kJopm0u.jpeg', image_full_url: 'http://localhost:8000/media/menu_items/1ef19980-8e08-45b7-aff2-5292b5797aa9_kJopm0u.jpeg'
INFO 2025-06-18 07:31:36,437 basehttp 37576 15536 "GET /api/menu-items/?cafe=1 HTTP/1.1" 200 471
DEBUG 2025-06-18 07:31:41,336 middleware 37576 15536 Request from origin: http://localhost:3000
DEBUG 2025-06-18 07:31:41,336 middleware 37576 15536 CSRF Processing path: api/auth/csrf/, Method: GET
DEBUG 2025-06-18 07:31:41,336 middleware 37576 15536 CSRF token in cookie: True
DEBUG 2025-06-18 07:31:41,336 middleware 37576 15536 CSRF token in header: False
DEBUG 2025-06-18 07:31:41,336 middleware 37576 15536 CSRF cookie token (first 6): 44ajm2...
INFO 2025-06-18 07:31:41,339 auth 37576 15536 Запрос CSRF токена
INFO 2025-06-18 07:31:41,339 auth 37576 15536 CSRF запрос от Origin: http://localhost:3000, Referer: http://localhost:3000/
DEBUG 2025-06-18 07:31:41,340 auth 37576 15536 User-Agent: Mozilla/5.0 (Windows NT 10.0; Win64; x64) AppleWebKit/537.36 (KHTML, like Gecko) Chrome/134.0.0.0 Safari/537.36 OPR/119.0.0.0
INFO 2025-06-18 07:31:41,340 auth 37576 15536 CSRF токен сгенерирован: vZzgXN... (первые 6 символов)
DEBUG 2025-06-18 07:31:41,340 auth 37576 15536 Настройки CSRF cookie: {'csrf_cookie': {'name': 'csrftoken', 'secure': False, 'httponly': False, 'samesite': 'Lax'}}
INFO 2025-06-18 07:31:41,341 basehttp 37576 15536 "GET /api/auth/csrf/ HTTP/1.1" 200 58
DEBUG 2025-06-18 07:31:41,343 middleware 37576 15536 Request from origin: http://localhost:3000
DEBUG 2025-06-18 07:31:41,343 middleware 37576 15536 CSRF Processing path: api/auth/csrf/, Method: GET
DEBUG 2025-06-18 07:31:41,344 middleware 37576 15536 CSRF token in cookie: True
DEBUG 2025-06-18 07:31:41,344 middleware 37576 15536 CSRF token in header: False
DEBUG 2025-06-18 07:31:41,344 middleware 37576 15536 CSRF cookie token (first 6): 44ajm2...
INFO 2025-06-18 07:31:41,347 auth 37576 15536 Запрос CSRF токена
INFO 2025-06-18 07:31:41,347 auth 37576 15536 CSRF запрос от Origin: http://localhost:3000, Referer: http://localhost:3000/
DEBUG 2025-06-18 07:31:41,347 auth 37576 15536 User-Agent: Mozilla/5.0 (Windows NT 10.0; Win64; x64) AppleWebKit/537.36 (KHTML, like Gecko) Chrome/134.0.0.0 Safari/537.36 OPR/119.0.0.0
INFO 2025-06-18 07:31:41,347 auth 37576 15536 CSRF токен сгенерирован: 1AIWBq... (первые 6 символов)
DEBUG 2025-06-18 07:31:41,348 auth 37576 15536 Настройки CSRF cookie: {'csrf_cookie': {'name': 'csrftoken', 'secure': False, 'httponly': False, 'samesite': 'Lax'}}
INFO 2025-06-18 07:31:41,348 basehttp 37576 15536 "GET /api/auth/csrf/ HTTP/1.1" 200 58
DEBUG 2025-06-18 07:31:41,649 middleware 37576 15536 Request from origin: http://localhost:3000
DEBUG 2025-06-18 07:31:41,651 middleware 37576 35552 Request from origin: http://localhost:3000
INFO 2025-06-18 07:31:41,654 views 37576 15536 Creating order with customer_name: 'Shaha', client_order_id: '1750203101326'
INFO 2025-06-18 07:31:41,654 views 37576 15536 Request data: {'cafe': 1, 'order_type': 'delivery', 'status': 'new', 'total_price': 123, 'client_order_id': '1750203101326', 'customer_name': 'Shaha'}
INFO 2025-06-18 07:31:41,654 views 37576 15536 User is authenticated: Hello
INFO 2025-06-18 07:31:41,656 views 37576 35552 Creating order with customer_name: 'Shaha', client_order_id: '1750203101326'
INFO 2025-06-18 07:31:41,657 views 37576 35552 Request data: {'cafe': 1, 'order_type': 'delivery', 'status': 'new', 'total_price': 123, 'client_order_id': '1750203101326', 'customer_name': 'Shaha'}
INFO 2025-06-18 07:31:41,657 views 37576 35552 User is authenticated: Hello
INFO 2025-06-18 07:31:41,668 views 37576 15536 Order created successfully with ID: 5
INFO 2025-06-18 07:31:41,670 basehttp 37576 15536 "POST /api/orders/ HTTP/1.1" 201 255
INFO 2025-06-18 07:31:41,684 views 37576 35552 Order created successfully with ID: 6
INFO 2025-06-18 07:31:41,686 basehttp 37576 35552 "POST /api/orders/ HTTP/1.1" 201 255
DEBUG 2025-06-18 07:31:43,362 middleware 37576 11240 Request from origin: 
INFO 2025-06-18 07:31:43,377 basehttp 37576 11240 "GET /admin/cafes/order/ HTTP/1.1" 200 17126
DEBUG 2025-06-18 07:31:43,388 middleware 37576 11240 Request from origin: 
INFO 2025-06-18 07:31:43,391 basehttp 37576 11240 "GET /admin/jsi18n/ HTTP/1.1" 200 17546
DEBUG 2025-06-18 07:31:45,058 middleware 37576 11240 Request from origin: 
INFO 2025-06-18 07:31:45,074 basehttp 37576 11240 "GET /admin/cafes/order/ HTTP/1.1" 200 17126
DEBUG 2025-06-18 07:31:45,084 middleware 37576 11240 Request from origin: 
INFO 2025-06-18 07:31:45,088 basehttp 37576 11240 "GET /admin/jsi18n/ HTTP/1.1" 200 17546
DEBUG 2025-06-18 07:31:45,418 middleware 37576 11240 Request from origin: 
INFO 2025-06-18 07:31:45,432 basehttp 37576 11240 "GET /admin/cafes/order/ HTTP/1.1" 200 17126
DEBUG 2025-06-18 07:31:45,442 middleware 37576 11240 Request from origin: 
INFO 2025-06-18 07:31:45,446 basehttp 37576 11240 "GET /admin/jsi18n/ HTTP/1.1" 200 17546
DEBUG 2025-06-18 07:31:50,197 middleware 37576 35552 Request from origin: http://localhost:3000
DEBUG 2025-06-18 07:31:50,202 views 37576 35552 Menu item: Шурпа, image: 'http://localhost:8000/media/menu_items/1ef19980-8e08-45b7-aff2-5292b5797aa9_kJopm0u.jpeg', image_full_url: 'http://localhost:8000/media/menu_items/1ef19980-8e08-45b7-aff2-5292b5797aa9_kJopm0u.jpeg'
INFO 2025-06-18 07:31:50,203 basehttp 37576 35552 "GET /api/menu-items/?cafe=1 HTTP/1.1" 200 471
DEBUG 2025-06-18 07:31:50,204 middleware 37576 35552 Request from origin: http://localhost:3000
DEBUG 2025-06-18 07:31:50,210 views 37576 35552 Menu item: Шурпа, image: 'http://localhost:8000/media/menu_items/1ef19980-8e08-45b7-aff2-5292b5797aa9_kJopm0u.jpeg', image_full_url: 'http://localhost:8000/media/menu_items/1ef19980-8e08-45b7-aff2-5292b5797aa9_kJopm0u.jpeg'
INFO 2025-06-18 07:31:50,211 basehttp 37576 35552 "GET /api/menu-items/?cafe=1 HTTP/1.1" 200 471
DEBUG 2025-06-18 07:32:02,724 middleware 37576 35552 Request from origin: http://localhost:3000
DEBUG 2025-06-18 07:32:02,725 middleware 37576 35552 CSRF Processing path: api/auth/csrf/, Method: GET
DEBUG 2025-06-18 07:32:02,725 middleware 37576 35552 CSRF token in cookie: True
DEBUG 2025-06-18 07:32:02,725 middleware 37576 35552 CSRF token in header: False
DEBUG 2025-06-18 07:32:02,725 middleware 37576 35552 CSRF cookie token (first 6): 44ajm2...
INFO 2025-06-18 07:32:02,728 auth 37576 35552 Запрос CSRF токена
INFO 2025-06-18 07:32:02,728 auth 37576 35552 CSRF запрос от Origin: http://localhost:3000, Referer: http://localhost:3000/
DEBUG 2025-06-18 07:32:02,728 auth 37576 35552 User-Agent: Mozilla/5.0 (Windows NT 10.0; Win64; x64) AppleWebKit/537.36 (KHTML, like Gecko) Chrome/134.0.0.0 Safari/537.36 OPR/119.0.0.0
INFO 2025-06-18 07:32:02,728 auth 37576 35552 CSRF токен сгенерирован: W82o86... (первые 6 символов)
DEBUG 2025-06-18 07:32:02,728 auth 37576 35552 Настройки CSRF cookie: {'csrf_cookie': {'name': 'csrftoken', 'secure': False, 'httponly': False, 'samesite': 'Lax'}}
INFO 2025-06-18 07:32:02,729 basehttp 37576 35552 "GET /api/auth/csrf/ HTTP/1.1" 200 58
DEBUG 2025-06-18 07:32:02,731 middleware 37576 35552 Request from origin: http://localhost:3000
DEBUG 2025-06-18 07:32:02,731 middleware 37576 35552 CSRF Processing path: api/auth/csrf/, Method: GET
DEBUG 2025-06-18 07:32:02,731 middleware 37576 35552 CSRF token in cookie: True
DEBUG 2025-06-18 07:32:02,732 middleware 37576 35552 CSRF token in header: False
DEBUG 2025-06-18 07:32:02,732 middleware 37576 35552 CSRF cookie token (first 6): 44ajm2...
INFO 2025-06-18 07:32:02,734 auth 37576 35552 Запрос CSRF токена
INFO 2025-06-18 07:32:02,734 auth 37576 35552 CSRF запрос от Origin: http://localhost:3000, Referer: http://localhost:3000/
DEBUG 2025-06-18 07:32:02,734 auth 37576 35552 User-Agent: Mozilla/5.0 (Windows NT 10.0; Win64; x64) AppleWebKit/537.36 (KHTML, like Gecko) Chrome/134.0.0.0 Safari/537.36 OPR/119.0.0.0
INFO 2025-06-18 07:32:02,735 auth 37576 35552 CSRF токен сгенерирован: kA9V0b... (первые 6 символов)
DEBUG 2025-06-18 07:32:02,735 auth 37576 35552 Настройки CSRF cookie: {'csrf_cookie': {'name': 'csrftoken', 'secure': False, 'httponly': False, 'samesite': 'Lax'}}
INFO 2025-06-18 07:32:02,736 basehttp 37576 35552 "GET /api/auth/csrf/ HTTP/1.1" 200 58
DEBUG 2025-06-18 07:32:03,037 middleware 37576 35552 Request from origin: http://localhost:3000
DEBUG 2025-06-18 07:32:03,039 middleware 37576 15536 Request from origin: http://localhost:3000
INFO 2025-06-18 07:32:03,042 views 37576 35552 Creating order with customer_name: 'Shaha', client_order_id: '1750203122715'
INFO 2025-06-18 07:32:03,043 views 37576 35552 Request data: {'cafe': 1, 'order_type': 'delivery', 'status': 'new', 'total_price': 123, 'client_order_id': '1750203122715', 'customer_name': 'Shaha'}
INFO 2025-06-18 07:32:03,043 views 37576 35552 User is authenticated: Hello
INFO 2025-06-18 07:32:03,043 views 37576 15536 Creating order with customer_name: 'Shaha', client_order_id: '1750203122715'
INFO 2025-06-18 07:32:03,044 views 37576 15536 Request data: {'cafe': 1, 'order_type': 'delivery', 'status': 'new', 'total_price': 123, 'client_order_id': '1750203122715', 'customer_name': 'Shaha'}
INFO 2025-06-18 07:32:03,044 views 37576 15536 User is authenticated: Hello
INFO 2025-06-18 07:32:03,049 views 37576 35552 Order created successfully with ID: 7
INFO 2025-06-18 07:32:03,051 basehttp 37576 35552 "POST /api/orders/ HTTP/1.1" 201 255
INFO 2025-06-18 07:32:03,064 views 37576 15536 Order created successfully with ID: 8
INFO 2025-06-18 07:32:03,067 basehttp 37576 15536 "POST /api/orders/ HTTP/1.1" 201 255
DEBUG 2025-06-18 07:32:04,741 middleware 37576 11240 Request from origin: 
INFO 2025-06-18 07:32:04,759 basehttp 37576 11240 "GET /admin/cafes/order/ HTTP/1.1" 200 18344
DEBUG 2025-06-18 07:32:04,770 middleware 37576 11240 Request from origin: 
INFO 2025-06-18 07:32:04,774 basehttp 37576 11240 "GET /admin/jsi18n/ HTTP/1.1" 200 17546
DEBUG 2025-06-18 07:32:05,530 middleware 37576 11240 Request from origin: 
INFO 2025-06-18 07:32:05,546 basehttp 37576 11240 "GET /admin/cafes/order/ HTTP/1.1" 200 18344
DEBUG 2025-06-18 07:32:05,558 middleware 37576 11240 Request from origin: 
INFO 2025-06-18 07:32:05,561 basehttp 37576 11240 "GET /admin/jsi18n/ HTTP/1.1" 200 17546
DEBUG 2025-06-18 07:32:05,924 middleware 37576 11240 Request from origin: 
INFO 2025-06-18 07:32:05,940 basehttp 37576 11240 "GET /admin/cafes/order/ HTTP/1.1" 200 18344
DEBUG 2025-06-18 07:32:05,951 middleware 37576 11240 Request from origin: 
INFO 2025-06-18 07:32:05,955 basehttp 37576 11240 "GET /admin/jsi18n/ HTTP/1.1" 200 17546
DEBUG 2025-06-18 07:32:12,565 middleware 37576 11240 Request from origin: http://127.0.0.1:8000
INFO 2025-06-18 07:32:12,581 basehttp 37576 11240 "POST /admin/cafes/order/ HTTP/1.1" 200 10713
INFO 2025-06-18 07:32:12,591 basehttp 37576 11240 "GET /static/admin/js/cancel.js HTTP/1.1" 304 0
DEBUG 2025-06-18 07:32:13,229 middleware 37576 11240 Request from origin: http://127.0.0.1:8000
INFO 2025-06-18 07:32:13,282 basehttp 37576 11240 "POST /admin/cafes/order/ HTTP/1.1" 302 0
DEBUG 2025-06-18 07:32:13,285 middleware 37576 11240 Request from origin: 
INFO 2025-06-18 07:32:13,293 basehttp 37576 11240 "GET /admin/cafes/order/ HTTP/1.1" 200 11245
DEBUG 2025-06-18 07:32:13,305 middleware 37576 11240 Request from origin: 
INFO 2025-06-18 07:32:13,309 basehttp 37576 11240 "GET /admin/jsi18n/ HTTP/1.1" 200 17546
DEBUG 2025-06-18 07:32:14,829 middleware 37576 15536 Request from origin: http://localhost:3000
DEBUG 2025-06-18 07:32:14,834 views 37576 15536 Menu item: Шурпа, image: 'http://localhost:8000/media/menu_items/1ef19980-8e08-45b7-aff2-5292b5797aa9_kJopm0u.jpeg', image_full_url: 'http://localhost:8000/media/menu_items/1ef19980-8e08-45b7-aff2-5292b5797aa9_kJopm0u.jpeg'
INFO 2025-06-18 07:32:14,834 basehttp 37576 15536 "GET /api/menu-items/?cafe=1 HTTP/1.1" 200 471
DEBUG 2025-06-18 07:32:14,836 middleware 37576 15536 Request from origin: http://localhost:3000
DEBUG 2025-06-18 07:32:14,841 views 37576 15536 Menu item: Шурпа, image: 'http://localhost:8000/media/menu_items/1ef19980-8e08-45b7-aff2-5292b5797aa9_kJopm0u.jpeg', image_full_url: 'http://localhost:8000/media/menu_items/1ef19980-8e08-45b7-aff2-5292b5797aa9_kJopm0u.jpeg'
INFO 2025-06-18 07:32:14,842 basehttp 37576 15536 "GET /api/menu-items/?cafe=1 HTTP/1.1" 200 471
DEBUG 2025-06-18 07:32:19,945 middleware 37576 15536 Request from origin: http://localhost:3000
DEBUG 2025-06-18 07:32:19,945 middleware 37576 15536 CSRF Processing path: api/auth/csrf/, Method: GET
DEBUG 2025-06-18 07:32:19,946 middleware 37576 15536 CSRF token in cookie: True
DEBUG 2025-06-18 07:32:19,946 middleware 37576 15536 CSRF token in header: False
DEBUG 2025-06-18 07:32:19,946 middleware 37576 15536 CSRF cookie token (first 6): 44ajm2...
INFO 2025-06-18 07:32:19,948 auth 37576 15536 Запрос CSRF токена
INFO 2025-06-18 07:32:19,949 auth 37576 15536 CSRF запрос от Origin: http://localhost:3000, Referer: http://localhost:3000/
DEBUG 2025-06-18 07:32:19,949 auth 37576 15536 User-Agent: Mozilla/5.0 (Windows NT 10.0; Win64; x64) AppleWebKit/537.36 (KHTML, like Gecko) Chrome/134.0.0.0 Safari/537.36 OPR/119.0.0.0
INFO 2025-06-18 07:32:19,949 auth 37576 15536 CSRF токен сгенерирован: rnkihr... (первые 6 символов)
DEBUG 2025-06-18 07:32:19,950 auth 37576 15536 Настройки CSRF cookie: {'csrf_cookie': {'name': 'csrftoken', 'secure': False, 'httponly': False, 'samesite': 'Lax'}}
INFO 2025-06-18 07:32:19,950 basehttp 37576 15536 "GET /api/auth/csrf/ HTTP/1.1" 200 58
DEBUG 2025-06-18 07:32:19,952 middleware 37576 15536 Request from origin: http://localhost:3000
DEBUG 2025-06-18 07:32:19,953 middleware 37576 15536 CSRF Processing path: api/auth/csrf/, Method: GET
DEBUG 2025-06-18 07:32:19,953 middleware 37576 15536 CSRF token in cookie: True
DEBUG 2025-06-18 07:32:19,953 middleware 37576 15536 CSRF token in header: False
DEBUG 2025-06-18 07:32:19,953 middleware 37576 15536 CSRF cookie token (first 6): 44ajm2...
INFO 2025-06-18 07:32:19,956 auth 37576 15536 Запрос CSRF токена
INFO 2025-06-18 07:32:19,956 auth 37576 15536 CSRF запрос от Origin: http://localhost:3000, Referer: http://localhost:3000/
DEBUG 2025-06-18 07:32:19,956 auth 37576 15536 User-Agent: Mozilla/5.0 (Windows NT 10.0; Win64; x64) AppleWebKit/537.36 (KHTML, like Gecko) Chrome/134.0.0.0 Safari/537.36 OPR/119.0.0.0
INFO 2025-06-18 07:32:19,956 auth 37576 15536 CSRF токен сгенерирован: FxLaS8... (первые 6 символов)
DEBUG 2025-06-18 07:32:19,957 auth 37576 15536 Настройки CSRF cookie: {'csrf_cookie': {'name': 'csrftoken', 'secure': False, 'httponly': False, 'samesite': 'Lax'}}
INFO 2025-06-18 07:32:19,957 basehttp 37576 15536 "GET /api/auth/csrf/ HTTP/1.1" 200 58
DEBUG 2025-06-18 07:32:20,254 middleware 37576 15536 Request from origin: http://localhost:3000
INFO 2025-06-18 07:32:20,258 views 37576 15536 Creating order with customer_name: 'Shahaa', client_order_id: '1750203139936'
INFO 2025-06-18 07:32:20,258 views 37576 15536 Request data: {'cafe': 1, 'order_type': 'delivery', 'status': 'new', 'total_price': 123, 'client_order_id': '1750203139936', 'customer_name': 'Shahaa'}
INFO 2025-06-18 07:32:20,258 views 37576 15536 User is authenticated: Hello
INFO 2025-06-18 07:32:20,263 views 37576 15536 Order created successfully with ID: 9
INFO 2025-06-18 07:32:20,264 basehttp 37576 15536 "POST /api/orders/ HTTP/1.1" 201 255
DEBUG 2025-06-18 07:32:20,266 middleware 37576 15536 Request from origin: http://localhost:3000
INFO 2025-06-18 07:32:20,269 views 37576 15536 Creating order with customer_name: 'Shahaa', client_order_id: '1750203139936'
INFO 2025-06-18 07:32:20,269 views 37576 15536 Request data: {'cafe': 1, 'order_type': 'delivery', 'status': 'new', 'total_price': 123, 'client_order_id': '1750203139936', 'customer_name': 'Shahaa'}
INFO 2025-06-18 07:32:20,269 views 37576 15536 User is authenticated: Hello
INFO 2025-06-18 07:32:20,275 views 37576 15536 Order created successfully with ID: 10
INFO 2025-06-18 07:32:20,277 basehttp 37576 15536 "POST /api/orders/ HTTP/1.1" 201 256
DEBUG 2025-06-18 07:32:20,805 middleware 37576 11240 Request from origin: 
INFO 2025-06-18 07:32:20,817 basehttp 37576 11240 "GET /admin/cafes/order/ HTTP/1.1" 200 14684
DEBUG 2025-06-18 07:32:20,829 middleware 37576 11240 Request from origin: 
INFO 2025-06-18 07:32:20,832 basehttp 37576 11240 "GET /admin/jsi18n/ HTTP/1.1" 200 17546
DEBUG 2025-06-18 07:32:26,538 middleware 37576 15536 Request from origin: http://localhost:3000
DEBUG 2025-06-18 07:32:26,538 middleware 37576 15536 CSRF Processing path: api/auth/csrf/, Method: GET
DEBUG 2025-06-18 07:32:26,539 middleware 37576 15536 CSRF token in cookie: True
DEBUG 2025-06-18 07:32:26,539 middleware 37576 15536 CSRF token in header: False
DEBUG 2025-06-18 07:32:26,539 middleware 37576 15536 CSRF cookie token (first 6): 44ajm2...
INFO 2025-06-18 07:32:26,541 auth 37576 15536 Запрос CSRF токена
INFO 2025-06-18 07:32:26,541 auth 37576 15536 CSRF запрос от Origin: http://localhost:3000, Referer: http://localhost:3000/
DEBUG 2025-06-18 07:32:26,542 auth 37576 15536 User-Agent: Mozilla/5.0 (Windows NT 10.0; Win64; x64) AppleWebKit/537.36 (KHTML, like Gecko) Chrome/134.0.0.0 Safari/537.36 OPR/119.0.0.0
INFO 2025-06-18 07:32:26,542 auth 37576 15536 CSRF токен сгенерирован: 2H2XOE... (первые 6 символов)
DEBUG 2025-06-18 07:32:26,542 auth 37576 15536 Настройки CSRF cookie: {'csrf_cookie': {'name': 'csrftoken', 'secure': False, 'httponly': False, 'samesite': 'Lax'}}
INFO 2025-06-18 07:32:26,543 basehttp 37576 15536 "GET /api/auth/csrf/ HTTP/1.1" 200 58
DEBUG 2025-06-18 07:32:26,544 middleware 37576 15536 Request from origin: http://localhost:3000
DEBUG 2025-06-18 07:32:26,545 middleware 37576 15536 CSRF Processing path: api/auth/csrf/, Method: GET
DEBUG 2025-06-18 07:32:26,545 middleware 37576 15536 CSRF token in cookie: True
DEBUG 2025-06-18 07:32:26,545 middleware 37576 15536 CSRF token in header: False
DEBUG 2025-06-18 07:32:26,545 middleware 37576 15536 CSRF cookie token (first 6): 44ajm2...
INFO 2025-06-18 07:32:26,547 auth 37576 15536 Запрос CSRF токена
INFO 2025-06-18 07:32:26,548 auth 37576 15536 CSRF запрос от Origin: http://localhost:3000, Referer: http://localhost:3000/
DEBUG 2025-06-18 07:32:26,548 auth 37576 15536 User-Agent: Mozilla/5.0 (Windows NT 10.0; Win64; x64) AppleWebKit/537.36 (KHTML, like Gecko) Chrome/134.0.0.0 Safari/537.36 OPR/119.0.0.0
INFO 2025-06-18 07:32:26,548 auth 37576 15536 CSRF токен сгенерирован: 9SSgBo... (первые 6 символов)
DEBUG 2025-06-18 07:32:26,549 auth 37576 15536 Настройки CSRF cookie: {'csrf_cookie': {'name': 'csrftoken', 'secure': False, 'httponly': False, 'samesite': 'Lax'}}
INFO 2025-06-18 07:32:26,549 basehttp 37576 15536 "GET /api/auth/csrf/ HTTP/1.1" 200 58
DEBUG 2025-06-18 07:32:26,848 middleware 37576 15536 Request from origin: http://localhost:3000
INFO 2025-06-18 07:32:26,851 views 37576 15536 Creating order with customer_name: 'Shahaa', client_order_id: '1750203146529'
INFO 2025-06-18 07:32:26,852 views 37576 15536 Request data: {'cafe': 1, 'order_type': 'delivery', 'status': 'new', 'total_price': 0, 'client_order_id': '1750203146529', 'customer_name': 'Shahaa'}
INFO 2025-06-18 07:32:26,852 views 37576 15536 User is authenticated: Hello
DEBUG 2025-06-18 07:32:26,854 middleware 37576 35552 Request from origin: http://localhost:3000
INFO 2025-06-18 07:32:26,857 views 37576 15536 Order created successfully with ID: 11
INFO 2025-06-18 07:32:26,859 basehttp 37576 15536 "POST /api/orders/ HTTP/1.1" 201 254
INFO 2025-06-18 07:32:26,871 views 37576 35552 Creating order with customer_name: 'Shahaa', client_order_id: '1750203146529'
INFO 2025-06-18 07:32:26,871 views 37576 35552 Request data: {'cafe': 1, 'order_type': 'delivery', 'status': 'new', 'total_price': 0, 'client_order_id': '1750203146529', 'customer_name': 'Shahaa'}
INFO 2025-06-18 07:32:26,871 views 37576 35552 User is authenticated: Hello
INFO 2025-06-18 07:32:26,876 views 37576 35552 Order created successfully with ID: 12
INFO 2025-06-18 07:32:26,878 basehttp 37576 35552 "POST /api/orders/ HTTP/1.1" 201 254
DEBUG 2025-06-18 07:32:27,704 middleware 37576 11240 Request from origin: 
INFO 2025-06-18 07:32:27,717 basehttp 37576 11240 "GET /admin/cafes/order/ HTTP/1.1" 200 15906
DEBUG 2025-06-18 07:32:27,727 middleware 37576 11240 Request from origin: 
INFO 2025-06-18 07:32:27,731 basehttp 37576 11240 "GET /admin/jsi18n/ HTTP/1.1" 200 17546
DEBUG 2025-06-18 07:32:36,348 middleware 37576 35552 Request from origin: http://localhost:3000
DEBUG 2025-06-18 07:32:36,353 views 37576 35552 Menu item: Шурпа, image: 'http://localhost:8000/media/menu_items/1ef19980-8e08-45b7-aff2-5292b5797aa9_kJopm0u.jpeg', image_full_url: 'http://localhost:8000/media/menu_items/1ef19980-8e08-45b7-aff2-5292b5797aa9_kJopm0u.jpeg'
INFO 2025-06-18 07:32:36,354 basehttp 37576 35552 "GET /api/menu-items/?cafe=1 HTTP/1.1" 200 471
DEBUG 2025-06-18 07:32:36,355 middleware 37576 35552 Request from origin: http://localhost:3000
DEBUG 2025-06-18 07:32:36,360 views 37576 35552 Menu item: Шурпа, image: 'http://localhost:8000/media/menu_items/1ef19980-8e08-45b7-aff2-5292b5797aa9_kJopm0u.jpeg', image_full_url: 'http://localhost:8000/media/menu_items/1ef19980-8e08-45b7-aff2-5292b5797aa9_kJopm0u.jpeg'
INFO 2025-06-18 07:32:36,361 basehttp 37576 35552 "GET /api/menu-items/?cafe=1 HTTP/1.1" 200 471
DEBUG 2025-06-18 07:32:42,945 middleware 37576 35552 Request from origin: http://localhost:3000
DEBUG 2025-06-18 07:32:42,945 middleware 37576 35552 CSRF Processing path: api/auth/csrf/, Method: GET
DEBUG 2025-06-18 07:32:42,945 middleware 37576 35552 CSRF token in cookie: True
DEBUG 2025-06-18 07:32:42,946 middleware 37576 35552 CSRF token in header: False
DEBUG 2025-06-18 07:32:42,946 middleware 37576 35552 CSRF cookie token (first 6): 44ajm2...
INFO 2025-06-18 07:32:42,949 auth 37576 35552 Запрос CSRF токена
INFO 2025-06-18 07:32:42,949 auth 37576 35552 CSRF запрос от Origin: http://localhost:3000, Referer: http://localhost:3000/
DEBUG 2025-06-18 07:32:42,949 auth 37576 35552 User-Agent: Mozilla/5.0 (Windows NT 10.0; Win64; x64) AppleWebKit/537.36 (KHTML, like Gecko) Chrome/134.0.0.0 Safari/537.36 OPR/119.0.0.0
INFO 2025-06-18 07:32:42,949 auth 37576 35552 CSRF токен сгенерирован: PROkG5... (первые 6 символов)
DEBUG 2025-06-18 07:32:42,950 auth 37576 35552 Настройки CSRF cookie: {'csrf_cookie': {'name': 'csrftoken', 'secure': False, 'httponly': False, 'samesite': 'Lax'}}
INFO 2025-06-18 07:32:42,951 basehttp 37576 35552 "GET /api/auth/csrf/ HTTP/1.1" 200 58
DEBUG 2025-06-18 07:32:42,953 middleware 37576 35552 Request from origin: http://localhost:3000
DEBUG 2025-06-18 07:32:42,953 middleware 37576 35552 CSRF Processing path: api/auth/csrf/, Method: GET
DEBUG 2025-06-18 07:32:42,953 middleware 37576 35552 CSRF token in cookie: True
DEBUG 2025-06-18 07:32:42,953 middleware 37576 35552 CSRF token in header: False
DEBUG 2025-06-18 07:32:42,954 middleware 37576 35552 CSRF cookie token (first 6): 44ajm2...
INFO 2025-06-18 07:32:42,956 auth 37576 35552 Запрос CSRF токена
INFO 2025-06-18 07:32:42,956 auth 37576 35552 CSRF запрос от Origin: http://localhost:3000, Referer: http://localhost:3000/
DEBUG 2025-06-18 07:32:42,956 auth 37576 35552 User-Agent: Mozilla/5.0 (Windows NT 10.0; Win64; x64) AppleWebKit/537.36 (KHTML, like Gecko) Chrome/134.0.0.0 Safari/537.36 OPR/119.0.0.0
INFO 2025-06-18 07:32:42,956 auth 37576 35552 CSRF токен сгенерирован: rTXwEP... (первые 6 символов)
DEBUG 2025-06-18 07:32:42,957 auth 37576 35552 Настройки CSRF cookie: {'csrf_cookie': {'name': 'csrftoken', 'secure': False, 'httponly': False, 'samesite': 'Lax'}}
INFO 2025-06-18 07:32:42,957 basehttp 37576 35552 "GET /api/auth/csrf/ HTTP/1.1" 200 58
DEBUG 2025-06-18 07:32:43,255 middleware 37576 35552 Request from origin: http://localhost:3000
INFO 2025-06-18 07:32:43,259 views 37576 35552 Creating order with customer_name: 'Shahaa', client_order_id: '1750203162933'
INFO 2025-06-18 07:32:43,260 views 37576 35552 Request data: {'cafe': 1, 'order_type': 'delivery', 'status': 'new', 'total_price': 123, 'client_order_id': '1750203162933', 'customer_name': 'Shahaa'}
INFO 2025-06-18 07:32:43,260 views 37576 35552 User is authenticated: Hello
DEBUG 2025-06-18 07:32:43,261 middleware 37576 15536 Request from origin: http://localhost:3000
INFO 2025-06-18 07:32:43,265 views 37576 35552 Order created successfully with ID: 13
INFO 2025-06-18 07:32:43,267 basehttp 37576 35552 "POST /api/orders/ HTTP/1.1" 201 256
INFO 2025-06-18 07:32:43,273 views 37576 15536 Creating order with customer_name: 'Shahaa', client_order_id: '1750203162933'
INFO 2025-06-18 07:32:43,273 views 37576 15536 Request data: {'cafe': 1, 'order_type': 'delivery', 'status': 'new', 'total_price': 123, 'client_order_id': '1750203162933', 'customer_name': 'Shahaa'}
INFO 2025-06-18 07:32:43,273 views 37576 15536 User is authenticated: Hello
INFO 2025-06-18 07:32:43,279 views 37576 15536 Order created successfully with ID: 14
INFO 2025-06-18 07:32:43,280 basehttp 37576 15536 "POST /api/orders/ HTTP/1.1" 201 256
DEBUG 2025-06-18 07:32:44,278 middleware 37576 11240 Request from origin: 
INFO 2025-06-18 07:32:44,294 basehttp 37576 11240 "GET /admin/cafes/order/ HTTP/1.1" 200 17132
DEBUG 2025-06-18 07:32:44,304 middleware 37576 11240 Request from origin: 
INFO 2025-06-18 07:32:44,309 basehttp 37576 11240 "GET /admin/jsi18n/ HTTP/1.1" 200 17546
INFO 2025-06-19 10:41:10,312 autoreload 4344 4380 Watching for file changes with StatReloader
INFO 2025-06-19 10:41:10,900 middleware 4344 19840 CORS Middleware initialized with allowed origins: ['http://localhost', 'http://localhost:3000', 'http://localhost:80', 'http://127.0.0.1', 'http://127.0.0.1:3000', 'http://127.0.0.1:80', 'http://frontend', 'http://localhost:3001', 'http://127.0.0.1:3001', 'http://localhost:8000', 'http://127.0.0.1:8000', 'https://ec4db675c64c9f.lhr.life']
INFO 2025-06-19 10:41:10,902 middleware 4344 19840 Custom CSRF Middleware initialized with exempt paths: ['/api/auth/login/', '/api/auth/csrf/']
DEBUG 2025-06-19 10:41:26,082 middleware 4344 22224 Request from origin: http://localhost:3000
INFO 2025-06-19 10:41:26,092 views 4344 22224 Health check запрос от 127.0.0.1: ok
INFO 2025-06-19 10:41:26,094 basehttp 4344 22224 "GET /api/health/ HTTP/1.1" 200 252
DEBUG 2025-06-19 10:41:26,096 middleware 4344 22224 Request from origin: http://localhost:3000
DEBUG 2025-06-19 10:41:26,100 middleware 4344 4400 Request from origin: http://localhost:3000
INFO 2025-06-19 10:41:26,102 views 4344 22224 Health check запрос от 127.0.0.1: ok
INFO 2025-06-19 10:41:26,103 basehttp 4344 22224 "GET /api/health/ HTTP/1.1" 200 249
INFO 2025-06-19 10:41:26,113 basehttp 4344 4400 "GET /api/cities/ HTTP/1.1" 200 168
DEBUG 2025-06-19 10:41:26,114 middleware 4344 4400 Request from origin: http://localhost:3000
DEBUG 2025-06-19 10:41:26,117 middleware 4344 22224 Request from origin: http://localhost:3000
INFO 2025-06-19 10:41:26,121 basehttp 4344 4400 "GET /api/cities/ HTTP/1.1" 200 168
DEBUG 2025-06-19 10:41:26,128 middleware 4344 4400 Request from origin: http://localhost:3000
INFO 2025-06-19 10:41:26,133 basehttp 4344 22224 "GET /api/cafes/?city=1&t=1750300886115 HTTP/1.1" 200 499
DEBUG 2025-06-19 10:41:26,137 middleware 4344 22224 Request from origin: http://localhost:3000
INFO 2025-06-19 10:41:26,141 basehttp 4344 4400 "GET /api/cafes/?city=1&t=1750300886123 HTTP/1.1" 200 499
DEBUG 2025-06-19 10:41:26,146 views 4344 22224 Menu item: Шурпа, image: 'http://localhost:8000/media/menu_items/1ef19980-8e08-45b7-aff2-5292b5797aa9_kJopm0u.jpeg', image_full_url: 'http://localhost:8000/media/menu_items/1ef19980-8e08-45b7-aff2-5292b5797aa9_kJopm0u.jpeg'
INFO 2025-06-19 10:41:26,148 basehttp 4344 22224 "GET /api/menu-items/?cafe=1 HTTP/1.1" 200 471
DEBUG 2025-06-19 10:41:26,150 middleware 4344 22224 Request from origin: http://localhost:3000
DEBUG 2025-06-19 10:41:26,156 views 4344 22224 Menu item: Шурпа, image: 'http://localhost:8000/media/menu_items/1ef19980-8e08-45b7-aff2-5292b5797aa9_kJopm0u.jpeg', image_full_url: 'http://localhost:8000/media/menu_items/1ef19980-8e08-45b7-aff2-5292b5797aa9_kJopm0u.jpeg'
INFO 2025-06-19 10:41:26,158 basehttp 4344 22224 "GET /api/menu-items/?cafe=1 HTTP/1.1" 200 471
DEBUG 2025-06-19 10:41:27,509 middleware 4344 22224 Request from origin: http://localhost:3000
DEBUG 2025-06-19 10:41:27,509 middleware 4344 4400 Request from origin: http://localhost:3000
INFO 2025-06-19 10:41:27,518 basehttp 4344 4400 "GET /api/cafes/?city=1&t=1750300887508 HTTP/1.1" 200 499
INFO 2025-06-19 10:41:27,518 basehttp 4344 22224 "GET /api/cafes/?city=1&t=1750300887507 HTTP/1.1" 200 499
DEBUG 2025-06-19 10:41:27,540 middleware 4344 4400 Request from origin: 
INFO 2025-06-19 10:41:27,586 basehttp 4344 4400 "GET /media/cafe_covers/XXXL_1_1_ENDyb7O.webp?t=1750300887492 HTTP/1.1" 200 100380
DEBUG 2025-06-19 10:41:29,298 middleware 4344 23660 Request from origin: http://localhost:3000
DEBUG 2025-06-19 10:41:29,322 views 4344 23660 Menu item: Шурпа, image: 'http://localhost:8000/media/menu_items/1ef19980-8e08-45b7-aff2-5292b5797aa9_kJopm0u.jpeg', image_full_url: 'http://localhost:8000/media/menu_items/1ef19980-8e08-45b7-aff2-5292b5797aa9_kJopm0u.jpeg'
INFO 2025-06-19 10:41:29,323 basehttp 4344 23660 "GET /api/menu-items/?cafe=1 HTTP/1.1" 200 471
DEBUG 2025-06-19 10:41:29,324 middleware 4344 23660 Request from origin: http://localhost:3000
DEBUG 2025-06-19 10:41:29,330 views 4344 23660 Menu item: Шурпа, image: 'http://localhost:8000/media/menu_items/1ef19980-8e08-45b7-aff2-5292b5797aa9_kJopm0u.jpeg', image_full_url: 'http://localhost:8000/media/menu_items/1ef19980-8e08-45b7-aff2-5292b5797aa9_kJopm0u.jpeg'
INFO 2025-06-19 10:41:29,331 basehttp 4344 23660 "GET /api/menu-items/?cafe=1 HTTP/1.1" 200 471
DEBUG 2025-06-19 10:41:29,819 middleware 4344 23660 Request from origin: 
INFO 2025-06-19 10:41:29,823 basehttp 4344 23660 "GET /media/menu_items/1ef19980-8e08-45b7-aff2-5292b5797aa9_kJopm0u.jpeg HTTP/1.1" 200 393205
DEBUG 2025-06-19 10:41:42,954 middleware 4344 4400 Request from origin: http://localhost:3000
INFO 2025-06-19 10:41:42,957 views 4344 4400 Health check запрос от 127.0.0.1: ok
INFO 2025-06-19 10:41:42,958 basehttp 4344 4400 "GET /api/health/ HTTP/1.1" 200 251
DEBUG 2025-06-19 10:41:42,962 middleware 4344 4400 Request from origin: http://localhost:3000
INFO 2025-06-19 10:41:42,966 views 4344 4400 Health check запрос от 127.0.0.1: ok
INFO 2025-06-19 10:41:42,967 basehttp 4344 4400 "GET /api/health/ HTTP/1.1" 200 251
DEBUG 2025-06-19 10:41:43,030 middleware 4344 4400 Request from origin: http://localhost:3000
INFO 2025-06-19 10:41:43,034 basehttp 4344 4400 "GET /api/cities/ HTTP/1.1" 200 168
DEBUG 2025-06-19 10:41:43,041 middleware 4344 4400 Request from origin: http://localhost:3000
INFO 2025-06-19 10:41:43,044 basehttp 4344 4400 "GET /api/cities/ HTTP/1.1" 200 168
DEBUG 2025-06-19 10:41:43,052 middleware 4344 4400 Request from origin: http://localhost:3000
DEBUG 2025-06-19 10:41:43,053 middleware 4344 22224 Request from origin: http://localhost:3000
INFO 2025-06-19 10:41:43,060 basehttp 4344 4400 "GET /api/cafes/?city=1&t=1750300903050 HTTP/1.1" 200 499
INFO 2025-06-19 10:41:43,062 basehttp 4344 22224 "GET /api/cafes/?city=1&t=1750300903052 HTTP/1.1" 200 499
DEBUG 2025-06-19 10:41:43,085 middleware 4344 22224 Request from origin: http://localhost:3000
DEBUG 2025-06-19 10:41:43,089 views 4344 22224 Menu item: Шурпа, image: 'http://localhost:8000/media/menu_items/1ef19980-8e08-45b7-aff2-5292b5797aa9_kJopm0u.jpeg', image_full_url: 'http://localhost:8000/media/menu_items/1ef19980-8e08-45b7-aff2-5292b5797aa9_kJopm0u.jpeg'
INFO 2025-06-19 10:41:43,090 basehttp 4344 22224 "GET /api/menu-items/?cafe=1 HTTP/1.1" 200 471
DEBUG 2025-06-19 10:41:43,092 middleware 4344 22224 Request from origin: http://localhost:3000
DEBUG 2025-06-19 10:41:43,096 views 4344 22224 Menu item: Шурпа, image: 'http://localhost:8000/media/menu_items/1ef19980-8e08-45b7-aff2-5292b5797aa9_kJopm0u.jpeg', image_full_url: 'http://localhost:8000/media/menu_items/1ef19980-8e08-45b7-aff2-5292b5797aa9_kJopm0u.jpeg'
INFO 2025-06-19 10:41:43,097 basehttp 4344 22224 "GET /api/menu-items/?cafe=1 HTTP/1.1" 200 471
DEBUG 2025-06-19 10:41:43,914 middleware 4344 23660 Request from origin: http://localhost:3000
DEBUG 2025-06-19 10:41:43,915 middleware 4344 23660 CSRF Processing path: api/auth/csrf/, Method: GET
DEBUG 2025-06-19 10:41:43,915 middleware 4344 23660 CSRF token in cookie: True
DEBUG 2025-06-19 10:41:43,915 middleware 4344 23660 CSRF token in header: False
DEBUG 2025-06-19 10:41:43,915 middleware 4344 23660 CSRF cookie token (first 6): 44ajm2...
INFO 2025-06-19 10:41:43,918 auth 4344 23660 Запрос CSRF токена
INFO 2025-06-19 10:41:43,918 auth 4344 23660 CSRF запрос от Origin: http://localhost:3000, Referer: http://localhost:3000/
DEBUG 2025-06-19 10:41:43,919 auth 4344 23660 User-Agent: Mozilla/5.0 (Windows NT 10.0; Win64; x64) AppleWebKit/537.36 (KHTML, like Gecko) Chrome/134.0.0.0 Safari/537.36 OPR/119.0.0.0
INFO 2025-06-19 10:41:43,919 auth 4344 23660 CSRF токен сгенерирован: LOMjbA... (первые 6 символов)
DEBUG 2025-06-19 10:41:43,919 auth 4344 23660 Настройки CSRF cookie: {'csrf_cookie': {'name': 'csrftoken', 'secure': False, 'httponly': False, 'samesite': 'Lax'}}
INFO 2025-06-19 10:41:43,920 basehttp 4344 23660 "GET /api/auth/csrf/ HTTP/1.1" 200 58
DEBUG 2025-06-19 10:41:43,921 middleware 4344 23660 Request from origin: http://localhost:3000
DEBUG 2025-06-19 10:41:43,922 middleware 4344 23660 CSRF Processing path: api/auth/csrf/, Method: GET
DEBUG 2025-06-19 10:41:43,922 middleware 4344 23660 CSRF token in cookie: True
DEBUG 2025-06-19 10:41:43,922 middleware 4344 23660 CSRF token in header: False
DEBUG 2025-06-19 10:41:43,923 middleware 4344 23660 CSRF cookie token (first 6): 44ajm2...
INFO 2025-06-19 10:41:43,926 auth 4344 23660 Запрос CSRF токена
INFO 2025-06-19 10:41:43,926 auth 4344 23660 CSRF запрос от Origin: http://localhost:3000, Referer: http://localhost:3000/
DEBUG 2025-06-19 10:41:43,926 auth 4344 23660 User-Agent: Mozilla/5.0 (Windows NT 10.0; Win64; x64) AppleWebKit/537.36 (KHTML, like Gecko) Chrome/134.0.0.0 Safari/537.36 OPR/119.0.0.0
INFO 2025-06-19 10:41:43,927 auth 4344 23660 CSRF токен сгенерирован: bLBlQy... (первые 6 символов)
DEBUG 2025-06-19 10:41:43,927 auth 4344 23660 Настройки CSRF cookie: {'csrf_cookie': {'name': 'csrftoken', 'secure': False, 'httponly': False, 'samesite': 'Lax'}}
INFO 2025-06-19 10:41:43,928 basehttp 4344 23660 "GET /api/auth/csrf/ HTTP/1.1" 200 58
DEBUG 2025-06-19 10:41:49,211 middleware 4344 23660 Request from origin: http://localhost:3000
DEBUG 2025-06-19 10:41:49,211 middleware 4344 23660 CSRF Processing path: api/auth/csrf/, Method: GET
DEBUG 2025-06-19 10:41:49,211 middleware 4344 23660 CSRF token in cookie: True
DEBUG 2025-06-19 10:41:49,212 middleware 4344 23660 CSRF token in header: False
DEBUG 2025-06-19 10:41:49,212 middleware 4344 23660 CSRF cookie token (first 6): 44ajm2...
INFO 2025-06-19 10:41:49,215 auth 4344 23660 Запрос CSRF токена
INFO 2025-06-19 10:41:49,215 auth 4344 23660 CSRF запрос от Origin: http://localhost:3000, Referer: http://localhost:3000/
DEBUG 2025-06-19 10:41:49,215 auth 4344 23660 User-Agent: Mozilla/5.0 (Windows NT 10.0; Win64; x64) AppleWebKit/537.36 (KHTML, like Gecko) Chrome/134.0.0.0 Safari/537.36 OPR/119.0.0.0
INFO 2025-06-19 10:41:49,215 auth 4344 23660 CSRF токен сгенерирован: Ebp6nj... (первые 6 символов)
DEBUG 2025-06-19 10:41:49,215 auth 4344 23660 Настройки CSRF cookie: {'csrf_cookie': {'name': 'csrftoken', 'secure': False, 'httponly': False, 'samesite': 'Lax'}}
INFO 2025-06-19 10:41:49,216 basehttp 4344 23660 "GET /api/auth/csrf/ HTTP/1.1" 200 58
DEBUG 2025-06-19 10:41:50,039 middleware 4344 23660 Request from origin: http://localhost:3000
DEBUG 2025-06-19 10:41:50,040 middleware 4344 23660 CSRF Processing path: api/auth/csrf/, Method: GET
DEBUG 2025-06-19 10:41:50,040 middleware 4344 23660 CSRF token in cookie: True
DEBUG 2025-06-19 10:41:50,040 middleware 4344 23660 CSRF token in header: False
DEBUG 2025-06-19 10:41:50,040 middleware 4344 23660 CSRF cookie token (first 6): 44ajm2...
INFO 2025-06-19 10:41:50,043 auth 4344 23660 Запрос CSRF токена
INFO 2025-06-19 10:41:50,043 auth 4344 23660 CSRF запрос от Origin: http://localhost:3000, Referer: http://localhost:3000/
DEBUG 2025-06-19 10:41:50,043 auth 4344 23660 User-Agent: Mozilla/5.0 (Windows NT 10.0; Win64; x64) AppleWebKit/537.36 (KHTML, like Gecko) Chrome/134.0.0.0 Safari/537.36 OPR/119.0.0.0
INFO 2025-06-19 10:41:50,044 auth 4344 23660 CSRF токен сгенерирован: DrP9rk... (первые 6 символов)
DEBUG 2025-06-19 10:41:50,044 auth 4344 23660 Настройки CSRF cookie: {'csrf_cookie': {'name': 'csrftoken', 'secure': False, 'httponly': False, 'samesite': 'Lax'}}
INFO 2025-06-19 10:41:50,045 basehttp 4344 23660 "GET /api/auth/csrf/ HTTP/1.1" 200 58
DEBUG 2025-06-19 10:41:50,359 middleware 4344 23660 Request from origin: http://localhost:3000
DEBUG 2025-06-19 10:41:50,360 middleware 4344 23660 CSRF Processing path: api/auth/csrf/, Method: GET
DEBUG 2025-06-19 10:41:50,360 middleware 4344 23660 CSRF token in cookie: True
DEBUG 2025-06-19 10:41:50,360 middleware 4344 23660 CSRF token in header: False
DEBUG 2025-06-19 10:41:50,360 middleware 4344 23660 CSRF cookie token (first 6): 44ajm2...
INFO 2025-06-19 10:41:50,363 auth 4344 23660 Запрос CSRF токена
INFO 2025-06-19 10:41:50,363 auth 4344 23660 CSRF запрос от Origin: http://localhost:3000, Referer: http://localhost:3000/
DEBUG 2025-06-19 10:41:50,363 auth 4344 23660 User-Agent: Mozilla/5.0 (Windows NT 10.0; Win64; x64) AppleWebKit/537.36 (KHTML, like Gecko) Chrome/134.0.0.0 Safari/537.36 OPR/119.0.0.0
INFO 2025-06-19 10:41:50,364 auth 4344 23660 CSRF токен сгенерирован: u4dg7J... (первые 6 символов)
DEBUG 2025-06-19 10:41:50,364 auth 4344 23660 Настройки CSRF cookie: {'csrf_cookie': {'name': 'csrftoken', 'secure': False, 'httponly': False, 'samesite': 'Lax'}}
INFO 2025-06-19 10:41:50,364 basehttp 4344 23660 "GET /api/auth/csrf/ HTTP/1.1" 200 58
INFO 2025-06-19 10:41:50,976 basehttp 4344 24012 "OPTIONS /api/auth/login/ HTTP/1.1" 200 0
DEBUG 2025-06-19 10:41:50,977 middleware 4344 23660 Request from origin: http://localhost:3000
DEBUG 2025-06-19 10:41:50,977 middleware 4344 23660 CSRF Processing path: api/auth/login/, Method: POST
DEBUG 2025-06-19 10:41:50,978 middleware 4344 23660 CSRF token in cookie: True
DEBUG 2025-06-19 10:41:50,978 middleware 4344 23660 CSRF token in header: True
DEBUG 2025-06-19 10:41:50,978 middleware 4344 23660 CSRF cookie token (first 6): 44ajm2...
DEBUG 2025-06-19 10:41:50,978 middleware 4344 23660 CSRF header token (first 6): 44ajm2...
INFO 2025-06-19 10:41:50,981 auth 4344 23660 Попытка входа с email: hello@gmail.com
DEBUG 2025-06-19 10:41:50,981 auth 4344 23660 Запрос входа: {'email': 'hello@gmail.com', 'password': 'A166DB701'}
INFO 2025-06-19 10:41:50,981 auth 4344 23660 CSRF токен в заголовке: 44ajm2...
INFO 2025-06-19 10:41:50,982 auth 4344 23660 Origin заголовок: http://localhost:3000
INFO 2025-06-19 10:41:50,982 auth 4344 23660 HTTP метод: POST
INFO 2025-06-19 10:41:50,982 auth 4344 23660 Content-Type: application/json
INFO 2025-06-19 10:41:50,982 auth 4344 23660 Cookies: {'sessionid': 'fj5o25xybhdrci5nu0tictpekeb0kw56', 'csrftoken': '44ajm2I4dc1YJskrDX1V0a0bjktftzOD'}
INFO 2025-06-19 10:41:50,982 auth 4344 23660 HTTP_X_CSRFTOKEN: 44ajm2...
INFO 2025-06-19 10:41:50,983 auth 4344 23660 Cookie CSRF: 44ajm2...
INFO 2025-06-19 10:41:50,983 auth 4344 23660 CSRF токены совпадают: True
INFO 2025-06-19 10:41:50,983 auth 4344 23660 Проверка учетной записи: hello@gmail.com
INFO 2025-06-19 10:41:51,343 auth 4344 23660 Успешный вход пользователя: Hello
INFO 2025-06-19 10:41:51,346 auth 4344 23660 Пользователь Hello является владельцем ресторана Aliya
INFO 2025-06-19 10:41:51,346 auth 4344 23660 Данные для отправки: {'id': 2, 'email': 'hello@gmail.com', 'name': 'Hello', 'cafe_id': 1, 'role': 'owner'}
INFO 2025-06-19 10:41:51,352 basehttp 4344 23660 "POST /api/auth/login/ HTTP/1.1" 200 76
DEBUG 2025-06-19 10:41:51,688 middleware 4344 23660 Request from origin: http://localhost:3000
INFO 2025-06-19 10:41:51,694 basehttp 4344 23660 "GET /api/cafes/1/ HTTP/1.1" 200 447
DEBUG 2025-06-19 10:41:51,696 middleware 4344 23660 Request from origin: http://localhost:3000
DEBUG 2025-06-19 10:41:51,697 middleware 4344 23752 Request from origin: http://localhost:3000
INFO 2025-06-19 10:41:51,703 basehttp 4344 23660 "GET /api/cafes/1/ HTTP/1.1" 200 447
INFO 2025-06-19 10:41:51,707 basehttp 4344 23752 "GET /api/cafes/1/statistics/ HTTP/1.1" 200 86
DEBUG 2025-06-19 10:41:51,709 middleware 4344 23752 Request from origin: http://localhost:3000
DEBUG 2025-06-19 10:41:51,711 middleware 4344 23660 Request from origin: http://localhost:3000
INFO 2025-06-19 10:41:51,721 basehttp 4344 23752 "GET /api/cafes/1/statistics/ HTTP/1.1" 200 86
INFO 2025-06-19 10:41:51,731 basehttp 4344 23660 "GET /api/orders/?cafe=1 HTTP/1.1" 200 1588
DEBUG 2025-06-19 10:41:51,732 middleware 4344 23660 Request from origin: http://localhost:3000
INFO 2025-06-19 10:41:51,747 basehttp 4344 23660 "GET /api/orders/?cafe=1 HTTP/1.1" 200 1588
DEBUG 2025-06-19 10:41:52,628 middleware 4344 22224 Request from origin: http://localhost:3000
INFO 2025-06-19 10:41:52,631 views 4344 22224 Health check запрос от 127.0.0.1: ok
INFO 2025-06-19 10:41:52,631 basehttp 4344 22224 "GET /api/health/ HTTP/1.1" 200 251
DEBUG 2025-06-19 10:41:52,633 middleware 4344 22224 Request from origin: http://localhost:3000
INFO 2025-06-19 10:41:52,635 views 4344 22224 Health check запрос от 127.0.0.1: ok
INFO 2025-06-19 10:41:52,636 basehttp 4344 22224 "GET /api/health/ HTTP/1.1" 200 252
DEBUG 2025-06-19 10:41:52,638 middleware 4344 23660 Request from origin: http://localhost:3000
DEBUG 2025-06-19 10:41:52,639 middleware 4344 22224 Request from origin: http://localhost:3000
INFO 2025-06-19 10:41:52,645 basehttp 4344 22224 "GET /api/cities/ HTTP/1.1" 200 168
INFO 2025-06-19 10:41:52,646 basehttp 4344 23660 "GET /api/cafes/1/ HTTP/1.1" 200 447
DEBUG 2025-06-19 10:41:52,647 middleware 4344 22224 Request from origin: http://localhost:3000
DEBUG 2025-06-19 10:41:52,649 middleware 4344 23660 Request from origin: http://localhost:3000
INFO 2025-06-19 10:41:52,652 basehttp 4344 22224 "GET /api/cities/ HTTP/1.1" 200 168
INFO 2025-06-19 10:41:52,656 basehttp 4344 23660 "GET /api/cafes/1/ HTTP/1.1" 200 447
DEBUG 2025-06-19 10:41:52,659 middleware 4344 22224 Request from origin: http://localhost:3000
DEBUG 2025-06-19 10:41:52,661 middleware 4344 23660 Request from origin: http://localhost:3000
DEBUG 2025-06-19 10:41:52,662 middleware 4344 4400 Request from origin: http://localhost:3000
INFO 2025-06-19 10:41:52,670 basehttp 4344 22224 "GET /api/cafes/?city=1&t=1750300912657 HTTP/1.1" 200 499
DEBUG 2025-06-19 10:41:52,675 middleware 4344 22224 Request from origin: http://localhost:3000
INFO 2025-06-19 10:41:52,677 basehttp 4344 4400 "GET /api/cafes/?city=1&t=1750300912660 HTTP/1.1" 200 499
DEBUG 2025-06-19 10:41:52,682 views 4344 22224 Menu item: Шурпа, image: 'http://localhost:8000/media/menu_items/1ef19980-8e08-45b7-aff2-5292b5797aa9_kJopm0u.jpeg', image_full_url: 'http://localhost:8000/media/menu_items/1ef19980-8e08-45b7-aff2-5292b5797aa9_kJopm0u.jpeg'
INFO 2025-06-19 10:41:52,682 basehttp 4344 23660 "GET /api/cafes/1/statistics/ HTTP/1.1" 200 86
DEBUG 2025-06-19 10:41:52,684 middleware 4344 23660 Request from origin: http://localhost:3000
INFO 2025-06-19 10:41:52,684 basehttp 4344 22224 "GET /api/menu-items/?cafe=1 HTTP/1.1" 200 471
INFO 2025-06-19 10:41:52,691 basehttp 4344 23660 "GET /api/cafes/1/statistics/ HTTP/1.1" 200 86
DEBUG 2025-06-19 10:41:52,694 middleware 4344 22224 Request from origin: http://localhost:3000
DEBUG 2025-06-19 10:41:52,695 middleware 4344 23660 Request from origin: http://localhost:3000
DEBUG 2025-06-19 10:41:52,700 views 4344 22224 Menu item: Шурпа, image: 'http://localhost:8000/media/menu_items/1ef19980-8e08-45b7-aff2-5292b5797aa9_kJopm0u.jpeg', image_full_url: 'http://localhost:8000/media/menu_items/1ef19980-8e08-45b7-aff2-5292b5797aa9_kJopm0u.jpeg'
INFO 2025-06-19 10:41:52,703 basehttp 4344 22224 "GET /api/menu-items/?cafe=1 HTTP/1.1" 200 471
INFO 2025-06-19 10:41:52,714 basehttp 4344 23660 "GET /api/orders/?cafe=1 HTTP/1.1" 200 1588
DEBUG 2025-06-19 10:41:52,715 middleware 4344 23660 Request from origin: http://localhost:3000
INFO 2025-06-19 10:41:52,730 basehttp 4344 23660 "GET /api/orders/?cafe=1 HTTP/1.1" 200 1588
DEBUG 2025-06-19 10:41:53,184 middleware 4344 22224 Request from origin: http://localhost:3000
INFO 2025-06-19 10:41:53,187 views 4344 22224 Health check запрос от 127.0.0.1: ok
INFO 2025-06-19 10:41:53,188 basehttp 4344 22224 "GET /api/health/ HTTP/1.1" 200 250
DEBUG 2025-06-19 10:41:53,190 middleware 4344 22224 Request from origin: http://localhost:3000
DEBUG 2025-06-19 10:41:53,192 middleware 4344 4400 Request from origin: http://localhost:3000
INFO 2025-06-19 10:41:53,193 views 4344 22224 Health check запрос от 127.0.0.1: ok
INFO 2025-06-19 10:41:53,194 basehttp 4344 22224 "GET /api/health/ HTTP/1.1" 200 251
DEBUG 2025-06-19 10:41:53,197 middleware 4344 23660 Request from origin: http://localhost:3000
INFO 2025-06-19 10:41:53,197 basehttp 4344 4400 "GET /api/cities/ HTTP/1.1" 200 168
INFO 2025-06-19 10:41:53,203 basehttp 4344 23660 "GET /api/cafes/1/ HTTP/1.1" 200 447
DEBUG 2025-06-19 10:41:53,204 middleware 4344 23660 Request from origin: http://localhost:3000
INFO 2025-06-19 10:41:53,210 basehttp 4344 23660 "GET /api/cafes/1/ HTTP/1.1" 200 447
DEBUG 2025-06-19 10:41:53,214 middleware 4344 4400 Request from origin: http://localhost:3000
DEBUG 2025-06-19 10:41:53,215 middleware 4344 22224 Request from origin: http://localhost:3000
DEBUG 2025-06-19 10:41:53,217 middleware 4344 23660 Request from origin: http://localhost:3000
INFO 2025-06-19 10:41:53,223 basehttp 4344 22224 "GET /api/cities/ HTTP/1.1" 200 168
INFO 2025-06-19 10:41:53,226 basehttp 4344 4400 "GET /api/cafes/?city=1&t=1750300913212 HTTP/1.1" 200 499
DEBUG 2025-06-19 10:41:53,227 middleware 4344 22224 Request from origin: http://localhost:3000
DEBUG 2025-06-19 10:41:53,231 middleware 4344 4400 Request from origin: http://localhost:3000
INFO 2025-06-19 10:41:53,236 basehttp 4344 23660 "GET /api/cafes/1/statistics/ HTTP/1.1" 200 86
INFO 2025-06-19 10:41:53,238 basehttp 4344 22224 "GET /api/cafes/?city=1&t=1750300913224 HTTP/1.1" 200 499
DEBUG 2025-06-19 10:41:53,239 views 4344 4400 Menu item: Шурпа, image: 'http://localhost:8000/media/menu_items/1ef19980-8e08-45b7-aff2-5292b5797aa9_kJopm0u.jpeg', image_full_url: 'http://localhost:8000/media/menu_items/1ef19980-8e08-45b7-aff2-5292b5797aa9_kJopm0u.jpeg'
DEBUG 2025-06-19 10:41:53,240 middleware 4344 23660 Request from origin: http://localhost:3000
INFO 2025-06-19 10:41:53,241 basehttp 4344 4400 "GET /api/menu-items/?cafe=1 HTTP/1.1" 200 471
INFO 2025-06-19 10:41:53,247 basehttp 4344 23660 "GET /api/cafes/1/statistics/ HTTP/1.1" 200 86
DEBUG 2025-06-19 10:41:53,248 middleware 4344 23752 Request from origin: http://localhost:3000
DEBUG 2025-06-19 10:41:53,250 middleware 4344 4400 Request from origin: http://localhost:3000
DEBUG 2025-06-19 10:41:53,256 views 4344 4400 Menu item: Шурпа, image: 'http://localhost:8000/media/menu_items/1ef19980-8e08-45b7-aff2-5292b5797aa9_kJopm0u.jpeg', image_full_url: 'http://localhost:8000/media/menu_items/1ef19980-8e08-45b7-aff2-5292b5797aa9_kJopm0u.jpeg'
INFO 2025-06-19 10:41:53,260 basehttp 4344 4400 "GET /api/menu-items/?cafe=1 HTTP/1.1" 200 471
INFO 2025-06-19 10:41:53,267 basehttp 4344 23752 "GET /api/orders/?cafe=1 HTTP/1.1" 200 1588
DEBUG 2025-06-19 10:41:53,268 middleware 4344 23752 Request from origin: http://localhost:3000
INFO 2025-06-19 10:41:53,283 basehttp 4344 23752 "GET /api/orders/?cafe=1 HTTP/1.1" 200 1588
DEBUG 2025-06-19 10:41:53,529 middleware 4344 4400 Request from origin: http://localhost:3000
INFO 2025-06-19 10:41:53,532 views 4344 4400 Health check запрос от 127.0.0.1: ok
INFO 2025-06-19 10:41:53,533 basehttp 4344 4400 "GET /api/health/ HTTP/1.1" 200 252
DEBUG 2025-06-19 10:41:53,534 middleware 4344 4400 Request from origin: http://localhost:3000
INFO 2025-06-19 10:41:53,537 views 4344 4400 Health check запрос от 127.0.0.1: ok
DEBUG 2025-06-19 10:41:53,538 middleware 4344 23752 Request from origin: http://localhost:3000
INFO 2025-06-19 10:41:53,539 basehttp 4344 4400 "GET /api/health/ HTTP/1.1" 200 252
DEBUG 2025-06-19 10:41:53,540 middleware 4344 22224 Request from origin: http://localhost:3000
INFO 2025-06-19 10:41:53,546 basehttp 4344 22224 "GET /api/cities/ HTTP/1.1" 200 168
INFO 2025-06-19 10:41:53,546 basehttp 4344 23752 "GET /api/cafes/1/ HTTP/1.1" 200 447
DEBUG 2025-06-19 10:41:53,548 middleware 4344 23752 Request from origin: http://localhost:3000
INFO 2025-06-19 10:41:53,554 basehttp 4344 23752 "GET /api/cafes/1/ HTTP/1.1" 200 447
DEBUG 2025-06-19 10:41:53,556 middleware 4344 22224 Request from origin: http://localhost:3000
DEBUG 2025-06-19 10:41:53,559 middleware 4344 4400 Request from origin: http://localhost:3000
DEBUG 2025-06-19 10:41:53,559 middleware 4344 23752 Request from origin: http://localhost:3000
INFO 2025-06-19 10:41:53,564 basehttp 4344 22224 "GET /api/cities/ HTTP/1.1" 200 168
DEBUG 2025-06-19 10:41:53,570 middleware 4344 22224 Request from origin: http://localhost:3000
INFO 2025-06-19 10:41:53,571 basehttp 4344 4400 "GET /api/cafes/?city=1&t=1750300913556 HTTP/1.1" 200 499
DEBUG 2025-06-19 10:41:53,577 middleware 4344 4400 Request from origin: http://localhost:3000
INFO 2025-06-19 10:41:53,578 basehttp 4344 23752 "GET /api/cafes/1/statistics/ HTTP/1.1" 200 86
DEBUG 2025-06-19 10:41:53,581 middleware 4344 23752 Request from origin: http://localhost:3000
DEBUG 2025-06-19 10:41:53,583 views 4344 4400 Menu item: Шурпа, image: 'http://localhost:8000/media/menu_items/1ef19980-8e08-45b7-aff2-5292b5797aa9_kJopm0u.jpeg', image_full_url: 'http://localhost:8000/media/menu_items/1ef19980-8e08-45b7-aff2-5292b5797aa9_kJopm0u.jpeg'
INFO 2025-06-19 10:41:53,587 basehttp 4344 22224 "GET /api/cafes/?city=1&t=1750300913565 HTTP/1.1" 200 499
INFO 2025-06-19 10:41:53,587 basehttp 4344 4400 "GET /api/menu-items/?cafe=1 HTTP/1.1" 200 471
INFO 2025-06-19 10:41:53,594 basehttp 4344 23752 "GET /api/cafes/1/statistics/ HTTP/1.1" 200 86
DEBUG 2025-06-19 10:41:53,595 middleware 4344 23660 Request from origin: http://localhost:3000
DEBUG 2025-06-19 10:41:53,597 middleware 4344 4400 Request from origin: http://localhost:3000
DEBUG 2025-06-19 10:41:53,605 views 4344 4400 Menu item: Шурпа, image: 'http://localhost:8000/media/menu_items/1ef19980-8e08-45b7-aff2-5292b5797aa9_kJopm0u.jpeg', image_full_url: 'http://localhost:8000/media/menu_items/1ef19980-8e08-45b7-aff2-5292b5797aa9_kJopm0u.jpeg'
INFO 2025-06-19 10:41:53,609 basehttp 4344 4400 "GET /api/menu-items/?cafe=1 HTTP/1.1" 200 471
INFO 2025-06-19 10:41:53,618 basehttp 4344 23660 "GET /api/orders/?cafe=1 HTTP/1.1" 200 1588
DEBUG 2025-06-19 10:41:53,619 middleware 4344 23660 Request from origin: http://localhost:3000
INFO 2025-06-19 10:41:53,636 basehttp 4344 23660 "GET /api/orders/?cafe=1 HTTP/1.1" 200 1588
DEBUG 2025-06-19 10:41:55,091 middleware 4344 23660 Request from origin: http://localhost:3000
DEBUG 2025-06-19 10:41:55,091 middleware 4344 23660 CSRF Processing path: api/auth/csrf/, Method: GET
DEBUG 2025-06-19 10:41:55,092 middleware 4344 23660 CSRF token in cookie: True
DEBUG 2025-06-19 10:41:55,092 middleware 4344 23660 CSRF token in header: False
DEBUG 2025-06-19 10:41:55,092 middleware 4344 23660 CSRF cookie token (first 6): cn0nv3...
INFO 2025-06-19 10:41:55,095 auth 4344 23660 Запрос CSRF токена
INFO 2025-06-19 10:41:55,095 auth 4344 23660 CSRF запрос от Origin: http://localhost:3000, Referer: http://localhost:3000/
DEBUG 2025-06-19 10:41:55,095 auth 4344 23660 User-Agent: Mozilla/5.0 (Windows NT 10.0; Win64; x64) AppleWebKit/537.36 (KHTML, like Gecko) Chrome/134.0.0.0 Safari/537.36 OPR/119.0.0.0
INFO 2025-06-19 10:41:55,095 auth 4344 23660 CSRF токен сгенерирован: HgaDa0... (первые 6 символов)
DEBUG 2025-06-19 10:41:55,095 auth 4344 23660 Настройки CSRF cookie: {'csrf_cookie': {'name': 'csrftoken', 'secure': False, 'httponly': False, 'samesite': 'Lax'}}
INFO 2025-06-19 10:41:55,096 basehttp 4344 23660 "GET /api/auth/csrf/ HTTP/1.1" 200 58
DEBUG 2025-06-19 10:41:55,097 middleware 4344 23660 Request from origin: http://localhost:3000
DEBUG 2025-06-19 10:41:55,098 middleware 4344 23660 CSRF Processing path: api/auth/csrf/, Method: GET
DEBUG 2025-06-19 10:41:55,098 middleware 4344 23660 CSRF token in cookie: True
DEBUG 2025-06-19 10:41:55,098 middleware 4344 23660 CSRF token in header: False
DEBUG 2025-06-19 10:41:55,099 middleware 4344 23660 CSRF cookie token (first 6): cn0nv3...
INFO 2025-06-19 10:41:55,101 auth 4344 23660 Запрос CSRF токена
INFO 2025-06-19 10:41:55,102 auth 4344 23660 CSRF запрос от Origin: http://localhost:3000, Referer: http://localhost:3000/
DEBUG 2025-06-19 10:41:55,102 auth 4344 23660 User-Agent: Mozilla/5.0 (Windows NT 10.0; Win64; x64) AppleWebKit/537.36 (KHTML, like Gecko) Chrome/134.0.0.0 Safari/537.36 OPR/119.0.0.0
INFO 2025-06-19 10:41:55,103 auth 4344 23660 CSRF токен сгенерирован: kLX1FS... (первые 6 символов)
DEBUG 2025-06-19 10:41:55,103 auth 4344 23660 Настройки CSRF cookie: {'csrf_cookie': {'name': 'csrftoken', 'secure': False, 'httponly': False, 'samesite': 'Lax'}}
INFO 2025-06-19 10:41:55,104 basehttp 4344 23660 "GET /api/auth/csrf/ HTTP/1.1" 200 58
INFO 2025-06-19 10:41:55,403 basehttp 4344 24012 "OPTIONS /api/orders/?client_order_id=1750300915028 HTTP/1.1" 200 0
DEBUG 2025-06-19 10:41:55,404 middleware 4344 23660 Request from origin: http://localhost:3000
INFO 2025-06-19 10:41:55,418 basehttp 4344 23660 "GET /api/orders/?client_order_id=1750300915028 HTTP/1.1" 200 1588
DEBUG 2025-06-19 10:41:55,419 middleware 4344 23660 Request from origin: http://localhost:3000
INFO 2025-06-19 10:41:55,431 basehttp 4344 23660 "GET /api/orders/?client_order_id=1750300915028 HTTP/1.1" 200 1588
DEBUG 2025-06-19 10:41:56,241 middleware 4344 4400 Request from origin: http://localhost:3000
INFO 2025-06-19 10:41:56,244 views 4344 4400 Health check запрос от 127.0.0.1: ok
INFO 2025-06-19 10:41:56,245 basehttp 4344 4400 "GET /api/health/ HTTP/1.1" 200 251
DEBUG 2025-06-19 10:41:56,246 middleware 4344 4400 Request from origin: http://localhost:3000
INFO 2025-06-19 10:41:56,249 views 4344 4400 Health check запрос от 127.0.0.1: ok
INFO 2025-06-19 10:41:56,250 basehttp 4344 4400 "GET /api/health/ HTTP/1.1" 200 252
DEBUG 2025-06-19 10:41:56,251 middleware 4344 23660 Request from origin: http://localhost:3000
DEBUG 2025-06-19 10:41:56,252 middleware 4344 4400 Request from origin: http://localhost:3000
INFO 2025-06-19 10:41:56,257 basehttp 4344 4400 "GET /api/cities/ HTTP/1.1" 200 168
DEBUG 2025-06-19 10:41:56,260 middleware 4344 4400 Request from origin: http://localhost:3000
INFO 2025-06-19 10:41:56,260 basehttp 4344 23660 "GET /api/cafes/1/ HTTP/1.1" 200 447
DEBUG 2025-06-19 10:41:56,262 middleware 4344 23660 Request from origin: http://localhost:3000
INFO 2025-06-19 10:41:56,265 basehttp 4344 4400 "GET /api/cities/ HTTP/1.1" 200 168
DEBUG 2025-06-19 10:41:56,270 middleware 4344 4400 Request from origin: http://localhost:3000
INFO 2025-06-19 10:41:56,270 basehttp 4344 23660 "GET /api/cafes/1/ HTTP/1.1" 200 447
DEBUG 2025-06-19 10:41:56,272 middleware 4344 23660 Request from origin: http://localhost:3000
DEBUG 2025-06-19 10:41:56,274 middleware 4344 22224 Request from origin: http://localhost:3000
INFO 2025-06-19 10:41:56,280 basehttp 4344 4400 "GET /api/cafes/?city=1&t=1750300916267 HTTP/1.1" 200 499
DEBUG 2025-06-19 10:41:56,286 middleware 4344 4400 Request from origin: http://localhost:3000
INFO 2025-06-19 10:41:56,290 basehttp 4344 22224 "GET /api/cafes/?city=1&t=1750300916271 HTTP/1.1" 200 499
INFO 2025-06-19 10:41:56,291 basehttp 4344 23660 "GET /api/cafes/1/statistics/ HTTP/1.1" 200 86
DEBUG 2025-06-19 10:41:56,292 middleware 4344 23752 Request from origin: http://localhost:3000
DEBUG 2025-06-19 10:41:56,293 views 4344 4400 Menu item: Шурпа, image: 'http://localhost:8000/media/menu_items/1ef19980-8e08-45b7-aff2-5292b5797aa9_kJopm0u.jpeg', image_full_url: 'http://localhost:8000/media/menu_items/1ef19980-8e08-45b7-aff2-5292b5797aa9_kJopm0u.jpeg'
INFO 2025-06-19 10:41:56,295 basehttp 4344 4400 "GET /api/menu-items/?cafe=1 HTTP/1.1" 200 471
INFO 2025-06-19 10:41:56,300 basehttp 4344 23752 "GET /api/cafes/1/statistics/ HTTP/1.1" 200 86
DEBUG 2025-06-19 10:41:56,302 middleware 4344 4400 Request from origin: http://localhost:3000
DEBUG 2025-06-19 10:41:56,303 middleware 4344 23752 Request from origin: http://localhost:3000
DEBUG 2025-06-19 10:41:56,308 views 4344 4400 Menu item: Шурпа, image: 'http://localhost:8000/media/menu_items/1ef19980-8e08-45b7-aff2-5292b5797aa9_kJopm0u.jpeg', image_full_url: 'http://localhost:8000/media/menu_items/1ef19980-8e08-45b7-aff2-5292b5797aa9_kJopm0u.jpeg'
INFO 2025-06-19 10:41:56,310 basehttp 4344 4400 "GET /api/menu-items/?cafe=1 HTTP/1.1" 200 471
INFO 2025-06-19 10:41:56,322 basehttp 4344 23752 "GET /api/orders/?cafe=1 HTTP/1.1" 200 1588
DEBUG 2025-06-19 10:41:56,323 middleware 4344 23752 Request from origin: http://localhost:3000
INFO 2025-06-19 10:41:56,338 basehttp 4344 23752 "GET /api/orders/?cafe=1 HTTP/1.1" 200 1588
DEBUG 2025-06-19 10:41:56,806 middleware 4344 4400 Request from origin: http://localhost:3000
INFO 2025-06-19 10:41:56,808 views 4344 4400 Health check запрос от 127.0.0.1: ok
INFO 2025-06-19 10:41:56,809 basehttp 4344 4400 "GET /api/health/ HTTP/1.1" 200 252
DEBUG 2025-06-19 10:41:56,810 middleware 4344 4400 Request from origin: http://localhost:3000
INFO 2025-06-19 10:41:56,813 views 4344 4400 Health check запрос от 127.0.0.1: ok
INFO 2025-06-19 10:41:56,813 basehttp 4344 4400 "GET /api/health/ HTTP/1.1" 200 250
DEBUG 2025-06-19 10:41:56,814 middleware 4344 23752 Request from origin: http://localhost:3000
DEBUG 2025-06-19 10:41:56,816 middleware 4344 4400 Request from origin: http://localhost:3000
INFO 2025-06-19 10:41:56,820 basehttp 4344 4400 "GET /api/cities/ HTTP/1.1" 200 168
DEBUG 2025-06-19 10:41:56,823 middleware 4344 4400 Request from origin: http://localhost:3000
INFO 2025-06-19 10:41:56,823 basehttp 4344 23752 "GET /api/cafes/1/ HTTP/1.1" 200 447
DEBUG 2025-06-19 10:41:56,825 middleware 4344 23752 Request from origin: http://localhost:3000
INFO 2025-06-19 10:41:56,829 basehttp 4344 4400 "GET /api/cities/ HTTP/1.1" 200 168
DEBUG 2025-06-19 10:41:56,832 middleware 4344 4400 Request from origin: http://localhost:3000
INFO 2025-06-19 10:41:56,833 basehttp 4344 23752 "GET /api/cafes/1/ HTTP/1.1" 200 447
DEBUG 2025-06-19 10:41:56,835 middleware 4344 23752 Request from origin: http://localhost:3000
DEBUG 2025-06-19 10:41:56,836 middleware 4344 22224 Request from origin: http://localhost:3000
INFO 2025-06-19 10:41:56,842 basehttp 4344 4400 "GET /api/cafes/?city=1&t=1750300916831 HTTP/1.1" 200 499
DEBUG 2025-06-19 10:41:56,846 middleware 4344 4400 Request from origin: http://localhost:3000
DEBUG 2025-06-19 10:41:56,852 views 4344 4400 Menu item: Шурпа, image: 'http://localhost:8000/media/menu_items/1ef19980-8e08-45b7-aff2-5292b5797aa9_kJopm0u.jpeg', image_full_url: 'http://localhost:8000/media/menu_items/1ef19980-8e08-45b7-aff2-5292b5797aa9_kJopm0u.jpeg'
INFO 2025-06-19 10:41:56,853 basehttp 4344 23752 "GET /api/cafes/1/statistics/ HTTP/1.1" 200 86
INFO 2025-06-19 10:41:56,854 basehttp 4344 4400 "GET /api/menu-items/?cafe=1 HTTP/1.1" 200 471
DEBUG 2025-06-19 10:41:56,854 middleware 4344 23752 Request from origin: http://localhost:3000
INFO 2025-06-19 10:41:56,857 basehttp 4344 22224 "GET /api/cafes/?city=1&t=1750300916835 HTTP/1.1" 200 499
INFO 2025-06-19 10:41:56,863 basehttp 4344 23752 "GET /api/cafes/1/statistics/ HTTP/1.1" 200 86
DEBUG 2025-06-19 10:41:56,866 middleware 4344 23752 Request from origin: http://localhost:3000
INFO 2025-06-19 10:41:56,881 basehttp 4344 23752 "GET /api/orders/?cafe=1 HTTP/1.1" 200 1588
DEBUG 2025-06-19 10:41:56,882 middleware 4344 23752 Request from origin: http://localhost:3000
INFO 2025-06-19 10:41:56,898 basehttp 4344 23752 "GET /api/orders/?cafe=1 HTTP/1.1" 200 1588
DEBUG 2025-06-19 10:41:59,536 middleware 4344 23752 Request from origin: http://localhost:3000
DEBUG 2025-06-19 10:41:59,536 middleware 4344 23752 CSRF Processing path: api/auth/csrf/, Method: GET
DEBUG 2025-06-19 10:41:59,537 middleware 4344 23752 CSRF token in cookie: True
DEBUG 2025-06-19 10:41:59,537 middleware 4344 23752 CSRF token in header: False
DEBUG 2025-06-19 10:41:59,537 middleware 4344 23752 CSRF cookie token (first 6): cn0nv3...
INFO 2025-06-19 10:41:59,539 auth 4344 23752 Запрос CSRF токена
INFO 2025-06-19 10:41:59,540 auth 4344 23752 CSRF запрос от Origin: http://localhost:3000, Referer: http://localhost:3000/
DEBUG 2025-06-19 10:41:59,540 auth 4344 23752 User-Agent: Mozilla/5.0 (Windows NT 10.0; Win64; x64) AppleWebKit/537.36 (KHTML, like Gecko) Chrome/134.0.0.0 Safari/537.36 OPR/119.0.0.0
INFO 2025-06-19 10:41:59,540 auth 4344 23752 CSRF токен сгенерирован: NNkD0M... (первые 6 символов)
DEBUG 2025-06-19 10:41:59,540 auth 4344 23752 Настройки CSRF cookie: {'csrf_cookie': {'name': 'csrftoken', 'secure': False, 'httponly': False, 'samesite': 'Lax'}}
INFO 2025-06-19 10:41:59,541 basehttp 4344 23752 "GET /api/auth/csrf/ HTTP/1.1" 200 58
DEBUG 2025-06-19 10:41:59,543 middleware 4344 23752 Request from origin: http://localhost:3000
DEBUG 2025-06-19 10:41:59,543 middleware 4344 23752 CSRF Processing path: api/auth/csrf/, Method: GET
DEBUG 2025-06-19 10:41:59,543 middleware 4344 23752 CSRF token in cookie: True
DEBUG 2025-06-19 10:41:59,544 middleware 4344 23752 CSRF token in header: False
DEBUG 2025-06-19 10:41:59,544 middleware 4344 23752 CSRF cookie token (first 6): cn0nv3...
INFO 2025-06-19 10:41:59,547 auth 4344 23752 Запрос CSRF токена
INFO 2025-06-19 10:41:59,547 auth 4344 23752 CSRF запрос от Origin: http://localhost:3000, Referer: http://localhost:3000/
DEBUG 2025-06-19 10:41:59,547 auth 4344 23752 User-Agent: Mozilla/5.0 (Windows NT 10.0; Win64; x64) AppleWebKit/537.36 (KHTML, like Gecko) Chrome/134.0.0.0 Safari/537.36 OPR/119.0.0.0
INFO 2025-06-19 10:41:59,547 auth 4344 23752 CSRF токен сгенерирован: NVlxx1... (первые 6 символов)
DEBUG 2025-06-19 10:41:59,548 auth 4344 23752 Настройки CSRF cookie: {'csrf_cookie': {'name': 'csrftoken', 'secure': False, 'httponly': False, 'samesite': 'Lax'}}
INFO 2025-06-19 10:41:59,548 basehttp 4344 23752 "GET /api/auth/csrf/ HTTP/1.1" 200 58
DEBUG 2025-06-19 10:42:04,236 middleware 4344 23752 Request from origin: http://localhost:3000
DEBUG 2025-06-19 10:42:04,237 middleware 4344 23752 CSRF Processing path: api/auth/csrf/, Method: GET
DEBUG 2025-06-19 10:42:04,237 middleware 4344 23752 CSRF token in cookie: True
DEBUG 2025-06-19 10:42:04,237 middleware 4344 23752 CSRF token in header: False
DEBUG 2025-06-19 10:42:04,237 middleware 4344 23752 CSRF cookie token (first 6): cn0nv3...
INFO 2025-06-19 10:42:04,240 auth 4344 23752 Запрос CSRF токена
INFO 2025-06-19 10:42:04,240 auth 4344 23752 CSRF запрос от Origin: http://localhost:3000, Referer: http://localhost:3000/
DEBUG 2025-06-19 10:42:04,241 auth 4344 23752 User-Agent: Mozilla/5.0 (Windows NT 10.0; Win64; x64) AppleWebKit/537.36 (KHTML, like Gecko) Chrome/134.0.0.0 Safari/537.36 OPR/119.0.0.0
INFO 2025-06-19 10:42:04,241 auth 4344 23752 CSRF токен сгенерирован: bGsV4g... (первые 6 символов)
DEBUG 2025-06-19 10:42:04,241 auth 4344 23752 Настройки CSRF cookie: {'csrf_cookie': {'name': 'csrftoken', 'secure': False, 'httponly': False, 'samesite': 'Lax'}}
INFO 2025-06-19 10:42:04,242 basehttp 4344 23752 "GET /api/auth/csrf/ HTTP/1.1" 200 58
DEBUG 2025-06-19 10:42:05,058 middleware 4344 23752 Request from origin: http://localhost:3000
DEBUG 2025-06-19 10:42:05,059 middleware 4344 23752 CSRF Processing path: api/auth/csrf/, Method: GET
DEBUG 2025-06-19 10:42:05,059 middleware 4344 23752 CSRF token in cookie: True
DEBUG 2025-06-19 10:42:05,059 middleware 4344 23752 CSRF token in header: False
DEBUG 2025-06-19 10:42:05,059 middleware 4344 23752 CSRF cookie token (first 6): cn0nv3...
INFO 2025-06-19 10:42:05,062 auth 4344 23752 Запрос CSRF токена
INFO 2025-06-19 10:42:05,062 auth 4344 23752 CSRF запрос от Origin: http://localhost:3000, Referer: http://localhost:3000/
DEBUG 2025-06-19 10:42:05,062 auth 4344 23752 User-Agent: Mozilla/5.0 (Windows NT 10.0; Win64; x64) AppleWebKit/537.36 (KHTML, like Gecko) Chrome/134.0.0.0 Safari/537.36 OPR/119.0.0.0
INFO 2025-06-19 10:42:05,063 auth 4344 23752 CSRF токен сгенерирован: uhvDUD... (первые 6 символов)
DEBUG 2025-06-19 10:42:05,063 auth 4344 23752 Настройки CSRF cookie: {'csrf_cookie': {'name': 'csrftoken', 'secure': False, 'httponly': False, 'samesite': 'Lax'}}
INFO 2025-06-19 10:42:05,064 basehttp 4344 23752 "GET /api/auth/csrf/ HTTP/1.1" 200 58
DEBUG 2025-06-19 10:42:05,372 middleware 4344 23752 Request from origin: http://localhost:3000
DEBUG 2025-06-19 10:42:05,372 middleware 4344 23752 CSRF Processing path: api/auth/csrf/, Method: GET
DEBUG 2025-06-19 10:42:05,373 middleware 4344 23752 CSRF token in cookie: True
DEBUG 2025-06-19 10:42:05,373 middleware 4344 23752 CSRF token in header: False
DEBUG 2025-06-19 10:42:05,373 middleware 4344 23752 CSRF cookie token (first 6): cn0nv3...
INFO 2025-06-19 10:42:05,375 auth 4344 23752 Запрос CSRF токена
INFO 2025-06-19 10:42:05,376 auth 4344 23752 CSRF запрос от Origin: http://localhost:3000, Referer: http://localhost:3000/
DEBUG 2025-06-19 10:42:05,376 auth 4344 23752 User-Agent: Mozilla/5.0 (Windows NT 10.0; Win64; x64) AppleWebKit/537.36 (KHTML, like Gecko) Chrome/134.0.0.0 Safari/537.36 OPR/119.0.0.0
INFO 2025-06-19 10:42:05,376 auth 4344 23752 CSRF токен сгенерирован: agzHwc... (первые 6 символов)
DEBUG 2025-06-19 10:42:05,376 auth 4344 23752 Настройки CSRF cookie: {'csrf_cookie': {'name': 'csrftoken', 'secure': False, 'httponly': False, 'samesite': 'Lax'}}
INFO 2025-06-19 10:42:05,377 basehttp 4344 23752 "GET /api/auth/csrf/ HTTP/1.1" 200 58
DEBUG 2025-06-19 10:42:05,688 middleware 4344 23752 Request from origin: http://localhost:3000
DEBUG 2025-06-19 10:42:05,688 middleware 4344 23752 CSRF Processing path: api/auth/login/, Method: POST
DEBUG 2025-06-19 10:42:05,688 middleware 4344 23752 CSRF token in cookie: True
DEBUG 2025-06-19 10:42:05,689 middleware 4344 23752 CSRF token in header: True
DEBUG 2025-06-19 10:42:05,689 middleware 4344 23752 CSRF cookie token (first 6): cn0nv3...
DEBUG 2025-06-19 10:42:05,689 middleware 4344 23752 CSRF header token (first 6): cn0nv3...
INFO 2025-06-19 10:42:05,692 auth 4344 23752 Попытка входа с email: hello@gmail.com
DEBUG 2025-06-19 10:42:05,692 auth 4344 23752 Запрос входа: {'email': 'hello@gmail.com', 'password': 'A166DB701'}
INFO 2025-06-19 10:42:05,692 auth 4344 23752 CSRF токен в заголовке: cn0nv3...
INFO 2025-06-19 10:42:05,692 auth 4344 23752 Origin заголовок: http://localhost:3000
INFO 2025-06-19 10:42:05,693 auth 4344 23752 HTTP метод: POST
INFO 2025-06-19 10:42:05,693 auth 4344 23752 Content-Type: application/json
INFO 2025-06-19 10:42:05,693 auth 4344 23752 Cookies: {'sessionid': 'fj5o25xybhdrci5nu0tictpekeb0kw56', 'csrftoken': 'cn0nv3178sy1CJ28gGi6FmO3VB21vVRc'}
INFO 2025-06-19 10:42:05,693 auth 4344 23752 HTTP_X_CSRFTOKEN: cn0nv3...
INFO 2025-06-19 10:42:05,693 auth 4344 23752 Cookie CSRF: cn0nv3...
INFO 2025-06-19 10:42:05,694 auth 4344 23752 CSRF токены совпадают: True
INFO 2025-06-19 10:42:05,694 auth 4344 23752 Проверка учетной записи: hello@gmail.com
INFO 2025-06-19 10:42:06,050 auth 4344 23752 Успешный вход пользователя: Hello
INFO 2025-06-19 10:42:06,052 auth 4344 23752 Пользователь Hello является владельцем ресторана Aliya
INFO 2025-06-19 10:42:06,052 auth 4344 23752 Данные для отправки: {'id': 2, 'email': 'hello@gmail.com', 'name': 'Hello', 'cafe_id': 1, 'role': 'owner'}
INFO 2025-06-19 10:42:06,058 basehttp 4344 23752 "POST /api/auth/login/ HTTP/1.1" 200 76
DEBUG 2025-06-19 10:42:06,068 middleware 4344 23752 Request from origin: http://localhost:3000
INFO 2025-06-19 10:42:06,075 basehttp 4344 23752 "GET /api/cafes/1/ HTTP/1.1" 200 447
DEBUG 2025-06-19 10:42:06,077 middleware 4344 23752 Request from origin: http://localhost:3000
DEBUG 2025-06-19 10:42:06,079 middleware 4344 23660 Request from origin: http://localhost:3000
INFO 2025-06-19 10:42:06,085 basehttp 4344 23752 "GET /api/cafes/1/ HTTP/1.1" 200 447
INFO 2025-06-19 10:42:06,090 basehttp 4344 23660 "GET /api/cafes/1/statistics/ HTTP/1.1" 200 86
DEBUG 2025-06-19 10:42:06,092 middleware 4344 23660 Request from origin: http://localhost:3000
DEBUG 2025-06-19 10:42:06,094 middleware 4344 23752 Request from origin: http://localhost:3000
INFO 2025-06-19 10:42:06,106 basehttp 4344 23660 "GET /api/cafes/1/statistics/ HTTP/1.1" 200 86
INFO 2025-06-19 10:42:06,114 basehttp 4344 23752 "GET /api/orders/?cafe=1 HTTP/1.1" 200 1588
DEBUG 2025-06-19 10:42:06,116 middleware 4344 23752 Request from origin: http://localhost:3000
INFO 2025-06-19 10:42:06,129 basehttp 4344 23752 "GET /api/orders/?cafe=1 HTTP/1.1" 200 1588
DEBUG 2025-06-19 10:42:10,272 middleware 4344 23752 Request from origin: http://localhost:3000
DEBUG 2025-06-19 10:42:10,277 views 4344 23752 Menu item: Шурпа, image: 'http://localhost:8000/media/menu_items/1ef19980-8e08-45b7-aff2-5292b5797aa9_kJopm0u.jpeg', image_full_url: 'http://localhost:8000/media/menu_items/1ef19980-8e08-45b7-aff2-5292b5797aa9_kJopm0u.jpeg'
INFO 2025-06-19 10:42:10,278 basehttp 4344 23752 "GET /api/menu-items/?cafe=1 HTTP/1.1" 200 471
DEBUG 2025-06-19 10:42:10,280 middleware 4344 23752 Request from origin: http://localhost:3000
DEBUG 2025-06-19 10:42:10,286 views 4344 23752 Menu item: Шурпа, image: 'http://localhost:8000/media/menu_items/1ef19980-8e08-45b7-aff2-5292b5797aa9_kJopm0u.jpeg', image_full_url: 'http://localhost:8000/media/menu_items/1ef19980-8e08-45b7-aff2-5292b5797aa9_kJopm0u.jpeg'
INFO 2025-06-19 10:42:10,288 basehttp 4344 23752 "GET /api/menu-items/?cafe=1 HTTP/1.1" 200 471
DEBUG 2025-06-19 10:42:18,213 middleware 4344 23752 Request from origin: http://localhost:3000
DEBUG 2025-06-19 10:42:18,214 middleware 4344 23752 CSRF Processing path: api/auth/csrf/, Method: GET
DEBUG 2025-06-19 10:42:18,214 middleware 4344 23752 CSRF token in cookie: True
DEBUG 2025-06-19 10:42:18,214 middleware 4344 23752 CSRF token in header: False
DEBUG 2025-06-19 10:42:18,214 middleware 4344 23752 CSRF cookie token (first 6): KVl0FM...
INFO 2025-06-19 10:42:18,219 auth 4344 23752 Запрос CSRF токена
INFO 2025-06-19 10:42:18,219 auth 4344 23752 CSRF запрос от Origin: http://localhost:3000, Referer: http://localhost:3000/
DEBUG 2025-06-19 10:42:18,219 auth 4344 23752 User-Agent: Mozilla/5.0 (Windows NT 10.0; Win64; x64) AppleWebKit/537.36 (KHTML, like Gecko) Chrome/134.0.0.0 Safari/537.36 OPR/119.0.0.0
INFO 2025-06-19 10:42:18,220 auth 4344 23752 CSRF токен сгенерирован: 4RD4Co... (первые 6 символов)
DEBUG 2025-06-19 10:42:18,220 auth 4344 23752 Настройки CSRF cookie: {'csrf_cookie': {'name': 'csrftoken', 'secure': False, 'httponly': False, 'samesite': 'Lax'}}
INFO 2025-06-19 10:42:18,221 basehttp 4344 23752 "GET /api/auth/csrf/ HTTP/1.1" 200 58
DEBUG 2025-06-19 10:42:18,223 middleware 4344 23752 Request from origin: http://localhost:3000
DEBUG 2025-06-19 10:42:18,223 middleware 4344 23752 CSRF Processing path: api/auth/csrf/, Method: GET
DEBUG 2025-06-19 10:42:18,224 middleware 4344 23752 CSRF token in cookie: True
DEBUG 2025-06-19 10:42:18,224 middleware 4344 23752 CSRF token in header: False
DEBUG 2025-06-19 10:42:18,224 middleware 4344 23752 CSRF cookie token (first 6): KVl0FM...
INFO 2025-06-19 10:42:18,227 auth 4344 23752 Запрос CSRF токена
INFO 2025-06-19 10:42:18,228 auth 4344 23752 CSRF запрос от Origin: http://localhost:3000, Referer: http://localhost:3000/
DEBUG 2025-06-19 10:42:18,228 auth 4344 23752 User-Agent: Mozilla/5.0 (Windows NT 10.0; Win64; x64) AppleWebKit/537.36 (KHTML, like Gecko) Chrome/134.0.0.0 Safari/537.36 OPR/119.0.0.0
INFO 2025-06-19 10:42:18,228 auth 4344 23752 CSRF токен сгенерирован: hGasY7... (первые 6 символов)
DEBUG 2025-06-19 10:42:18,228 auth 4344 23752 Настройки CSRF cookie: {'csrf_cookie': {'name': 'csrftoken', 'secure': False, 'httponly': False, 'samesite': 'Lax'}}
INFO 2025-06-19 10:42:18,229 basehttp 4344 23752 "GET /api/auth/csrf/ HTTP/1.1" 200 58
INFO 2025-06-19 10:42:18,530 basehttp 4344 24012 "OPTIONS /api/orders/?client_order_id=1750300938199 HTTP/1.1" 200 0
DEBUG 2025-06-19 10:42:18,532 middleware 4344 23752 Request from origin: http://localhost:3000
INFO 2025-06-19 10:42:18,545 basehttp 4344 23752 "GET /api/orders/?client_order_id=1750300938199 HTTP/1.1" 200 1588
DEBUG 2025-06-19 10:42:18,546 middleware 4344 23752 Request from origin: http://localhost:3000
INFO 2025-06-19 10:42:18,560 basehttp 4344 23752 "GET /api/orders/?client_order_id=1750300938199 HTTP/1.1" 200 1588
DEBUG 2025-06-19 10:42:23,247 middleware 4344 22224 Request from origin: http://localhost:3000
INFO 2025-06-19 10:42:23,250 views 4344 22224 Health check запрос от 127.0.0.1: ok
INFO 2025-06-19 10:42:23,251 basehttp 4344 22224 "GET /api/health/ HTTP/1.1" 200 250
DEBUG 2025-06-19 10:42:23,253 middleware 4344 22224 Request from origin: http://localhost:3000
INFO 2025-06-19 10:42:23,255 views 4344 22224 Health check запрос от 127.0.0.1: ok
INFO 2025-06-19 10:42:23,256 basehttp 4344 22224 "GET /api/health/ HTTP/1.1" 200 252
DEBUG 2025-06-19 10:42:23,257 middleware 4344 23752 Request from origin: http://localhost:3000
DEBUG 2025-06-19 10:42:23,258 middleware 4344 22224 Request from origin: http://localhost:3000
INFO 2025-06-19 10:42:23,263 basehttp 4344 22224 "GET /api/cities/ HTTP/1.1" 200 168
DEBUG 2025-06-19 10:42:23,266 middleware 4344 22224 Request from origin: http://localhost:3000
INFO 2025-06-19 10:42:23,266 basehttp 4344 23752 "GET /api/cafes/1/ HTTP/1.1" 200 447
DEBUG 2025-06-19 10:42:23,268 middleware 4344 23752 Request from origin: http://localhost:3000
INFO 2025-06-19 10:42:23,272 basehttp 4344 22224 "GET /api/cities/ HTTP/1.1" 200 168
INFO 2025-06-19 10:42:23,276 basehttp 4344 23752 "GET /api/cafes/1/ HTTP/1.1" 200 447
DEBUG 2025-06-19 10:42:23,278 middleware 4344 22224 Request from origin: http://localhost:3000
DEBUG 2025-06-19 10:42:23,283 middleware 4344 23752 Request from origin: http://localhost:3000
DEBUG 2025-06-19 10:42:23,283 middleware 4344 4400 Request from origin: http://localhost:3000
INFO 2025-06-19 10:42:23,289 basehttp 4344 22224 "GET /api/cafes/?city=1&t=1750300943277 HTTP/1.1" 200 499
DEBUG 2025-06-19 10:42:23,293 middleware 4344 22224 Request from origin: http://localhost:3000
INFO 2025-06-19 10:42:23,298 basehttp 4344 4400 "GET /api/cafes/?city=1&t=1750300943281 HTTP/1.1" 200 499
DEBUG 2025-06-19 10:42:23,302 views 4344 22224 Menu item: Шурпа, image: 'http://localhost:8000/media/menu_items/1ef19980-8e08-45b7-aff2-5292b5797aa9_kJopm0u.jpeg', image_full_url: 'http://localhost:8000/media/menu_items/1ef19980-8e08-45b7-aff2-5292b5797aa9_kJopm0u.jpeg'
INFO 2025-06-19 10:42:23,303 basehttp 4344 23752 "GET /api/cafes/1/statistics/ HTTP/1.1" 200 86
INFO 2025-06-19 10:42:23,303 basehttp 4344 22224 "GET /api/menu-items/?cafe=1 HTTP/1.1" 200 471
DEBUG 2025-06-19 10:42:23,305 middleware 4344 23752 Request from origin: http://localhost:3000
INFO 2025-06-19 10:42:23,313 basehttp 4344 23752 "GET /api/cafes/1/statistics/ HTTP/1.1" 200 86
DEBUG 2025-06-19 10:42:23,315 middleware 4344 22224 Request from origin: http://localhost:3000
DEBUG 2025-06-19 10:42:23,315 middleware 4344 23752 Request from origin: http://localhost:3000
DEBUG 2025-06-19 10:42:23,320 views 4344 22224 Menu item: Шурпа, image: 'http://localhost:8000/media/menu_items/1ef19980-8e08-45b7-aff2-5292b5797aa9_kJopm0u.jpeg', image_full_url: 'http://localhost:8000/media/menu_items/1ef19980-8e08-45b7-aff2-5292b5797aa9_kJopm0u.jpeg'
INFO 2025-06-19 10:42:23,323 basehttp 4344 22224 "GET /api/menu-items/?cafe=1 HTTP/1.1" 200 471
INFO 2025-06-19 10:42:23,333 basehttp 4344 23752 "GET /api/orders/?cafe=1 HTTP/1.1" 200 1588
DEBUG 2025-06-19 10:42:23,335 middleware 4344 23752 Request from origin: http://localhost:3000
INFO 2025-06-19 10:42:23,349 basehttp 4344 23752 "GET /api/orders/?cafe=1 HTTP/1.1" 200 1588
DEBUG 2025-06-19 10:42:24,933 middleware 4344 11132 Request from origin: 
INFO 2025-06-19 10:42:24,977 basehttp 4344 11132 "GET /admin/ HTTP/1.1" 200 12233
INFO 2025-06-19 10:42:25,077 basehttp 4344 23844 "GET /static/admin/css/dark_mode.css HTTP/1.1" 200 2682
INFO 2025-06-19 10:42:25,077 basehttp 4344 11132 "GET /static/admin/css/base.css HTTP/1.1" 200 21544
INFO 2025-06-19 10:42:25,077 basehttp 4344 23852 "GET /static/admin/css/nav_sidebar.css HTTP/1.1" 200 2810
INFO 2025-06-19 10:42:25,081 basehttp 4344 23852 "GET /static/admin/css/dashboard.css HTTP/1.1" 200 441
INFO 2025-06-19 10:42:25,082 basehttp 4344 11132 "GET /static/admin/js/theme.js HTTP/1.1" 200 1943
INFO 2025-06-19 10:42:25,082 basehttp 4344 23844 "GET /static/admin/css/responsive.css HTTP/1.1" 200 17905
INFO 2025-06-19 10:42:25,088 basehttp 4344 23852 "GET /static/admin/js/nav_sidebar.js HTTP/1.1" 200 3063
INFO 2025-06-19 10:42:25,094 basehttp 4344 23852 "GET /static/admin/img/icon-addlink.svg HTTP/1.1" 200 331
INFO 2025-06-19 10:42:25,094 basehttp 4344 23844 "GET /static/admin/img/icon-changelink.svg HTTP/1.1" 200 380
INFO 2025-06-19 10:42:25,095 basehttp 4344 11132 "GET /static/admin/img/icon-deletelink.svg HTTP/1.1" 200 392
DEBUG 2025-06-19 10:42:27,044 middleware 4344 11132 Request from origin: 
WARNING 2025-06-19 10:42:27,058 log 4344 11132 Not Found: /favicon.ico
WARNING 2025-06-19 10:42:27,059 basehttp 4344 11132 "GET /favicon.ico HTTP/1.1" 404 2340
DEBUG 2025-06-19 10:42:29,441 middleware 4344 11132 Request from origin: 
INFO 2025-06-19 10:42:29,482 basehttp 4344 11132 "GET /admin/cafes/order/ HTTP/1.1" 200 17212
INFO 2025-06-19 10:42:29,496 basehttp 4344 11132 "GET /static/admin/css/changelists.css HTTP/1.1" 200 6811
DEBUG 2025-06-19 10:42:29,500 middleware 4344 11132 Request from origin: 
INFO 2025-06-19 10:42:29,505 basehttp 4344 23852 "GET /static/admin/js/jquery.init.js HTTP/1.1" 200 347
INFO 2025-06-19 10:42:29,506 basehttp 4344 23600 "GET /static/admin/js/core.js HTTP/1.1" 200 6208
INFO 2025-06-19 10:42:29,509 basehttp 4344 16164 "GET /static/admin/js/admin/RelatedObjectLookups.js HTTP/1.1" 200 9042
INFO 2025-06-19 10:42:29,511 basehttp 4344 20668 "GET /static/admin/js/actions.js HTTP/1.1" 200 8067
INFO 2025-06-19 10:42:29,512 basehttp 4344 23852 "GET /static/admin/js/urlify.js HTTP/1.1" 200 7887
INFO 2025-06-19 10:42:29,514 basehttp 4344 23600 "GET /static/admin/js/prepopulate.js HTTP/1.1" 200 1531
INFO 2025-06-19 10:42:29,516 basehttp 4344 11132 "GET /admin/jsi18n/ HTTP/1.1" 200 17546
INFO 2025-06-19 10:42:29,517 basehttp 4344 23852 "GET /static/admin/img/search.svg HTTP/1.1" 200 458
INFO 2025-06-19 10:42:29,519 basehttp 4344 23844 "GET /static/admin/js/vendor/jquery/jquery.js HTTP/1.1" 200 285314
INFO 2025-06-19 10:42:29,519 basehttp 4344 16164 "GET /static/admin/js/vendor/xregexp/xregexp.js HTTP/1.1" 200 325171
INFO 2025-06-19 10:42:29,524 basehttp 4344 16164 "GET /static/admin/js/filters.js HTTP/1.1" 200 978
INFO 2025-06-19 10:42:29,544 basehttp 4344 16164 "GET /static/admin/img/tooltag-add.svg HTTP/1.1" 200 331
INFO 2025-06-19 10:42:29,545 basehttp 4344 23844 "GET /static/admin/img/sorting-icons.svg HTTP/1.1" 200 1097
INFO 2025-06-19 10:42:29,545 basehttp 4344 23852 "GET /static/admin/img/icon-viewlink.svg HTTP/1.1" 200 581
DEBUG 2025-06-19 10:42:31,565 middleware 4344 23852 Request from origin: 
INFO 2025-06-19 10:42:31,586 basehttp 4344 23852 "GET /admin/cafes/order/ HTTP/1.1" 200 17212
DEBUG 2025-06-19 10:42:31,599 middleware 4344 23852 Request from origin: 
INFO 2025-06-19 10:42:31,604 basehttp 4344 23852 "GET /admin/jsi18n/ HTTP/1.1" 200 17546
DEBUG 2025-06-19 10:42:32,005 middleware 4344 23852 Request from origin: 
INFO 2025-06-19 10:42:32,025 basehttp 4344 23852 "GET /admin/cafes/order/ HTTP/1.1" 200 17212
DEBUG 2025-06-19 10:42:32,039 middleware 4344 23852 Request from origin: 
INFO 2025-06-19 10:42:32,043 basehttp 4344 23852 "GET /admin/jsi18n/ HTTP/1.1" 200 17546
DEBUG 2025-06-19 10:42:32,318 middleware 4344 23852 Request from origin: 
INFO 2025-06-19 10:42:32,337 basehttp 4344 23852 "GET /admin/cafes/order/ HTTP/1.1" 200 17212
DEBUG 2025-06-19 10:42:32,350 middleware 4344 23852 Request from origin: 
INFO 2025-06-19 10:42:32,354 basehttp 4344 23852 "GET /admin/jsi18n/ HTTP/1.1" 200 17546
DEBUG 2025-06-19 10:42:32,604 middleware 4344 23852 Request from origin: 
INFO 2025-06-19 10:42:32,623 basehttp 4344 23852 "GET /admin/cafes/order/ HTTP/1.1" 200 17212
DEBUG 2025-06-19 10:42:32,636 middleware 4344 23852 Request from origin: 
INFO 2025-06-19 10:42:32,640 basehttp 4344 23852 "GET /admin/jsi18n/ HTTP/1.1" 200 17546
DEBUG 2025-06-19 10:42:37,044 middleware 4344 12524 Request from origin: http://localhost:3000
DEBUG 2025-06-19 10:42:37,050 views 4344 12524 Menu item: Шурпа, image: 'http://localhost:8000/media/menu_items/1ef19980-8e08-45b7-aff2-5292b5797aa9_kJopm0u.jpeg', image_full_url: 'http://localhost:8000/media/menu_items/1ef19980-8e08-45b7-aff2-5292b5797aa9_kJopm0u.jpeg'
INFO 2025-06-19 10:42:37,051 basehttp 4344 12524 "GET /api/menu-items/?cafe=1 HTTP/1.1" 200 471
DEBUG 2025-06-19 10:42:37,053 middleware 4344 12524 Request from origin: http://localhost:3000
DEBUG 2025-06-19 10:42:37,059 views 4344 12524 Menu item: Шурпа, image: 'http://localhost:8000/media/menu_items/1ef19980-8e08-45b7-aff2-5292b5797aa9_kJopm0u.jpeg', image_full_url: 'http://localhost:8000/media/menu_items/1ef19980-8e08-45b7-aff2-5292b5797aa9_kJopm0u.jpeg'
INFO 2025-06-19 10:42:37,060 basehttp 4344 12524 "GET /api/menu-items/?cafe=1 HTTP/1.1" 200 471
DEBUG 2025-06-19 10:42:41,372 middleware 4344 12524 Request from origin: http://localhost:3000
DEBUG 2025-06-19 10:42:41,373 middleware 4344 12524 CSRF Processing path: api/auth/csrf/, Method: GET
DEBUG 2025-06-19 10:42:41,373 middleware 4344 12524 CSRF token in cookie: True
DEBUG 2025-06-19 10:42:41,373 middleware 4344 12524 CSRF token in header: False
DEBUG 2025-06-19 10:42:41,373 middleware 4344 12524 CSRF cookie token (first 6): KVl0FM...
INFO 2025-06-19 10:42:41,377 auth 4344 12524 Запрос CSRF токена
INFO 2025-06-19 10:42:41,377 auth 4344 12524 CSRF запрос от Origin: http://localhost:3000, Referer: http://localhost:3000/
DEBUG 2025-06-19 10:42:41,377 auth 4344 12524 User-Agent: Mozilla/5.0 (Windows NT 10.0; Win64; x64) AppleWebKit/537.36 (KHTML, like Gecko) Chrome/134.0.0.0 Safari/537.36 OPR/119.0.0.0
INFO 2025-06-19 10:42:41,378 auth 4344 12524 CSRF токен сгенерирован: apoQW1... (первые 6 символов)
DEBUG 2025-06-19 10:42:41,378 auth 4344 12524 Настройки CSRF cookie: {'csrf_cookie': {'name': 'csrftoken', 'secure': False, 'httponly': False, 'samesite': 'Lax'}}
INFO 2025-06-19 10:42:41,379 basehttp 4344 12524 "GET /api/auth/csrf/ HTTP/1.1" 200 58
DEBUG 2025-06-19 10:42:41,380 middleware 4344 12524 Request from origin: http://localhost:3000
DEBUG 2025-06-19 10:42:41,381 middleware 4344 12524 CSRF Processing path: api/auth/csrf/, Method: GET
DEBUG 2025-06-19 10:42:41,381 middleware 4344 12524 CSRF token in cookie: True
DEBUG 2025-06-19 10:42:41,381 middleware 4344 12524 CSRF token in header: False
DEBUG 2025-06-19 10:42:41,382 middleware 4344 12524 CSRF cookie token (first 6): KVl0FM...
INFO 2025-06-19 10:42:41,385 auth 4344 12524 Запрос CSRF токена
INFO 2025-06-19 10:42:41,385 auth 4344 12524 CSRF запрос от Origin: http://localhost:3000, Referer: http://localhost:3000/
DEBUG 2025-06-19 10:42:41,385 auth 4344 12524 User-Agent: Mozilla/5.0 (Windows NT 10.0; Win64; x64) AppleWebKit/537.36 (KHTML, like Gecko) Chrome/134.0.0.0 Safari/537.36 OPR/119.0.0.0
INFO 2025-06-19 10:42:41,386 auth 4344 12524 CSRF токен сгенерирован: lBmNsA... (первые 6 символов)
DEBUG 2025-06-19 10:42:41,386 auth 4344 12524 Настройки CSRF cookie: {'csrf_cookie': {'name': 'csrftoken', 'secure': False, 'httponly': False, 'samesite': 'Lax'}}
INFO 2025-06-19 10:42:41,387 basehttp 4344 12524 "GET /api/auth/csrf/ HTTP/1.1" 200 58
INFO 2025-06-19 10:42:41,990 basehttp 4344 23092 "OPTIONS /api/orders/?client_order_id=1750300961360 HTTP/1.1" 200 0
DEBUG 2025-06-19 10:42:41,991 middleware 4344 12524 Request from origin: http://localhost:3000
INFO 2025-06-19 10:42:41,991 basehttp 4344 23092 "OPTIONS /api/orders/?client_order_id=1750300961360 HTTP/1.1" 200 0
INFO 2025-06-19 10:42:42,005 basehttp 4344 12524 "GET /api/orders/?client_order_id=1750300961360 HTTP/1.1" 200 1588
DEBUG 2025-06-19 10:42:42,006 middleware 4344 12524 Request from origin: http://localhost:3000
INFO 2025-06-19 10:42:42,020 basehttp 4344 12524 "GET /api/orders/?client_order_id=1750300961360 HTTP/1.1" 200 1588
DEBUG 2025-06-19 10:42:42,791 middleware 4344 13228 Request from origin: http://localhost:3000
INFO 2025-06-19 10:42:42,794 views 4344 13228 Health check запрос от 127.0.0.1: ok
INFO 2025-06-19 10:42:42,795 basehttp 4344 13228 "GET /api/health/ HTTP/1.1" 200 251
DEBUG 2025-06-19 10:42:42,797 middleware 4344 13228 Request from origin: http://localhost:3000
INFO 2025-06-19 10:42:42,802 views 4344 13228 Health check запрос от 127.0.0.1: ok
INFO 2025-06-19 10:42:42,804 basehttp 4344 13228 "GET /api/health/ HTTP/1.1" 200 250
DEBUG 2025-06-19 10:42:42,814 middleware 4344 13228 Request from origin: http://localhost:3000
INFO 2025-06-19 10:42:42,818 basehttp 4344 13228 "GET /api/cities/ HTTP/1.1" 200 168
DEBUG 2025-06-19 10:42:42,820 middleware 4344 13228 Request from origin: http://localhost:3000
INFO 2025-06-19 10:42:42,823 basehttp 4344 13228 "GET /api/cities/ HTTP/1.1" 200 168
DEBUG 2025-06-19 10:42:42,916 middleware 4344 13228 Request from origin: http://localhost:3000
INFO 2025-06-19 10:42:42,924 basehttp 4344 13228 "GET /api/cafes/?city=1&t=1750300962914 HTTP/1.1" 200 499
DEBUG 2025-06-19 10:42:42,947 middleware 4344 13228 Request from origin: http://localhost:3000
DEBUG 2025-06-19 10:42:42,950 middleware 4344 3128 Request from origin: http://localhost:3000
INFO 2025-06-19 10:42:42,963 basehttp 4344 13228 "GET /api/cafes/?city=1&t=1750300962920 HTTP/1.1" 200 499
DEBUG 2025-06-19 10:42:42,965 views 4344 3128 Menu item: Шурпа, image: 'http://localhost:8000/media/menu_items/1ef19980-8e08-45b7-aff2-5292b5797aa9_kJopm0u.jpeg', image_full_url: 'http://localhost:8000/media/menu_items/1ef19980-8e08-45b7-aff2-5292b5797aa9_kJopm0u.jpeg'
INFO 2025-06-19 10:42:42,966 basehttp 4344 3128 "GET /api/menu-items/?cafe=1 HTTP/1.1" 200 471
DEBUG 2025-06-19 10:42:42,971 middleware 4344 3128 Request from origin: http://localhost:3000
DEBUG 2025-06-19 10:42:42,976 views 4344 3128 Menu item: Шурпа, image: 'http://localhost:8000/media/menu_items/1ef19980-8e08-45b7-aff2-5292b5797aa9_kJopm0u.jpeg', image_full_url: 'http://localhost:8000/media/menu_items/1ef19980-8e08-45b7-aff2-5292b5797aa9_kJopm0u.jpeg'
INFO 2025-06-19 10:42:42,977 basehttp 4344 3128 "GET /api/menu-items/?cafe=1 HTTP/1.1" 200 471
DEBUG 2025-06-19 10:42:44,215 middleware 4344 5404 Request from origin: 
INFO 2025-06-19 10:42:44,236 basehttp 4344 5404 "GET /admin/cafes/order/ HTTP/1.1" 200 17212
DEBUG 2025-06-19 10:42:44,250 middleware 4344 5404 Request from origin: 
INFO 2025-06-19 10:42:44,254 basehttp 4344 5404 "GET /admin/jsi18n/ HTTP/1.1" 200 17546
DEBUG 2025-06-19 10:42:44,632 middleware 4344 5404 Request from origin: 
INFO 2025-06-19 10:42:44,651 basehttp 4344 5404 "GET /admin/cafes/order/ HTTP/1.1" 200 17212
DEBUG 2025-06-19 10:42:44,664 middleware 4344 5404 Request from origin: 
INFO 2025-06-19 10:42:44,669 basehttp 4344 5404 "GET /admin/jsi18n/ HTTP/1.1" 200 17546
DEBUG 2025-06-19 10:42:44,915 middleware 4344 5404 Request from origin: 
INFO 2025-06-19 10:42:44,936 basehttp 4344 5404 "GET /admin/cafes/order/ HTTP/1.1" 200 17212
DEBUG 2025-06-19 10:42:44,949 middleware 4344 5404 Request from origin: 
INFO 2025-06-19 10:42:44,953 basehttp 4344 5404 "GET /admin/jsi18n/ HTTP/1.1" 200 17546
DEBUG 2025-06-19 10:42:51,629 middleware 4344 3128 Request from origin: http://localhost:3000
DEBUG 2025-06-19 10:42:51,631 middleware 4344 13228 Request from origin: http://localhost:3000
INFO 2025-06-19 10:42:51,639 basehttp 4344 3128 "GET /api/cafes/?city=1&t=1750300971626 HTTP/1.1" 200 499
INFO 2025-06-19 10:42:51,641 basehttp 4344 13228 "GET /api/cafes/?city=1&t=1750300971629 HTTP/1.1" 200 499
DEBUG 2025-06-19 10:42:51,656 middleware 4344 13228 Request from origin: 
INFO 2025-06-19 10:42:51,658 basehttp 4344 13228 "GET /media/cafe_covers/XXXL_1_1_ENDyb7O.webp?t=1750300971603 HTTP/1.1" 200 100380
DEBUG 2025-06-19 10:42:52,637 middleware 4344 12524 Request from origin: http://localhost:3000
DEBUG 2025-06-19 10:42:52,644 views 4344 12524 Menu item: Шурпа, image: 'http://localhost:8000/media/menu_items/1ef19980-8e08-45b7-aff2-5292b5797aa9_kJopm0u.jpeg', image_full_url: 'http://localhost:8000/media/menu_items/1ef19980-8e08-45b7-aff2-5292b5797aa9_kJopm0u.jpeg'
INFO 2025-06-19 10:42:52,645 basehttp 4344 12524 "GET /api/menu-items/?cafe=1 HTTP/1.1" 200 471
DEBUG 2025-06-19 10:42:52,647 middleware 4344 12524 Request from origin: http://localhost:3000
DEBUG 2025-06-19 10:42:52,653 views 4344 12524 Menu item: Шурпа, image: 'http://localhost:8000/media/menu_items/1ef19980-8e08-45b7-aff2-5292b5797aa9_kJopm0u.jpeg', image_full_url: 'http://localhost:8000/media/menu_items/1ef19980-8e08-45b7-aff2-5292b5797aa9_kJopm0u.jpeg'
INFO 2025-06-19 10:42:52,655 basehttp 4344 12524 "GET /api/menu-items/?cafe=1 HTTP/1.1" 200 471
DEBUG 2025-06-19 10:43:01,097 middleware 4344 12524 Request from origin: http://localhost:3000
DEBUG 2025-06-19 10:43:01,097 middleware 4344 12524 CSRF Processing path: api/auth/csrf/, Method: GET
DEBUG 2025-06-19 10:43:01,098 middleware 4344 12524 CSRF token in cookie: True
DEBUG 2025-06-19 10:43:01,098 middleware 4344 12524 CSRF token in header: False
DEBUG 2025-06-19 10:43:01,098 middleware 4344 12524 CSRF cookie token (first 6): KVl0FM...
INFO 2025-06-19 10:43:01,100 auth 4344 12524 Запрос CSRF токена
INFO 2025-06-19 10:43:01,101 auth 4344 12524 CSRF запрос от Origin: http://localhost:3000, Referer: http://localhost:3000/
DEBUG 2025-06-19 10:43:01,101 auth 4344 12524 User-Agent: Mozilla/5.0 (Windows NT 10.0; Win64; x64) AppleWebKit/537.36 (KHTML, like Gecko) Chrome/134.0.0.0 Safari/537.36 OPR/119.0.0.0
INFO 2025-06-19 10:43:01,101 auth 4344 12524 CSRF токен сгенерирован: LEDmWH... (первые 6 символов)
DEBUG 2025-06-19 10:43:01,102 auth 4344 12524 Настройки CSRF cookie: {'csrf_cookie': {'name': 'csrftoken', 'secure': False, 'httponly': False, 'samesite': 'Lax'}}
INFO 2025-06-19 10:43:01,102 basehttp 4344 12524 "GET /api/auth/csrf/ HTTP/1.1" 200 58
DEBUG 2025-06-19 10:43:01,104 middleware 4344 12524 Request from origin: http://localhost:3000
DEBUG 2025-06-19 10:43:01,104 middleware 4344 12524 CSRF Processing path: api/auth/csrf/, Method: GET
DEBUG 2025-06-19 10:43:01,105 middleware 4344 12524 CSRF token in cookie: True
DEBUG 2025-06-19 10:43:01,105 middleware 4344 12524 CSRF token in header: False
DEBUG 2025-06-19 10:43:01,105 middleware 4344 12524 CSRF cookie token (first 6): KVl0FM...
INFO 2025-06-19 10:43:01,108 auth 4344 12524 Запрос CSRF токена
INFO 2025-06-19 10:43:01,108 auth 4344 12524 CSRF запрос от Origin: http://localhost:3000, Referer: http://localhost:3000/
DEBUG 2025-06-19 10:43:01,108 auth 4344 12524 User-Agent: Mozilla/5.0 (Windows NT 10.0; Win64; x64) AppleWebKit/537.36 (KHTML, like Gecko) Chrome/134.0.0.0 Safari/537.36 OPR/119.0.0.0
INFO 2025-06-19 10:43:01,108 auth 4344 12524 CSRF токен сгенерирован: nAfgYj... (первые 6 символов)
DEBUG 2025-06-19 10:43:01,109 auth 4344 12524 Настройки CSRF cookie: {'csrf_cookie': {'name': 'csrftoken', 'secure': False, 'httponly': False, 'samesite': 'Lax'}}
INFO 2025-06-19 10:43:01,110 basehttp 4344 12524 "GET /api/auth/csrf/ HTTP/1.1" 200 58
INFO 2025-06-19 10:43:01,421 basehttp 4344 23092 "OPTIONS /api/orders/?client_order_id=1750300981048 HTTP/1.1" 200 0
INFO 2025-06-19 10:43:01,421 basehttp 4344 11624 "OPTIONS /api/orders/?client_order_id=1750300981048 HTTP/1.1" 200 0
DEBUG 2025-06-19 10:43:01,423 middleware 4344 12524 Request from origin: http://localhost:3000
INFO 2025-06-19 10:43:01,436 basehttp 4344 12524 "GET /api/orders/?client_order_id=1750300981048 HTTP/1.1" 200 1588
DEBUG 2025-06-19 10:43:01,437 middleware 4344 12524 Request from origin: http://localhost:3000
INFO 2025-06-19 10:43:01,450 basehttp 4344 12524 "GET /api/orders/?client_order_id=1750300981048 HTTP/1.1" 200 1588
DEBUG 2025-06-19 10:43:05,277 middleware 4344 5404 Request from origin: 
INFO 2025-06-19 10:43:05,297 basehttp 4344 5404 "GET /admin/cafes/order/ HTTP/1.1" 200 17212
DEBUG 2025-06-19 10:43:05,309 middleware 4344 5404 Request from origin: 
INFO 2025-06-19 10:43:05,313 basehttp 4344 5404 "GET /admin/jsi18n/ HTTP/1.1" 200 17546
DEBUG 2025-06-19 10:43:05,649 middleware 4344 5404 Request from origin: 
INFO 2025-06-19 10:43:05,668 basehttp 4344 5404 "GET /admin/cafes/order/ HTTP/1.1" 200 17212
DEBUG 2025-06-19 10:43:05,682 middleware 4344 5404 Request from origin: 
INFO 2025-06-19 10:43:05,686 basehttp 4344 5404 "GET /admin/jsi18n/ HTTP/1.1" 200 17546
DEBUG 2025-06-19 10:43:05,898 middleware 4344 5404 Request from origin: 
INFO 2025-06-19 10:43:05,918 basehttp 4344 5404 "GET /admin/cafes/order/ HTTP/1.1" 200 17212
DEBUG 2025-06-19 10:43:05,931 middleware 4344 5404 Request from origin: 
INFO 2025-06-19 10:43:05,935 basehttp 4344 5404 "GET /admin/jsi18n/ HTTP/1.1" 200 17546
DEBUG 2025-06-19 10:43:06,107 middleware 4344 5404 Request from origin: 
INFO 2025-06-19 10:43:06,127 basehttp 4344 5404 "GET /admin/cafes/order/ HTTP/1.1" 200 17212
DEBUG 2025-06-19 10:43:06,139 middleware 4344 5404 Request from origin: 
INFO 2025-06-19 10:43:06,144 basehttp 4344 5404 "GET /admin/jsi18n/ HTTP/1.1" 200 17546
DEBUG 2025-06-19 10:43:08,832 middleware 4344 12524 Request from origin: http://localhost:3000
DEBUG 2025-06-19 10:43:08,838 views 4344 12524 Menu item: Шурпа, image: 'http://localhost:8000/media/menu_items/1ef19980-8e08-45b7-aff2-5292b5797aa9_kJopm0u.jpeg', image_full_url: 'http://localhost:8000/media/menu_items/1ef19980-8e08-45b7-aff2-5292b5797aa9_kJopm0u.jpeg'
INFO 2025-06-19 10:43:08,839 basehttp 4344 12524 "GET /api/menu-items/?cafe=1 HTTP/1.1" 200 471
DEBUG 2025-06-19 10:43:08,841 middleware 4344 12524 Request from origin: http://localhost:3000
DEBUG 2025-06-19 10:43:08,848 views 4344 12524 Menu item: Шурпа, image: 'http://localhost:8000/media/menu_items/1ef19980-8e08-45b7-aff2-5292b5797aa9_kJopm0u.jpeg', image_full_url: 'http://localhost:8000/media/menu_items/1ef19980-8e08-45b7-aff2-5292b5797aa9_kJopm0u.jpeg'
INFO 2025-06-19 10:43:08,849 basehttp 4344 12524 "GET /api/menu-items/?cafe=1 HTTP/1.1" 200 471
DEBUG 2025-06-19 10:43:14,381 middleware 4344 12524 Request from origin: http://localhost:3000
DEBUG 2025-06-19 10:43:14,382 middleware 4344 12524 CSRF Processing path: api/auth/csrf/, Method: GET
DEBUG 2025-06-19 10:43:14,382 middleware 4344 12524 CSRF token in cookie: True
DEBUG 2025-06-19 10:43:14,382 middleware 4344 12524 CSRF token in header: False
DEBUG 2025-06-19 10:43:14,383 middleware 4344 12524 CSRF cookie token (first 6): KVl0FM...
INFO 2025-06-19 10:43:14,386 auth 4344 12524 Запрос CSRF токена
INFO 2025-06-19 10:43:14,386 auth 4344 12524 CSRF запрос от Origin: http://localhost:3000, Referer: http://localhost:3000/
DEBUG 2025-06-19 10:43:14,386 auth 4344 12524 User-Agent: Mozilla/5.0 (Windows NT 10.0; Win64; x64) AppleWebKit/537.36 (KHTML, like Gecko) Chrome/134.0.0.0 Safari/537.36 OPR/119.0.0.0
INFO 2025-06-19 10:43:14,387 auth 4344 12524 CSRF токен сгенерирован: Vuzj9Y... (первые 6 символов)
DEBUG 2025-06-19 10:43:14,387 auth 4344 12524 Настройки CSRF cookie: {'csrf_cookie': {'name': 'csrftoken', 'secure': False, 'httponly': False, 'samesite': 'Lax'}}
INFO 2025-06-19 10:43:14,388 basehttp 4344 12524 "GET /api/auth/csrf/ HTTP/1.1" 200 58
DEBUG 2025-06-19 10:43:14,390 middleware 4344 12524 Request from origin: http://localhost:3000
DEBUG 2025-06-19 10:43:14,391 middleware 4344 12524 CSRF Processing path: api/auth/csrf/, Method: GET
DEBUG 2025-06-19 10:43:14,391 middleware 4344 12524 CSRF token in cookie: True
DEBUG 2025-06-19 10:43:14,391 middleware 4344 12524 CSRF token in header: False
DEBUG 2025-06-19 10:43:14,391 middleware 4344 12524 CSRF cookie token (first 6): KVl0FM...
INFO 2025-06-19 10:43:14,394 auth 4344 12524 Запрос CSRF токена
INFO 2025-06-19 10:43:14,394 auth 4344 12524 CSRF запрос от Origin: http://localhost:3000, Referer: http://localhost:3000/
DEBUG 2025-06-19 10:43:14,395 auth 4344 12524 User-Agent: Mozilla/5.0 (Windows NT 10.0; Win64; x64) AppleWebKit/537.36 (KHTML, like Gecko) Chrome/134.0.0.0 Safari/537.36 OPR/119.0.0.0
INFO 2025-06-19 10:43:14,395 auth 4344 12524 CSRF токен сгенерирован: inOE8O... (первые 6 символов)
DEBUG 2025-06-19 10:43:14,395 auth 4344 12524 Настройки CSRF cookie: {'csrf_cookie': {'name': 'csrftoken', 'secure': False, 'httponly': False, 'samesite': 'Lax'}}
INFO 2025-06-19 10:43:14,396 basehttp 4344 12524 "GET /api/auth/csrf/ HTTP/1.1" 200 58
INFO 2025-06-19 10:43:14,693 basehttp 4344 11624 "OPTIONS /api/orders/?client_order_id=1750300994369 HTTP/1.1" 200 0
DEBUG 2025-06-19 10:43:14,694 middleware 4344 12524 Request from origin: http://localhost:3000
INFO 2025-06-19 10:43:14,707 basehttp 4344 12524 "GET /api/orders/?client_order_id=1750300994369 HTTP/1.1" 200 1588
DEBUG 2025-06-19 10:43:14,708 middleware 4344 12524 Request from origin: http://localhost:3000
INFO 2025-06-19 10:43:14,722 basehttp 4344 12524 "GET /api/orders/?client_order_id=1750300994369 HTTP/1.1" 200 1588
INFO 2025-06-19 10:49:47,888 autoreload 26740 26744 Watching for file changes with StatReloader
INFO 2025-06-19 10:49:48,459 middleware 26740 26904 CORS Middleware initialized with allowed origins: ['http://localhost', 'http://localhost:3000', 'http://localhost:80', 'http://127.0.0.1', 'http://127.0.0.1:3000', 'http://127.0.0.1:80', 'http://frontend', 'http://localhost:3001', 'http://127.0.0.1:3001', 'http://localhost:8000', 'http://127.0.0.1:8000', 'https://ec4db675c64c9f.lhr.life']
INFO 2025-06-19 10:49:48,460 middleware 26740 26904 Custom CSRF Middleware initialized with exempt paths: ['/api/auth/login/', '/api/auth/csrf/']
DEBUG 2025-06-19 10:49:57,308 middleware 26740 27340 Request from origin: http://localhost:3000
INFO 2025-06-19 10:49:57,314 views 26740 27340 Health check запрос от 127.0.0.1: ok
INFO 2025-06-19 10:49:57,316 basehttp 26740 27340 "GET /api/health/ HTTP/1.1" 200 252
DEBUG 2025-06-19 10:49:57,319 middleware 26740 27340 Request from origin: http://localhost:3000
INFO 2025-06-19 10:49:57,322 views 26740 27340 Health check запрос от 127.0.0.1: ok
INFO 2025-06-19 10:49:57,323 basehttp 26740 27340 "GET /api/health/ HTTP/1.1" 200 252
DEBUG 2025-06-19 10:49:57,332 middleware 26740 27340 Request from origin: http://localhost:3000
INFO 2025-06-19 10:49:57,338 basehttp 26740 27340 "GET /api/cities/ HTTP/1.1" 200 168
DEBUG 2025-06-19 10:49:57,340 middleware 26740 27340 Request from origin: http://localhost:3000
INFO 2025-06-19 10:49:57,343 basehttp 26740 27340 "GET /api/cities/ HTTP/1.1" 200 168
DEBUG 2025-06-19 10:49:57,349 middleware 26740 27340 Request from origin: http://localhost:3000
INFO 2025-06-19 10:49:57,356 basehttp 26740 27340 "GET /api/cafes/?city=1&t=1750301397347 HTTP/1.1" 200 499
DEBUG 2025-06-19 10:49:57,371 middleware 26740 27340 Request from origin: http://localhost:3000
DEBUG 2025-06-19 10:49:57,378 middleware 26740 27172 Request from origin: http://localhost:3000
INFO 2025-06-19 10:49:57,378 basehttp 26740 27340 "GET /api/cafes/?city=1&t=1750301397369 HTTP/1.1" 200 499
DEBUG 2025-06-19 10:49:57,383 views 26740 27172 Menu item: Шурпа, image: 'http://localhost:8000/media/menu_items/1ef19980-8e08-45b7-aff2-5292b5797aa9_kJopm0u.jpeg', image_full_url: 'http://localhost:8000/media/menu_items/1ef19980-8e08-45b7-aff2-5292b5797aa9_kJopm0u.jpeg'
INFO 2025-06-19 10:49:57,384 basehttp 26740 27172 "GET /api/menu-items/?cafe=1 HTTP/1.1" 200 471
DEBUG 2025-06-19 10:49:57,395 middleware 26740 27172 Request from origin: http://localhost:3000
DEBUG 2025-06-19 10:49:57,399 views 26740 27172 Menu item: Шурпа, image: 'http://localhost:8000/media/menu_items/1ef19980-8e08-45b7-aff2-5292b5797aa9_kJopm0u.jpeg', image_full_url: 'http://localhost:8000/media/menu_items/1ef19980-8e08-45b7-aff2-5292b5797aa9_kJopm0u.jpeg'
INFO 2025-06-19 10:49:57,400 basehttp 26740 27172 "GET /api/menu-items/?cafe=1 HTTP/1.1" 200 471
DEBUG 2025-06-19 10:50:04,977 middleware 26740 22396 Request from origin: 
INFO 2025-06-19 10:50:04,996 basehttp 26740 22396 "GET /admin/ HTTP/1.1" 302 0
DEBUG 2025-06-19 10:50:04,998 middleware 26740 22396 Request from origin: 
INFO 2025-06-19 10:50:05,023 basehttp 26740 22396 "GET /admin/login/?next=/admin/ HTTP/1.1" 200 3935
INFO 2025-06-19 10:50:05,105 basehttp 26740 22396 "GET /static/admin/css/base.css HTTP/1.1" 200 21544
INFO 2025-06-19 10:50:05,106 basehttp 26740 22396 "GET /static/admin/css/nav_sidebar.css HTTP/1.1" 200 2810
INFO 2025-06-19 10:50:05,109 basehttp 26740 22396 "GET /static/admin/css/login.css HTTP/1.1" 200 958
INFO 2025-06-19 10:50:05,111 basehttp 26740 22396 "GET /static/admin/css/responsive.css HTTP/1.1" 200 17905
INFO 2025-06-19 10:50:05,112 basehttp 26740 22396 "GET /static/admin/js/theme.js HTTP/1.1" 200 1943
INFO 2025-06-19 10:50:05,114 basehttp 26740 22396 "GET /static/admin/js/nav_sidebar.js HTTP/1.1" 200 3063
INFO 2025-06-19 10:50:05,117 basehttp 26740 23496 "GET /static/admin/css/dark_mode.css HTTP/1.1" 200 2682
DEBUG 2025-06-19 10:50:05,230 middleware 26740 23496 Request from origin: 
WARNING 2025-06-19 10:50:05,237 log 26740 23496 Not Found: /favicon.ico
WARNING 2025-06-19 10:50:05,238 basehttp 26740 23496 "GET /favicon.ico HTTP/1.1" 404 2340
DEBUG 2025-06-19 10:50:11,530 middleware 26740 27172 Request from origin: http://localhost:3000
INFO 2025-06-19 10:50:11,533 views 26740 27172 Health check запрос от 127.0.0.1: ok
INFO 2025-06-19 10:50:11,534 basehttp 26740 27172 "GET /api/health/ HTTP/1.1" 200 251
DEBUG 2025-06-19 10:50:11,535 middleware 26740 27172 Request from origin: http://localhost:3000
INFO 2025-06-19 10:50:11,538 views 26740 27172 Health check запрос от 127.0.0.1: ok
INFO 2025-06-19 10:50:11,539 basehttp 26740 27172 "GET /api/health/ HTTP/1.1" 200 250
DEBUG 2025-06-19 10:50:11,550 middleware 26740 27172 Request from origin: http://localhost:3000
INFO 2025-06-19 10:50:11,554 basehttp 26740 27172 "GET /api/cities/ HTTP/1.1" 200 168
DEBUG 2025-06-19 10:50:11,555 middleware 26740 27172 Request from origin: http://localhost:3000
INFO 2025-06-19 10:50:11,560 basehttp 26740 27172 "GET /api/cities/ HTTP/1.1" 200 168
DEBUG 2025-06-19 10:50:11,562 middleware 26740 27172 Request from origin: http://localhost:3000
INFO 2025-06-19 10:50:11,568 basehttp 26740 27172 "GET /api/cafes/?city=1&t=1750301411560 HTTP/1.1" 200 499
DEBUG 2025-06-19 10:50:11,595 middleware 26740 27172 Request from origin: http://localhost:3000
DEBUG 2025-06-19 10:50:11,596 middleware 26740 27340 Request from origin: http://localhost:3000
DEBUG 2025-06-19 10:50:11,602 views 26740 27340 Menu item: Шурпа, image: 'http://localhost:8000/media/menu_items/1ef19980-8e08-45b7-aff2-5292b5797aa9_kJopm0u.jpeg', image_full_url: 'http://localhost:8000/media/menu_items/1ef19980-8e08-45b7-aff2-5292b5797aa9_kJopm0u.jpeg'
INFO 2025-06-19 10:50:11,604 basehttp 26740 27172 "GET /api/cafes/?city=1&t=1750301411593 HTTP/1.1" 200 499
INFO 2025-06-19 10:50:11,604 basehttp 26740 27340 "GET /api/menu-items/?cafe=1 HTTP/1.1" 200 471
DEBUG 2025-06-19 10:50:11,624 middleware 26740 27340 Request from origin: http://localhost:3000
DEBUG 2025-06-19 10:50:11,631 views 26740 27340 Menu item: Шурпа, image: 'http://localhost:8000/media/menu_items/1ef19980-8e08-45b7-aff2-5292b5797aa9_kJopm0u.jpeg', image_full_url: 'http://localhost:8000/media/menu_items/1ef19980-8e08-45b7-aff2-5292b5797aa9_kJopm0u.jpeg'
INFO 2025-06-19 10:50:11,632 basehttp 26740 27340 "GET /api/menu-items/?cafe=1 HTTP/1.1" 200 471
DEBUG 2025-06-19 10:50:12,482 middleware 26740 23496 Request from origin: http://localhost:3000
DEBUG 2025-06-19 10:50:12,483 middleware 26740 23496 CSRF Processing path: api/auth/csrf/, Method: GET
DEBUG 2025-06-19 10:50:12,483 middleware 26740 23496 CSRF token in cookie: True
DEBUG 2025-06-19 10:50:12,483 middleware 26740 23496 CSRF token in header: False
DEBUG 2025-06-19 10:50:12,483 middleware 26740 23496 CSRF cookie token (first 6): KVl0FM...
INFO 2025-06-19 10:50:12,487 auth 26740 23496 Запрос CSRF токена
INFO 2025-06-19 10:50:12,487 auth 26740 23496 CSRF запрос от Origin: http://localhost:3000, Referer: http://localhost:3000/
DEBUG 2025-06-19 10:50:12,487 auth 26740 23496 User-Agent: Mozilla/5.0 (Windows NT 10.0; Win64; x64) AppleWebKit/537.36 (KHTML, like Gecko) Chrome/134.0.0.0 Safari/537.36 OPR/119.0.0.0
INFO 2025-06-19 10:50:12,488 auth 26740 23496 CSRF токен сгенерирован: Vm3XQo... (первые 6 символов)
DEBUG 2025-06-19 10:50:12,488 auth 26740 23496 Настройки CSRF cookie: {'csrf_cookie': {'name': 'csrftoken', 'secure': False, 'httponly': False, 'samesite': 'Lax'}}
INFO 2025-06-19 10:50:12,489 basehttp 26740 23496 "GET /api/auth/csrf/ HTTP/1.1" 200 58
DEBUG 2025-06-19 10:50:12,491 middleware 26740 23496 Request from origin: http://localhost:3000
DEBUG 2025-06-19 10:50:12,492 middleware 26740 23496 CSRF Processing path: api/auth/csrf/, Method: GET
DEBUG 2025-06-19 10:50:12,492 middleware 26740 23496 CSRF token in cookie: True
DEBUG 2025-06-19 10:50:12,493 middleware 26740 23496 CSRF token in header: False
DEBUG 2025-06-19 10:50:12,493 middleware 26740 23496 CSRF cookie token (first 6): KVl0FM...
INFO 2025-06-19 10:50:12,496 auth 26740 23496 Запрос CSRF токена
INFO 2025-06-19 10:50:12,496 auth 26740 23496 CSRF запрос от Origin: http://localhost:3000, Referer: http://localhost:3000/
DEBUG 2025-06-19 10:50:12,496 auth 26740 23496 User-Agent: Mozilla/5.0 (Windows NT 10.0; Win64; x64) AppleWebKit/537.36 (KHTML, like Gecko) Chrome/134.0.0.0 Safari/537.36 OPR/119.0.0.0
INFO 2025-06-19 10:50:12,497 auth 26740 23496 CSRF токен сгенерирован: ij2B0e... (первые 6 символов)
DEBUG 2025-06-19 10:50:12,497 auth 26740 23496 Настройки CSRF cookie: {'csrf_cookie': {'name': 'csrftoken', 'secure': False, 'httponly': False, 'samesite': 'Lax'}}
INFO 2025-06-19 10:50:12,498 basehttp 26740 23496 "GET /api/auth/csrf/ HTTP/1.1" 200 58
DEBUG 2025-06-19 10:50:13,757 middleware 26740 27340 Request from origin: http://localhost:3000
DEBUG 2025-06-19 10:50:13,758 middleware 26740 27172 Request from origin: http://localhost:3000
INFO 2025-06-19 10:50:13,766 basehttp 26740 27340 "GET /api/cafes/?city=1&t=1750301413754 HTTP/1.1" 200 499
INFO 2025-06-19 10:50:13,766 basehttp 26740 27172 "GET /api/cafes/?city=1&t=1750301413755 HTTP/1.1" 200 499
DEBUG 2025-06-19 10:50:13,788 middleware 26740 27340 Request from origin: 
INFO 2025-06-19 10:50:13,790 basehttp 26740 27340 "GET /media/cafe_covers/XXXL_1_1_ENDyb7O.webp?t=1750301413736 HTTP/1.1" 200 100380
DEBUG 2025-06-19 10:50:14,853 middleware 26740 23496 Request from origin: http://localhost:3000
DEBUG 2025-06-19 10:50:14,859 views 26740 23496 Menu item: Шурпа, image: 'http://localhost:8000/media/menu_items/1ef19980-8e08-45b7-aff2-5292b5797aa9_kJopm0u.jpeg', image_full_url: 'http://localhost:8000/media/menu_items/1ef19980-8e08-45b7-aff2-5292b5797aa9_kJopm0u.jpeg'
INFO 2025-06-19 10:50:14,860 basehttp 26740 23496 "GET /api/menu-items/?cafe=1 HTTP/1.1" 200 471
DEBUG 2025-06-19 10:50:14,862 middleware 26740 23496 Request from origin: http://localhost:3000
DEBUG 2025-06-19 10:50:14,868 views 26740 23496 Menu item: Шурпа, image: 'http://localhost:8000/media/menu_items/1ef19980-8e08-45b7-aff2-5292b5797aa9_kJopm0u.jpeg', image_full_url: 'http://localhost:8000/media/menu_items/1ef19980-8e08-45b7-aff2-5292b5797aa9_kJopm0u.jpeg'
INFO 2025-06-19 10:50:14,868 basehttp 26740 23496 "GET /api/menu-items/?cafe=1 HTTP/1.1" 200 471
DEBUG 2025-06-19 10:50:22,172 middleware 26740 23496 Request from origin: http://localhost:3000
DEBUG 2025-06-19 10:50:22,173 middleware 26740 23496 CSRF Processing path: api/auth/csrf/, Method: GET
DEBUG 2025-06-19 10:50:22,173 middleware 26740 23496 CSRF token in cookie: True
DEBUG 2025-06-19 10:50:22,173 middleware 26740 23496 CSRF token in header: False
DEBUG 2025-06-19 10:50:22,173 middleware 26740 23496 CSRF cookie token (first 6): KVl0FM...
INFO 2025-06-19 10:50:22,176 auth 26740 23496 Запрос CSRF токена
INFO 2025-06-19 10:50:22,176 auth 26740 23496 CSRF запрос от Origin: http://localhost:3000, Referer: http://localhost:3000/
DEBUG 2025-06-19 10:50:22,176 auth 26740 23496 User-Agent: Mozilla/5.0 (Windows NT 10.0; Win64; x64) AppleWebKit/537.36 (KHTML, like Gecko) Chrome/134.0.0.0 Safari/537.36 OPR/119.0.0.0
INFO 2025-06-19 10:50:22,177 auth 26740 23496 CSRF токен сгенерирован: bZizMD... (первые 6 символов)
DEBUG 2025-06-19 10:50:22,177 auth 26740 23496 Настройки CSRF cookie: {'csrf_cookie': {'name': 'csrftoken', 'secure': False, 'httponly': False, 'samesite': 'Lax'}}
INFO 2025-06-19 10:50:22,178 basehttp 26740 23496 "GET /api/auth/csrf/ HTTP/1.1" 200 58
DEBUG 2025-06-19 10:50:22,993 middleware 26740 23496 Request from origin: http://localhost:3000
DEBUG 2025-06-19 10:50:22,994 middleware 26740 23496 CSRF Processing path: api/auth/csrf/, Method: GET
DEBUG 2025-06-19 10:50:22,994 middleware 26740 23496 CSRF token in cookie: True
DEBUG 2025-06-19 10:50:22,994 middleware 26740 23496 CSRF token in header: False
DEBUG 2025-06-19 10:50:22,995 middleware 26740 23496 CSRF cookie token (first 6): KVl0FM...
INFO 2025-06-19 10:50:22,997 auth 26740 23496 Запрос CSRF токена
INFO 2025-06-19 10:50:22,997 auth 26740 23496 CSRF запрос от Origin: http://localhost:3000, Referer: http://localhost:3000/
DEBUG 2025-06-19 10:50:22,997 auth 26740 23496 User-Agent: Mozilla/5.0 (Windows NT 10.0; Win64; x64) AppleWebKit/537.36 (KHTML, like Gecko) Chrome/134.0.0.0 Safari/537.36 OPR/119.0.0.0
INFO 2025-06-19 10:50:22,998 auth 26740 23496 CSRF токен сгенерирован: 11Wcl7... (первые 6 символов)
DEBUG 2025-06-19 10:50:22,998 auth 26740 23496 Настройки CSRF cookie: {'csrf_cookie': {'name': 'csrftoken', 'secure': False, 'httponly': False, 'samesite': 'Lax'}}
INFO 2025-06-19 10:50:22,998 basehttp 26740 23496 "GET /api/auth/csrf/ HTTP/1.1" 200 58
DEBUG 2025-06-19 10:50:23,304 middleware 26740 23496 Request from origin: http://localhost:3000
DEBUG 2025-06-19 10:50:23,305 middleware 26740 23496 CSRF Processing path: api/auth/csrf/, Method: GET
DEBUG 2025-06-19 10:50:23,305 middleware 26740 23496 CSRF token in cookie: True
DEBUG 2025-06-19 10:50:23,305 middleware 26740 23496 CSRF token in header: False
DEBUG 2025-06-19 10:50:23,305 middleware 26740 23496 CSRF cookie token (first 6): KVl0FM...
INFO 2025-06-19 10:50:23,308 auth 26740 23496 Запрос CSRF токена
INFO 2025-06-19 10:50:23,308 auth 26740 23496 CSRF запрос от Origin: http://localhost:3000, Referer: http://localhost:3000/
DEBUG 2025-06-19 10:50:23,308 auth 26740 23496 User-Agent: Mozilla/5.0 (Windows NT 10.0; Win64; x64) AppleWebKit/537.36 (KHTML, like Gecko) Chrome/134.0.0.0 Safari/537.36 OPR/119.0.0.0
INFO 2025-06-19 10:50:23,309 auth 26740 23496 CSRF токен сгенерирован: cxaE5l... (первые 6 символов)
DEBUG 2025-06-19 10:50:23,309 auth 26740 23496 Настройки CSRF cookie: {'csrf_cookie': {'name': 'csrftoken', 'secure': False, 'httponly': False, 'samesite': 'Lax'}}
INFO 2025-06-19 10:50:23,310 basehttp 26740 23496 "GET /api/auth/csrf/ HTTP/1.1" 200 58
DEBUG 2025-06-19 10:50:23,629 middleware 26740 23496 Request from origin: http://localhost:3000
DEBUG 2025-06-19 10:50:23,629 middleware 26740 23496 CSRF Processing path: api/auth/login/, Method: POST
DEBUG 2025-06-19 10:50:23,629 middleware 26740 23496 CSRF token in cookie: True
DEBUG 2025-06-19 10:50:23,630 middleware 26740 23496 CSRF token in header: True
DEBUG 2025-06-19 10:50:23,630 middleware 26740 23496 CSRF cookie token (first 6): KVl0FM...
DEBUG 2025-06-19 10:50:23,630 middleware 26740 23496 CSRF header token (first 6): KVl0FM...
INFO 2025-06-19 10:50:23,633 auth 26740 23496 Попытка входа с email: hello@gmail.com
DEBUG 2025-06-19 10:50:23,633 auth 26740 23496 Запрос входа: {'email': 'hello@gmail.com', 'password': 'A166DB701'}
INFO 2025-06-19 10:50:23,633 auth 26740 23496 CSRF токен в заголовке: KVl0FM...
INFO 2025-06-19 10:50:23,633 auth 26740 23496 Origin заголовок: http://localhost:3000
INFO 2025-06-19 10:50:23,633 auth 26740 23496 HTTP метод: POST
INFO 2025-06-19 10:50:23,633 auth 26740 23496 Content-Type: application/json
INFO 2025-06-19 10:50:23,634 auth 26740 23496 Cookies: {'sessionid': 'fj5o25xybhdrci5nu0tictpekeb0kw56', 'csrftoken': 'KVl0FMX8gjdOG2eFnROVvYgnaymBcv6d'}
INFO 2025-06-19 10:50:23,634 auth 26740 23496 HTTP_X_CSRFTOKEN: KVl0FM...
INFO 2025-06-19 10:50:23,634 auth 26740 23496 Cookie CSRF: KVl0FM...
INFO 2025-06-19 10:50:23,634 auth 26740 23496 CSRF токены совпадают: True
INFO 2025-06-19 10:50:23,635 auth 26740 23496 Проверка учетной записи: hello@gmail.com
INFO 2025-06-19 10:50:23,987 auth 26740 23496 Успешный вход пользователя: Hello
INFO 2025-06-19 10:50:23,990 auth 26740 23496 Пользователь Hello является владельцем ресторана Aliya
INFO 2025-06-19 10:50:23,990 auth 26740 23496 Данные для отправки: {'id': 2, 'email': 'hello@gmail.com', 'name': 'Hello', 'cafe_id': 1, 'role': 'owner'}
INFO 2025-06-19 10:50:23,995 basehttp 26740 23496 "POST /api/auth/login/ HTTP/1.1" 200 76
DEBUG 2025-06-19 10:50:24,332 middleware 26740 23496 Request from origin: http://localhost:3000
INFO 2025-06-19 10:50:24,337 basehttp 26740 23496 "GET /api/cafes/1/ HTTP/1.1" 200 447
DEBUG 2025-06-19 10:50:24,339 middleware 26740 23496 Request from origin: http://localhost:3000
DEBUG 2025-06-19 10:50:24,341 middleware 26740 22396 Request from origin: http://localhost:3000
INFO 2025-06-19 10:50:24,346 basehttp 26740 23496 "GET /api/cafes/1/ HTTP/1.1" 200 447
INFO 2025-06-19 10:50:24,363 basehttp 26740 22396 "GET /api/cafes/1/statistics/ HTTP/1.1" 200 86
DEBUG 2025-06-19 10:50:24,365 middleware 26740 22396 Request from origin: http://localhost:3000
DEBUG 2025-06-19 10:50:24,367 middleware 26740 23496 Request from origin: http://localhost:3000
INFO 2025-06-19 10:50:24,377 basehttp 26740 22396 "GET /api/cafes/1/statistics/ HTTP/1.1" 200 86
INFO 2025-06-19 10:50:24,385 basehttp 26740 23496 "GET /api/orders/?cafe=1 HTTP/1.1" 200 1588
DEBUG 2025-06-19 10:50:24,387 middleware 26740 23496 Request from origin: http://localhost:3000
INFO 2025-06-19 10:50:24,401 basehttp 26740 23496 "GET /api/orders/?cafe=1 HTTP/1.1" 200 1588
DEBUG 2025-06-19 10:50:25,313 middleware 26740 27340 Request from origin: http://localhost:3000
INFO 2025-06-19 10:50:25,316 views 26740 27340 Health check запрос от 127.0.0.1: ok
INFO 2025-06-19 10:50:25,317 basehttp 26740 27340 "GET /api/health/ HTTP/1.1" 200 252
DEBUG 2025-06-19 10:50:25,319 middleware 26740 27340 Request from origin: http://localhost:3000
INFO 2025-06-19 10:50:25,321 views 26740 27340 Health check запрос от 127.0.0.1: ok
INFO 2025-06-19 10:50:25,322 basehttp 26740 27340 "GET /api/health/ HTTP/1.1" 200 251
DEBUG 2025-06-19 10:50:25,324 middleware 26740 23496 Request from origin: http://localhost:3000
DEBUG 2025-06-19 10:50:25,326 middleware 26740 27340 Request from origin: http://localhost:3000
INFO 2025-06-19 10:50:25,331 basehttp 26740 27340 "GET /api/cities/ HTTP/1.1" 200 168
INFO 2025-06-19 10:50:25,331 basehttp 26740 23496 "GET /api/cafes/1/ HTTP/1.1" 200 447
DEBUG 2025-06-19 10:50:25,333 middleware 26740 27340 Request from origin: http://localhost:3000
DEBUG 2025-06-19 10:50:25,334 middleware 26740 23496 Request from origin: http://localhost:3000
DEBUG 2025-06-19 10:50:25,336 middleware 26740 27172 Request from origin: http://localhost:3000
DEBUG 2025-06-19 10:50:25,337 middleware 26740 22396 Request from origin: http://localhost:3000
INFO 2025-06-19 10:50:25,343 basehttp 26740 27340 "GET /api/cities/ HTTP/1.1" 200 168
DEBUG 2025-06-19 10:50:25,346 middleware 26740 27340 Request from origin: http://localhost:3000
INFO 2025-06-19 10:50:25,350 basehttp 26740 27172 "GET /api/cafes/?city=1&t=1750301425333 HTTP/1.1" 200 499
INFO 2025-06-19 10:50:25,352 basehttp 26740 23496 "GET /api/cafes/1/ HTTP/1.1" 200 447
DEBUG 2025-06-19 10:50:25,355 middleware 26740 27172 Request from origin: http://localhost:3000
INFO 2025-06-19 10:50:25,360 basehttp 26740 22396 "GET /api/cafes/1/statistics/ HTTP/1.1" 200 86
INFO 2025-06-19 10:50:25,360 basehttp 26740 27340 "GET /api/cafes/?city=1&t=1750301425343 HTTP/1.1" 200 499
DEBUG 2025-06-19 10:50:25,362 middleware 26740 22396 Request from origin: http://localhost:3000
DEBUG 2025-06-19 10:50:25,364 views 26740 27172 Menu item: Шурпа, image: 'http://localhost:8000/media/menu_items/1ef19980-8e08-45b7-aff2-5292b5797aa9_kJopm0u.jpeg', image_full_url: 'http://localhost:8000/media/menu_items/1ef19980-8e08-45b7-aff2-5292b5797aa9_kJopm0u.jpeg'
DEBUG 2025-06-19 10:50:25,365 middleware 26740 23496 Request from origin: http://localhost:3000
INFO 2025-06-19 10:50:25,367 basehttp 26740 27172 "GET /api/menu-items/?cafe=1 HTTP/1.1" 200 471
DEBUG 2025-06-19 10:50:25,369 middleware 26740 27172 Request from origin: http://localhost:3000
DEBUG 2025-06-19 10:50:25,376 views 26740 27172 Menu item: Шурпа, image: 'http://localhost:8000/media/menu_items/1ef19980-8e08-45b7-aff2-5292b5797aa9_kJopm0u.jpeg', image_full_url: 'http://localhost:8000/media/menu_items/1ef19980-8e08-45b7-aff2-5292b5797aa9_kJopm0u.jpeg'
INFO 2025-06-19 10:50:25,377 basehttp 26740 22396 "GET /api/cafes/1/statistics/ HTTP/1.1" 200 86
INFO 2025-06-19 10:50:25,377 basehttp 26740 27172 "GET /api/menu-items/?cafe=1 HTTP/1.1" 200 471
INFO 2025-06-19 10:50:25,399 basehttp 26740 23496 "GET /api/orders/?cafe=1 HTTP/1.1" 200 1588
DEBUG 2025-06-19 10:50:25,401 middleware 26740 23496 Request from origin: http://localhost:3000
INFO 2025-06-19 10:50:25,417 basehttp 26740 23496 "GET /api/orders/?cafe=1 HTTP/1.1" 200 1588
DEBUG 2025-06-19 10:50:25,734 middleware 26740 27172 Request from origin: http://localhost:3000
INFO 2025-06-19 10:50:25,737 views 26740 27172 Health check запрос от 127.0.0.1: ok
INFO 2025-06-19 10:50:25,738 basehttp 26740 27172 "GET /api/health/ HTTP/1.1" 200 251
DEBUG 2025-06-19 10:50:25,740 middleware 26740 27172 Request from origin: http://localhost:3000
INFO 2025-06-19 10:50:25,742 views 26740 27172 Health check запрос от 127.0.0.1: ok
INFO 2025-06-19 10:50:25,743 basehttp 26740 27172 "GET /api/health/ HTTP/1.1" 200 252
DEBUG 2025-06-19 10:50:25,745 middleware 26740 27172 Request from origin: http://localhost:3000
DEBUG 2025-06-19 10:50:25,748 middleware 26740 23496 Request from origin: http://localhost:3000
INFO 2025-06-19 10:50:25,750 basehttp 26740 27172 "GET /api/cities/ HTTP/1.1" 200 168
DEBUG 2025-06-19 10:50:25,752 middleware 26740 27172 Request from origin: http://localhost:3000
DEBUG 2025-06-19 10:50:25,755 middleware 26740 27340 Request from origin: http://localhost:3000
INFO 2025-06-19 10:50:25,760 basehttp 26740 27172 "GET /api/cities/ HTTP/1.1" 200 168
INFO 2025-06-19 10:50:25,760 basehttp 26740 23496 "GET /api/cafes/1/ HTTP/1.1" 200 447
DEBUG 2025-06-19 10:50:25,763 middleware 26740 22396 Request from origin: http://localhost:3000
DEBUG 2025-06-19 10:50:25,766 middleware 26740 27172 Request from origin: http://localhost:3000
INFO 2025-06-19 10:50:25,766 basehttp 26740 27340 "GET /api/cafes/?city=1&t=1750301425752 HTTP/1.1" 200 499
DEBUG 2025-06-19 10:50:25,767 middleware 26740 23496 Request from origin: http://localhost:3000
DEBUG 2025-06-19 10:50:25,770 middleware 26740 27340 Request from origin: http://localhost:3000
INFO 2025-06-19 10:50:25,777 basehttp 26740 27172 "GET /api/cafes/?city=1&t=1750301425762 HTTP/1.1" 200 499
DEBUG 2025-06-19 10:50:25,778 views 26740 27340 Menu item: Шурпа, image: 'http://localhost:8000/media/menu_items/1ef19980-8e08-45b7-aff2-5292b5797aa9_kJopm0u.jpeg', image_full_url: 'http://localhost:8000/media/menu_items/1ef19980-8e08-45b7-aff2-5292b5797aa9_kJopm0u.jpeg'
INFO 2025-06-19 10:50:25,783 basehttp 26740 22396 "GET /api/cafes/1/ HTTP/1.1" 200 447
INFO 2025-06-19 10:50:25,784 basehttp 26740 27340 "GET /api/menu-items/?cafe=1 HTTP/1.1" 200 471
DEBUG 2025-06-19 10:50:25,784 middleware 26740 27172 Request from origin: http://localhost:3000
INFO 2025-06-19 10:50:25,789 basehttp 26740 23496 "GET /api/cafes/1/statistics/ HTTP/1.1" 200 86
DEBUG 2025-06-19 10:50:25,791 views 26740 27172 Menu item: Шурпа, image: 'http://localhost:8000/media/menu_items/1ef19980-8e08-45b7-aff2-5292b5797aa9_kJopm0u.jpeg', image_full_url: 'http://localhost:8000/media/menu_items/1ef19980-8e08-45b7-aff2-5292b5797aa9_kJopm0u.jpeg'
DEBUG 2025-06-19 10:50:25,792 middleware 26740 23496 Request from origin: http://localhost:3000
INFO 2025-06-19 10:50:25,792 basehttp 26740 27172 "GET /api/menu-items/?cafe=1 HTTP/1.1" 200 471
DEBUG 2025-06-19 10:50:25,793 middleware 26740 22396 Request from origin: http://localhost:3000
INFO 2025-06-19 10:50:25,804 basehttp 26740 23496 "GET /api/cafes/1/statistics/ HTTP/1.1" 200 86
INFO 2025-06-19 10:50:25,813 basehttp 26740 22396 "GET /api/orders/?cafe=1 HTTP/1.1" 200 1588
DEBUG 2025-06-19 10:50:25,814 middleware 26740 22396 Request from origin: http://localhost:3000
INFO 2025-06-19 10:50:25,829 basehttp 26740 22396 "GET /api/orders/?cafe=1 HTTP/1.1" 200 1588
DEBUG 2025-06-19 10:50:26,050 middleware 26740 27172 Request from origin: http://localhost:3000
INFO 2025-06-19 10:50:26,054 views 26740 27172 Health check запрос от 127.0.0.1: ok
INFO 2025-06-19 10:50:26,054 basehttp 26740 27172 "GET /api/health/ HTTP/1.1" 200 252
DEBUG 2025-06-19 10:50:26,056 middleware 26740 27172 Request from origin: http://localhost:3000
INFO 2025-06-19 10:50:26,059 views 26740 27172 Health check запрос от 127.0.0.1: ok
INFO 2025-06-19 10:50:26,060 basehttp 26740 27172 "GET /api/health/ HTTP/1.1" 200 251
DEBUG 2025-06-19 10:50:26,062 middleware 26740 27172 Request from origin: http://localhost:3000
DEBUG 2025-06-19 10:50:26,064 middleware 26740 22396 Request from origin: http://localhost:3000
INFO 2025-06-19 10:50:26,068 basehttp 26740 27172 "GET /api/cities/ HTTP/1.1" 200 168
DEBUG 2025-06-19 10:50:26,071 middleware 26740 27172 Request from origin: http://localhost:3000
DEBUG 2025-06-19 10:50:26,071 middleware 26740 27340 Request from origin: http://localhost:3000
INFO 2025-06-19 10:50:26,074 basehttp 26740 22396 "GET /api/cafes/1/ HTTP/1.1" 200 447
DEBUG 2025-06-19 10:50:26,078 middleware 26740 22396 Request from origin: http://localhost:3000
DEBUG 2025-06-19 10:50:26,080 middleware 26740 23496 Request from origin: http://localhost:3000
INFO 2025-06-19 10:50:26,084 basehttp 26740 27172 "GET /api/cities/ HTTP/1.1" 200 168
DEBUG 2025-06-19 10:50:26,090 middleware 26740 27172 Request from origin: http://localhost:3000
INFO 2025-06-19 10:50:26,092 basehttp 26740 27340 "GET /api/cafes/?city=1&t=1750301426069 HTTP/1.1" 200 499
DEBUG 2025-06-19 10:50:26,099 middleware 26740 27340 Request from origin: http://localhost:3000
INFO 2025-06-19 10:50:26,110 basehttp 26740 22396 "GET /api/cafes/1/ HTTP/1.1" 200 447
INFO 2025-06-19 10:50:26,111 basehttp 26740 27172 "GET /api/cafes/?city=1&t=1750301426087 HTTP/1.1" 200 499
DEBUG 2025-06-19 10:50:26,115 views 26740 27340 Menu item: Шурпа, image: 'http://localhost:8000/media/menu_items/1ef19980-8e08-45b7-aff2-5292b5797aa9_kJopm0u.jpeg', image_full_url: 'http://localhost:8000/media/menu_items/1ef19980-8e08-45b7-aff2-5292b5797aa9_kJopm0u.jpeg'
INFO 2025-06-19 10:50:26,117 basehttp 26740 23496 "GET /api/cafes/1/statistics/ HTTP/1.1" 200 86
INFO 2025-06-19 10:50:26,117 basehttp 26740 27340 "GET /api/menu-items/?cafe=1 HTTP/1.1" 200 471
DEBUG 2025-06-19 10:50:26,120 middleware 26740 23496 Request from origin: http://localhost:3000
DEBUG 2025-06-19 10:50:26,121 middleware 26740 27340 Request from origin: http://localhost:3000
DEBUG 2025-06-19 10:50:26,124 middleware 26740 22396 Request from origin: http://localhost:3000
INFO 2025-06-19 10:50:26,138 basehttp 26740 23496 "GET /api/cafes/1/statistics/ HTTP/1.1" 200 86
DEBUG 2025-06-19 10:50:26,152 views 26740 27340 Menu item: Шурпа, image: 'http://localhost:8000/media/menu_items/1ef19980-8e08-45b7-aff2-5292b5797aa9_kJopm0u.jpeg', image_full_url: 'http://localhost:8000/media/menu_items/1ef19980-8e08-45b7-aff2-5292b5797aa9_kJopm0u.jpeg'
INFO 2025-06-19 10:50:26,153 basehttp 26740 22396 "GET /api/orders/?cafe=1 HTTP/1.1" 200 1588
INFO 2025-06-19 10:50:26,153 basehttp 26740 27340 "GET /api/menu-items/?cafe=1 HTTP/1.1" 200 471
DEBUG 2025-06-19 10:50:26,155 middleware 26740 22396 Request from origin: http://localhost:3000
INFO 2025-06-19 10:50:26,171 basehttp 26740 22396 "GET /api/orders/?cafe=1 HTTP/1.1" 200 1588
DEBUG 2025-06-19 10:50:37,483 middleware 26740 22396 Request from origin: http://localhost:3000
DEBUG 2025-06-19 10:50:37,484 middleware 26740 22396 CSRF Processing path: api/auth/csrf/, Method: GET
DEBUG 2025-06-19 10:50:37,484 middleware 26740 22396 CSRF token in cookie: True
DEBUG 2025-06-19 10:50:37,484 middleware 26740 22396 CSRF token in header: False
DEBUG 2025-06-19 10:50:37,484 middleware 26740 22396 CSRF cookie token (first 6): vijtPZ...
INFO 2025-06-19 10:50:37,488 auth 26740 22396 Запрос CSRF токена
INFO 2025-06-19 10:50:37,488 auth 26740 22396 CSRF запрос от Origin: http://localhost:3000, Referer: http://localhost:3000/
DEBUG 2025-06-19 10:50:37,488 auth 26740 22396 User-Agent: Mozilla/5.0 (Windows NT 10.0; Win64; x64) AppleWebKit/537.36 (KHTML, like Gecko) Chrome/134.0.0.0 Safari/537.36 OPR/119.0.0.0
INFO 2025-06-19 10:50:37,489 auth 26740 22396 CSRF токен сгенерирован: pFJoGV... (первые 6 символов)
DEBUG 2025-06-19 10:50:37,489 auth 26740 22396 Настройки CSRF cookie: {'csrf_cookie': {'name': 'csrftoken', 'secure': False, 'httponly': False, 'samesite': 'Lax'}}
INFO 2025-06-19 10:50:37,490 basehttp 26740 22396 "GET /api/auth/csrf/ HTTP/1.1" 200 58
DEBUG 2025-06-19 10:50:37,492 middleware 26740 22396 Request from origin: http://localhost:3000
DEBUG 2025-06-19 10:50:37,493 middleware 26740 22396 CSRF Processing path: api/auth/csrf/, Method: GET
DEBUG 2025-06-19 10:50:37,493 middleware 26740 22396 CSRF token in cookie: True
DEBUG 2025-06-19 10:50:37,493 middleware 26740 22396 CSRF token in header: False
DEBUG 2025-06-19 10:50:37,493 middleware 26740 22396 CSRF cookie token (first 6): vijtPZ...
INFO 2025-06-19 10:50:37,497 auth 26740 22396 Запрос CSRF токена
INFO 2025-06-19 10:50:37,498 auth 26740 22396 CSRF запрос от Origin: http://localhost:3000, Referer: http://localhost:3000/
DEBUG 2025-06-19 10:50:37,498 auth 26740 22396 User-Agent: Mozilla/5.0 (Windows NT 10.0; Win64; x64) AppleWebKit/537.36 (KHTML, like Gecko) Chrome/134.0.0.0 Safari/537.36 OPR/119.0.0.0
INFO 2025-06-19 10:50:37,498 auth 26740 22396 CSRF токен сгенерирован: 9sh4m1... (первые 6 символов)
DEBUG 2025-06-19 10:50:37,499 auth 26740 22396 Настройки CSRF cookie: {'csrf_cookie': {'name': 'csrftoken', 'secure': False, 'httponly': False, 'samesite': 'Lax'}}
INFO 2025-06-19 10:50:37,499 basehttp 26740 22396 "GET /api/auth/csrf/ HTTP/1.1" 200 58
INFO 2025-06-19 10:50:38,113 basehttp 26740 25920 "OPTIONS /api/orders/?client_order_id=1750301437390-mkbqvs HTTP/1.1" 200 0
DEBUG 2025-06-19 10:50:38,115 middleware 26740 22396 Request from origin: http://localhost:3000
INFO 2025-06-19 10:50:38,115 basehttp 26740 25920 "OPTIONS /api/orders/?client_order_id=1750301437390-mkbqvs HTTP/1.1" 200 0
INFO 2025-06-19 10:50:38,129 basehttp 26740 22396 "GET /api/orders/?client_order_id=1750301437390-mkbqvs HTTP/1.1" 200 1588
DEBUG 2025-06-19 10:50:38,130 middleware 26740 22396 Request from origin: http://localhost:3000
INFO 2025-06-19 10:50:38,143 basehttp 26740 22396 "GET /api/orders/?client_order_id=1750301437390-mkbqvs HTTP/1.1" 200 1588
DEBUG 2025-06-19 10:50:49,016 middleware 26740 24328 Request from origin: 
INFO 2025-06-19 10:50:49,051 basehttp 26740 24328 "GET /admin/cafes/order/ HTTP/1.1" 200 17212
DEBUG 2025-06-19 10:50:49,069 middleware 26740 24328 Request from origin: 
INFO 2025-06-19 10:50:49,073 basehttp 26740 24328 "GET /admin/jsi18n/ HTTP/1.1" 200 17546
DEBUG 2025-06-19 10:50:49,119 middleware 26740 24328 Request from origin: 
WARNING 2025-06-19 10:50:49,123 log 26740 24328 Not Found: /favicon.ico
WARNING 2025-06-19 10:50:49,124 basehttp 26740 24328 "GET /favicon.ico HTTP/1.1" 404 2340
DEBUG 2025-06-19 10:50:49,408 middleware 26740 24328 Request from origin: 
INFO 2025-06-19 10:50:49,427 basehttp 26740 24328 "GET /admin/cafes/order/ HTTP/1.1" 200 17212
DEBUG 2025-06-19 10:50:49,443 middleware 26740 24328 Request from origin: 
INFO 2025-06-19 10:50:49,447 basehttp 26740 24328 "GET /admin/jsi18n/ HTTP/1.1" 200 17546
DEBUG 2025-06-19 10:50:49,668 middleware 26740 24328 Request from origin: 
INFO 2025-06-19 10:50:49,687 basehttp 26740 24328 "GET /admin/cafes/order/ HTTP/1.1" 200 17212
DEBUG 2025-06-19 10:50:49,705 middleware 26740 24328 Request from origin: 
INFO 2025-06-19 10:50:49,709 basehttp 26740 24328 "GET /admin/jsi18n/ HTTP/1.1" 200 17546
INFO 2025-06-19 10:54:24,877 autoreload 16040 10540 Watching for file changes with StatReloader
INFO 2025-06-19 10:54:25,435 middleware 16040 14232 CORS Middleware initialized with allowed origins: ['http://localhost', 'http://localhost:3000', 'http://localhost:80', 'http://127.0.0.1', 'http://127.0.0.1:3000', 'http://127.0.0.1:80', 'http://frontend', 'http://localhost:3001', 'http://127.0.0.1:3001', 'http://localhost:8000', 'http://127.0.0.1:8000', 'https://ec4db675c64c9f.lhr.life']
INFO 2025-06-19 10:54:25,436 middleware 16040 14232 Custom CSRF Middleware initialized with exempt paths: ['/api/auth/login/', '/api/auth/csrf/']
DEBUG 2025-06-19 10:54:34,095 middleware 16040 27260 Request from origin: http://localhost:3000
INFO 2025-06-19 10:54:34,101 views 16040 27260 Health check запрос от 127.0.0.1: ok
INFO 2025-06-19 10:54:34,103 basehttp 16040 27260 "GET /api/health/ HTTP/1.1" 200 252
DEBUG 2025-06-19 10:54:34,105 middleware 16040 27260 Request from origin: http://localhost:3000
INFO 2025-06-19 10:54:34,108 views 16040 27260 Health check запрос от 127.0.0.1: ok
INFO 2025-06-19 10:54:34,109 basehttp 16040 27260 "GET /api/health/ HTTP/1.1" 200 252
DEBUG 2025-06-19 10:54:34,111 middleware 16040 27260 Request from origin: http://localhost:3000
INFO 2025-06-19 10:54:34,115 views 16040 27260 Health check запрос от 127.0.0.1: ok
INFO 2025-06-19 10:54:34,117 basehttp 16040 27260 "GET /api/health/ HTTP/1.1" 200 251
DEBUG 2025-06-19 10:54:34,121 middleware 16040 19724 Request from origin: http://localhost:3000
DEBUG 2025-06-19 10:54:34,122 middleware 16040 27260 Request from origin: http://localhost:3000
INFO 2025-06-19 10:54:34,127 views 16040 27260 Health check запрос от 127.0.0.1: ok
INFO 2025-06-19 10:54:34,128 basehttp 16040 27260 "GET /api/health/ HTTP/1.1" 200 251
INFO 2025-06-19 10:54:34,141 basehttp 16040 19724 "GET /api/cities/ HTTP/1.1" 200 168
DEBUG 2025-06-19 10:54:34,143 middleware 16040 19724 Request from origin: http://localhost:3000
DEBUG 2025-06-19 10:54:34,145 middleware 16040 27260 Request from origin: http://localhost:3000
INFO 2025-06-19 10:54:34,150 basehttp 16040 19724 "GET /api/cities/ HTTP/1.1" 200 168
DEBUG 2025-06-19 10:54:34,156 middleware 16040 19724 Request from origin: http://localhost:3000
INFO 2025-06-19 10:54:34,156 basehttp 16040 27260 "GET /api/cafes/?city=1&t=1750301674143 HTTP/1.1" 200 499
DEBUG 2025-06-19 10:54:34,157 middleware 16040 26332 Request from origin: http://localhost:3000
DEBUG 2025-06-19 10:54:34,161 middleware 16040 27260 Request from origin: http://localhost:3000
INFO 2025-06-19 10:54:34,166 basehttp 16040 19724 "GET /api/cities/ HTTP/1.1" 200 168
INFO 2025-06-19 10:54:34,169 basehttp 16040 26332 "GET /api/cafes/?city=1&t=1750301674152 HTTP/1.1" 200 499
DEBUG 2025-06-19 10:54:34,171 views 16040 27260 Menu item: Шурпа, image: 'http://localhost:8000/media/menu_items/1ef19980-8e08-45b7-aff2-5292b5797aa9_kJopm0u.jpeg', image_full_url: 'http://localhost:8000/media/menu_items/1ef19980-8e08-45b7-aff2-5292b5797aa9_kJopm0u.jpeg'
DEBUG 2025-06-19 10:54:34,172 middleware 16040 19724 Request from origin: http://localhost:3000
DEBUG 2025-06-19 10:54:34,174 middleware 16040 10520 Request from origin: http://localhost:3000
INFO 2025-06-19 10:54:34,182 basehttp 16040 27260 "GET /api/menu-items/?cafe=1 HTTP/1.1" 200 471
DEBUG 2025-06-19 10:54:34,183 middleware 16040 27260 Request from origin: http://localhost:3000
INFO 2025-06-19 10:54:34,187 basehttp 16040 19724 "GET /api/cities/ HTTP/1.1" 200 168
DEBUG 2025-06-19 10:54:34,191 middleware 16040 19724 Request from origin: http://localhost:3000
INFO 2025-06-19 10:54:34,191 basehttp 16040 10520 "GET /api/cafes/?city=1&t=1750301674168 HTTP/1.1" 200 499
DEBUG 2025-06-19 10:54:34,193 views 16040 27260 Menu item: Шурпа, image: 'http://localhost:8000/media/menu_items/1ef19980-8e08-45b7-aff2-5292b5797aa9_kJopm0u.jpeg', image_full_url: 'http://localhost:8000/media/menu_items/1ef19980-8e08-45b7-aff2-5292b5797aa9_kJopm0u.jpeg'
INFO 2025-06-19 10:54:34,195 basehttp 16040 27260 "GET /api/menu-items/?cafe=1 HTTP/1.1" 200 471
DEBUG 2025-06-19 10:54:34,198 middleware 16040 27260 Request from origin: http://localhost:3000
INFO 2025-06-19 10:54:34,203 basehttp 16040 19724 "GET /api/cafes/?city=1&t=1750301674188 HTTP/1.1" 200 499
DEBUG 2025-06-19 10:54:34,204 views 16040 27260 Menu item: Шурпа, image: 'http://localhost:8000/media/menu_items/1ef19980-8e08-45b7-aff2-5292b5797aa9_kJopm0u.jpeg', image_full_url: 'http://localhost:8000/media/menu_items/1ef19980-8e08-45b7-aff2-5292b5797aa9_kJopm0u.jpeg'
INFO 2025-06-19 10:54:34,205 basehttp 16040 27260 "GET /api/menu-items/?cafe=1 HTTP/1.1" 200 471
DEBUG 2025-06-19 10:54:34,207 middleware 16040 27260 Request from origin: http://localhost:3000
DEBUG 2025-06-19 10:54:34,212 views 16040 27260 Menu item: Шурпа, image: 'http://localhost:8000/media/menu_items/1ef19980-8e08-45b7-aff2-5292b5797aa9_kJopm0u.jpeg', image_full_url: 'http://localhost:8000/media/menu_items/1ef19980-8e08-45b7-aff2-5292b5797aa9_kJopm0u.jpeg'
INFO 2025-06-19 10:54:34,213 basehttp 16040 27260 "GET /api/menu-items/?cafe=1 HTTP/1.1" 200 471
DEBUG 2025-06-19 10:54:34,415 middleware 16040 26720 Request from origin: http://localhost:3000
INFO 2025-06-19 10:54:34,422 basehttp 16040 26720 "GET /api/cafes/1/ HTTP/1.1" 200 447
DEBUG 2025-06-19 10:54:34,423 middleware 16040 26720 Request from origin: http://localhost:3000
INFO 2025-06-19 10:54:34,430 basehttp 16040 26720 "GET /api/cafes/1/ HTTP/1.1" 200 447
DEBUG 2025-06-19 10:54:34,443 middleware 16040 26720 Request from origin: http://localhost:3000
INFO 2025-06-19 10:54:34,451 basehttp 16040 26720 "GET /api/cafes/1/statistics/ HTTP/1.1" 200 86
DEBUG 2025-06-19 10:54:34,452 middleware 16040 26720 Request from origin: http://localhost:3000
INFO 2025-06-19 10:54:34,458 basehttp 16040 26720 "GET /api/cafes/1/statistics/ HTTP/1.1" 200 86
DEBUG 2025-06-19 10:54:34,467 middleware 16040 26720 Request from origin: http://localhost:3000
INFO 2025-06-19 10:54:34,481 basehttp 16040 26720 "GET /api/orders/?cafe=1 HTTP/1.1" 200 1588
DEBUG 2025-06-19 10:54:34,482 middleware 16040 26720 Request from origin: http://localhost:3000
INFO 2025-06-19 10:54:34,495 basehttp 16040 26720 "GET /api/orders/?cafe=1 HTTP/1.1" 200 1588
DEBUG 2025-06-19 10:54:35,778 middleware 16040 27260 Request from origin: http://localhost:3000
INFO 2025-06-19 10:54:35,781 views 16040 27260 Health check запрос от 127.0.0.1: ok
INFO 2025-06-19 10:54:35,782 basehttp 16040 27260 "GET /api/health/ HTTP/1.1" 200 252
DEBUG 2025-06-19 10:54:35,783 middleware 16040 27260 Request from origin: http://localhost:3000
INFO 2025-06-19 10:54:35,787 views 16040 27260 Health check запрос от 127.0.0.1: ok
INFO 2025-06-19 10:54:35,788 basehttp 16040 27260 "GET /api/health/ HTTP/1.1" 200 251
DEBUG 2025-06-19 10:54:35,790 middleware 16040 26720 Request from origin: http://localhost:3000
DEBUG 2025-06-19 10:54:35,791 middleware 16040 27260 Request from origin: http://localhost:3000
INFO 2025-06-19 10:54:35,798 basehttp 16040 27260 "GET /api/cities/ HTTP/1.1" 200 168
INFO 2025-06-19 10:54:35,799 basehttp 16040 26720 "GET /api/cafes/1/ HTTP/1.1" 200 447
DEBUG 2025-06-19 10:54:35,800 middleware 16040 27260 Request from origin: http://localhost:3000
DEBUG 2025-06-19 10:54:35,801 middleware 16040 19724 Request from origin: http://localhost:3000
DEBUG 2025-06-19 10:54:35,804 middleware 16040 26720 Request from origin: http://localhost:3000
INFO 2025-06-19 10:54:35,809 basehttp 16040 27260 "GET /api/cities/ HTTP/1.1" 200 168
INFO 2025-06-19 10:54:35,811 basehttp 16040 19724 "GET /api/cafes/?city=1&t=1750301675798 HTTP/1.1" 200 499
INFO 2025-06-19 10:54:35,814 basehttp 16040 26720 "GET /api/cafes/1/ HTTP/1.1" 200 447
DEBUG 2025-06-19 10:54:35,820 middleware 16040 26720 Request from origin: http://localhost:3000
DEBUG 2025-06-19 10:54:35,821 middleware 16040 19724 Request from origin: http://localhost:3000
DEBUG 2025-06-19 10:54:35,822 middleware 16040 27260 Request from origin: http://localhost:3000
DEBUG 2025-06-19 10:54:35,834 views 16040 27260 Menu item: Шурпа, image: 'http://localhost:8000/media/menu_items/1ef19980-8e08-45b7-aff2-5292b5797aa9_kJopm0u.jpeg', image_full_url: 'http://localhost:8000/media/menu_items/1ef19980-8e08-45b7-aff2-5292b5797aa9_kJopm0u.jpeg'
INFO 2025-06-19 10:54:35,837 basehttp 16040 19724 "GET /api/cafes/?city=1&t=1750301675819 HTTP/1.1" 200 499
INFO 2025-06-19 10:54:35,837 basehttp 16040 27260 "GET /api/menu-items/?cafe=1 HTTP/1.1" 200 471
INFO 2025-06-19 10:54:35,840 basehttp 16040 26720 "GET /api/cafes/1/statistics/ HTTP/1.1" 200 86
DEBUG 2025-06-19 10:54:35,842 middleware 16040 26720 Request from origin: http://localhost:3000
DEBUG 2025-06-19 10:54:35,845 middleware 16040 27260 Request from origin: http://localhost:3000
DEBUG 2025-06-19 10:54:35,847 middleware 16040 24400 Request from origin: http://localhost:3000
DEBUG 2025-06-19 10:54:35,852 views 16040 27260 Menu item: Шурпа, image: 'http://localhost:8000/media/menu_items/1ef19980-8e08-45b7-aff2-5292b5797aa9_kJopm0u.jpeg', image_full_url: 'http://localhost:8000/media/menu_items/1ef19980-8e08-45b7-aff2-5292b5797aa9_kJopm0u.jpeg'
INFO 2025-06-19 10:54:35,855 basehttp 16040 27260 "GET /api/menu-items/?cafe=1 HTTP/1.1" 200 471
INFO 2025-06-19 10:54:35,856 basehttp 16040 26720 "GET /api/cafes/1/statistics/ HTTP/1.1" 200 86
INFO 2025-06-19 10:54:35,867 basehttp 16040 24400 "GET /api/orders/?cafe=1 HTTP/1.1" 200 1588
DEBUG 2025-06-19 10:54:35,869 middleware 16040 24400 Request from origin: http://localhost:3000
INFO 2025-06-19 10:54:35,883 basehttp 16040 24400 "GET /api/orders/?cafe=1 HTTP/1.1" 200 1588
DEBUG 2025-06-19 10:54:37,421 middleware 16040 27260 Request from origin: http://localhost:3000
DEBUG 2025-06-19 10:54:37,422 middleware 16040 19724 Request from origin: http://localhost:3000
INFO 2025-06-19 10:54:37,430 basehttp 16040 27260 "GET /api/cafes/?city=1&t=1750301677419 HTTP/1.1" 200 499
INFO 2025-06-19 10:54:37,430 basehttp 16040 19724 "GET /api/cafes/?city=1&t=1750301677420 HTTP/1.1" 200 499
DEBUG 2025-06-19 10:54:37,449 middleware 16040 19724 Request from origin: 
INFO 2025-06-19 10:54:37,493 basehttp 16040 19724 "GET /media/cafe_covers/XXXL_1_1_ENDyb7O.webp?t=1750301677399 HTTP/1.1" 200 100380
DEBUG 2025-06-19 10:54:38,310 middleware 16040 24400 Request from origin: http://localhost:3000
DEBUG 2025-06-19 10:54:38,315 views 16040 24400 Menu item: Шурпа, image: 'http://localhost:8000/media/menu_items/1ef19980-8e08-45b7-aff2-5292b5797aa9_kJopm0u.jpeg', image_full_url: 'http://localhost:8000/media/menu_items/1ef19980-8e08-45b7-aff2-5292b5797aa9_kJopm0u.jpeg'
INFO 2025-06-19 10:54:38,316 basehttp 16040 24400 "GET /api/menu-items/?cafe=1 HTTP/1.1" 200 471
DEBUG 2025-06-19 10:54:38,318 middleware 16040 24400 Request from origin: http://localhost:3000
DEBUG 2025-06-19 10:54:38,323 views 16040 24400 Menu item: Шурпа, image: 'http://localhost:8000/media/menu_items/1ef19980-8e08-45b7-aff2-5292b5797aa9_kJopm0u.jpeg', image_full_url: 'http://localhost:8000/media/menu_items/1ef19980-8e08-45b7-aff2-5292b5797aa9_kJopm0u.jpeg'
INFO 2025-06-19 10:54:38,324 basehttp 16040 24400 "GET /api/menu-items/?cafe=1 HTTP/1.1" 200 471
DEBUG 2025-06-19 10:54:51,322 middleware 16040 24400 Request from origin: http://localhost:3000
DEBUG 2025-06-19 10:54:51,323 middleware 16040 24400 CSRF Processing path: api/auth/csrf/, Method: GET
DEBUG 2025-06-19 10:54:51,323 middleware 16040 24400 CSRF token in cookie: True
DEBUG 2025-06-19 10:54:51,323 middleware 16040 24400 CSRF token in header: False
DEBUG 2025-06-19 10:54:51,323 middleware 16040 24400 CSRF cookie token (first 6): vijtPZ...
INFO 2025-06-19 10:54:51,327 auth 16040 24400 Запрос CSRF токена
INFO 2025-06-19 10:54:51,327 auth 16040 24400 CSRF запрос от Origin: http://localhost:3000, Referer: http://localhost:3000/
DEBUG 2025-06-19 10:54:51,327 auth 16040 24400 User-Agent: Mozilla/5.0 (Windows NT 10.0; Win64; x64) AppleWebKit/537.36 (KHTML, like Gecko) Chrome/134.0.0.0 Safari/537.36 OPR/119.0.0.0
INFO 2025-06-19 10:54:51,328 auth 16040 24400 CSRF токен сгенерирован: jqqbRO... (первые 6 символов)
DEBUG 2025-06-19 10:54:51,328 auth 16040 24400 Настройки CSRF cookie: {'csrf_cookie': {'name': 'csrftoken', 'secure': False, 'httponly': False, 'samesite': 'Lax'}}
INFO 2025-06-19 10:54:51,329 basehttp 16040 24400 "GET /api/auth/csrf/ HTTP/1.1" 200 58
DEBUG 2025-06-19 10:54:51,331 middleware 16040 24400 Request from origin: http://localhost:3000
DEBUG 2025-06-19 10:54:51,331 middleware 16040 24400 CSRF Processing path: api/auth/csrf/, Method: GET
DEBUG 2025-06-19 10:54:51,331 middleware 16040 24400 CSRF token in cookie: True
DEBUG 2025-06-19 10:54:51,332 middleware 16040 24400 CSRF token in header: False
DEBUG 2025-06-19 10:54:51,332 middleware 16040 24400 CSRF cookie token (first 6): vijtPZ...
INFO 2025-06-19 10:54:51,335 auth 16040 24400 Запрос CSRF токена
INFO 2025-06-19 10:54:51,336 auth 16040 24400 CSRF запрос от Origin: http://localhost:3000, Referer: http://localhost:3000/
DEBUG 2025-06-19 10:54:51,336 auth 16040 24400 User-Agent: Mozilla/5.0 (Windows NT 10.0; Win64; x64) AppleWebKit/537.36 (KHTML, like Gecko) Chrome/134.0.0.0 Safari/537.36 OPR/119.0.0.0
INFO 2025-06-19 10:54:51,337 auth 16040 24400 CSRF токен сгенерирован: Eq63Jh... (первые 6 символов)
DEBUG 2025-06-19 10:54:51,337 auth 16040 24400 Настройки CSRF cookie: {'csrf_cookie': {'name': 'csrftoken', 'secure': False, 'httponly': False, 'samesite': 'Lax'}}
INFO 2025-06-19 10:54:51,338 basehttp 16040 24400 "GET /api/auth/csrf/ HTTP/1.1" 200 58
INFO 2025-06-19 10:54:51,949 basehttp 16040 28148 "OPTIONS /api/orders/?client_order_id=1750301691238-7bhmv0 HTTP/1.1" 200 0
INFO 2025-06-19 10:54:51,949 basehttp 16040 28152 "OPTIONS /api/orders/?client_order_id=1750301691238-7bhmv0 HTTP/1.1" 200 0
DEBUG 2025-06-19 10:54:51,951 middleware 16040 24400 Request from origin: http://localhost:3000
INFO 2025-06-19 10:54:51,954 views 16040 24400 Filtering orders by client_order_id: '1750301691238-7bhmv0'
INFO 2025-06-19 10:54:51,955 views 16040 24400 Found 0 orders with client_order_id '1750301691238-7bhmv0'
INFO 2025-06-19 10:54:51,957 basehttp 16040 24400 "GET /api/orders/?client_order_id=1750301691238-7bhmv0 HTTP/1.1" 200 52
DEBUG 2025-06-19 10:54:51,958 middleware 16040 24400 Request from origin: http://localhost:3000
DEBUG 2025-06-19 10:54:51,961 middleware 16040 26720 Request from origin: http://localhost:3000
DEBUG 2025-06-19 10:54:51,961 middleware 16040 26720 CSRF Processing path: api/auth/csrf/, Method: GET
DEBUG 2025-06-19 10:54:51,962 middleware 16040 26720 CSRF token in cookie: True
INFO 2025-06-19 10:54:51,962 views 16040 24400 Filtering orders by client_order_id: '1750301691238-7bhmv0'
DEBUG 2025-06-19 10:54:51,962 middleware 16040 26720 CSRF token in header: False
DEBUG 2025-06-19 10:54:51,963 middleware 16040 26720 CSRF cookie token (first 6): vijtPZ...
INFO 2025-06-19 10:54:51,963 views 16040 24400 Found 0 orders with client_order_id '1750301691238-7bhmv0'
INFO 2025-06-19 10:54:51,965 basehttp 16040 24400 "GET /api/orders/?client_order_id=1750301691238-7bhmv0 HTTP/1.1" 200 52
INFO 2025-06-19 10:54:51,967 auth 16040 26720 Запрос CSRF токена
INFO 2025-06-19 10:54:51,967 auth 16040 26720 CSRF запрос от Origin: http://localhost:3000, Referer: http://localhost:3000/
DEBUG 2025-06-19 10:54:51,967 auth 16040 26720 User-Agent: Mozilla/5.0 (Windows NT 10.0; Win64; x64) AppleWebKit/537.36 (KHTML, like Gecko) Chrome/134.0.0.0 Safari/537.36 OPR/119.0.0.0
INFO 2025-06-19 10:54:51,968 auth 16040 26720 CSRF токен сгенерирован: AaXb2C... (первые 6 символов)
DEBUG 2025-06-19 10:54:51,968 auth 16040 26720 Настройки CSRF cookie: {'csrf_cookie': {'name': 'csrftoken', 'secure': False, 'httponly': False, 'samesite': 'Lax'}}
INFO 2025-06-19 10:54:51,969 basehttp 16040 26720 "GET /api/auth/csrf/ HTTP/1.1" 200 58
DEBUG 2025-06-19 10:54:51,970 middleware 16040 26720 Request from origin: http://localhost:3000
DEBUG 2025-06-19 10:54:51,970 middleware 16040 26720 CSRF Processing path: api/auth/csrf/, Method: GET
DEBUG 2025-06-19 10:54:51,970 middleware 16040 26720 CSRF token in cookie: True
DEBUG 2025-06-19 10:54:51,971 middleware 16040 26720 CSRF token in header: False
DEBUG 2025-06-19 10:54:51,971 middleware 16040 26720 CSRF cookie token (first 6): vijtPZ...
INFO 2025-06-19 10:54:51,973 auth 16040 26720 Запрос CSRF токена
INFO 2025-06-19 10:54:51,973 auth 16040 26720 CSRF запрос от Origin: http://localhost:3000, Referer: http://localhost:3000/
DEBUG 2025-06-19 10:54:51,974 auth 16040 26720 User-Agent: Mozilla/5.0 (Windows NT 10.0; Win64; x64) AppleWebKit/537.36 (KHTML, like Gecko) Chrome/134.0.0.0 Safari/537.36 OPR/119.0.0.0
INFO 2025-06-19 10:54:51,974 auth 16040 26720 CSRF токен сгенерирован: 5r5n58... (первые 6 символов)
DEBUG 2025-06-19 10:54:51,974 auth 16040 26720 Настройки CSRF cookie: {'csrf_cookie': {'name': 'csrftoken', 'secure': False, 'httponly': False, 'samesite': 'Lax'}}
INFO 2025-06-19 10:54:51,975 basehttp 16040 26720 "GET /api/auth/csrf/ HTTP/1.1" 200 58
INFO 2025-06-19 10:54:52,278 basehttp 16040 28152 "OPTIONS /api/orders/ HTTP/1.1" 200 0
DEBUG 2025-06-19 10:54:52,279 middleware 16040 26720 Request from origin: http://localhost:3000
INFO 2025-06-19 10:54:52,284 views 16040 26720 Creating order with customer_name: 'Гость', client_order_id: '1750301691238-7bhmv0', order_type: 'pickup'
INFO 2025-06-19 10:54:52,284 views 16040 26720 Request data: {'cafe': 1, 'order_type': 'pickup', 'status': 'new', 'total_price': 123, 'client_order_id': '1750301691238-7bhmv0', 'customer_name': 'Гость'}
INFO 2025-06-19 10:54:52,284 views 16040 26720 User is authenticated: Hello
INFO 2025-06-19 10:54:52,290 views 16040 26720 Order created successfully with ID: 15, order_type: pickup, client_order_id: 1750301691238-7bhmv0
DEBUG 2025-06-19 10:54:52,292 middleware 16040 24400 Request from origin: http://localhost:3000
INFO 2025-06-19 10:54:52,294 basehttp 16040 26720 "POST /api/orders/ HTTP/1.1" 201 261
INFO 2025-06-19 10:54:52,297 views 16040 24400 Creating order with customer_name: 'Гость', client_order_id: '1750301691238-7bhmv0', order_type: 'pickup'
INFO 2025-06-19 10:54:52,298 views 16040 24400 Request data: {'cafe': 1, 'order_type': 'pickup', 'status': 'new', 'total_price': 123, 'client_order_id': '1750301691238-7bhmv0', 'customer_name': 'Гость'}
INFO 2025-06-19 10:54:52,298 views 16040 24400 User is authenticated: Hello
INFO 2025-06-19 10:54:52,305 views 16040 24400 Order created successfully with ID: 16, order_type: pickup, client_order_id: 1750301691238-7bhmv0
INFO 2025-06-19 10:54:52,307 basehttp 16040 24400 "POST /api/orders/ HTTP/1.1" 201 261
DEBUG 2025-06-19 10:54:56,810 middleware 16040 19724 Request from origin: http://localhost:3000
INFO 2025-06-19 10:54:56,813 views 16040 19724 Health check запрос от 127.0.0.1: ok
INFO 2025-06-19 10:54:56,814 basehttp 16040 19724 "GET /api/health/ HTTP/1.1" 200 252
DEBUG 2025-06-19 10:54:56,815 middleware 16040 19724 Request from origin: http://localhost:3000
DEBUG 2025-06-19 10:54:56,818 middleware 16040 27260 Request from origin: http://localhost:3000
INFO 2025-06-19 10:54:56,818 views 16040 19724 Health check запрос от 127.0.0.1: ok
INFO 2025-06-19 10:54:56,821 basehttp 16040 19724 "GET /api/health/ HTTP/1.1" 200 251
INFO 2025-06-19 10:54:56,823 basehttp 16040 27260 "GET /api/cities/ HTTP/1.1" 200 168
DEBUG 2025-06-19 10:54:56,845 middleware 16040 27260 Request from origin: http://localhost:3000
DEBUG 2025-06-19 10:54:56,846 middleware 16040 19724 Request from origin: http://localhost:3000
INFO 2025-06-19 10:54:56,854 basehttp 16040 19724 "GET /api/cafes/?city=1&t=1750301696836 HTTP/1.1" 200 499
INFO 2025-06-19 10:54:56,858 basehttp 16040 27260 "GET /api/cities/ HTTP/1.1" 200 168
DEBUG 2025-06-19 10:54:56,862 middleware 16040 24400 Request from origin: http://localhost:3000
DEBUG 2025-06-19 10:54:56,862 middleware 16040 27260 Request from origin: http://localhost:3000
DEBUG 2025-06-19 10:54:56,863 middleware 16040 24400 CSRF Processing path: api/auth/csrf/, Method: GET
DEBUG 2025-06-19 10:54:56,865 middleware 16040 19724 Request from origin: http://localhost:3000
DEBUG 2025-06-19 10:54:56,865 middleware 16040 24400 CSRF token in cookie: True
DEBUG 2025-06-19 10:54:56,867 middleware 16040 24400 CSRF token in header: False
DEBUG 2025-06-19 10:54:56,867 middleware 16040 24400 CSRF cookie token (first 6): vijtPZ...
DEBUG 2025-06-19 10:54:56,870 views 16040 27260 Menu item: Шурпа, image: 'http://localhost:8000/media/menu_items/1ef19980-8e08-45b7-aff2-5292b5797aa9_kJopm0u.jpeg', image_full_url: 'http://localhost:8000/media/menu_items/1ef19980-8e08-45b7-aff2-5292b5797aa9_kJopm0u.jpeg'
INFO 2025-06-19 10:54:56,874 basehttp 16040 27260 "GET /api/menu-items/?cafe=1 HTTP/1.1" 200 471
INFO 2025-06-19 10:54:56,874 auth 16040 24400 Запрос CSRF токена
INFO 2025-06-19 10:54:56,875 basehttp 16040 19724 "GET /api/cafes/?city=1&t=1750301696861 HTTP/1.1" 200 499
INFO 2025-06-19 10:54:56,875 auth 16040 24400 CSRF запрос от Origin: http://localhost:3000, Referer: http://localhost:3000/
DEBUG 2025-06-19 10:54:56,875 auth 16040 24400 User-Agent: Mozilla/5.0 (Windows NT 10.0; Win64; x64) AppleWebKit/537.36 (KHTML, like Gecko) Chrome/134.0.0.0 Safari/537.36 OPR/119.0.0.0
INFO 2025-06-19 10:54:56,876 auth 16040 24400 CSRF токен сгенерирован: XW638g... (первые 6 символов)
DEBUG 2025-06-19 10:54:56,876 auth 16040 24400 Настройки CSRF cookie: {'csrf_cookie': {'name': 'csrftoken', 'secure': False, 'httponly': False, 'samesite': 'Lax'}}
INFO 2025-06-19 10:54:56,877 basehttp 16040 24400 "GET /api/auth/csrf/ HTTP/1.1" 200 58
DEBUG 2025-06-19 10:54:56,878 middleware 16040 24400 Request from origin: http://localhost:3000
DEBUG 2025-06-19 10:54:56,879 middleware 16040 24400 CSRF Processing path: api/auth/csrf/, Method: GET
DEBUG 2025-06-19 10:54:56,879 middleware 16040 24400 CSRF token in cookie: True
DEBUG 2025-06-19 10:54:56,879 middleware 16040 24400 CSRF token in header: False
DEBUG 2025-06-19 10:54:56,879 middleware 16040 24400 CSRF cookie token (first 6): vijtPZ...
INFO 2025-06-19 10:54:56,882 auth 16040 24400 Запрос CSRF токена
INFO 2025-06-19 10:54:56,883 auth 16040 24400 CSRF запрос от Origin: http://localhost:3000, Referer: http://localhost:3000/
DEBUG 2025-06-19 10:54:56,883 auth 16040 24400 User-Agent: Mozilla/5.0 (Windows NT 10.0; Win64; x64) AppleWebKit/537.36 (KHTML, like Gecko) Chrome/134.0.0.0 Safari/537.36 OPR/119.0.0.0
INFO 2025-06-19 10:54:56,883 auth 16040 24400 CSRF токен сгенерирован: Oa9hgm... (первые 6 символов)
DEBUG 2025-06-19 10:54:56,884 auth 16040 24400 Настройки CSRF cookie: {'csrf_cookie': {'name': 'csrftoken', 'secure': False, 'httponly': False, 'samesite': 'Lax'}}
INFO 2025-06-19 10:54:56,884 basehttp 16040 24400 "GET /api/auth/csrf/ HTTP/1.1" 200 58
DEBUG 2025-06-19 10:55:06,339 middleware 16040 24400 Request from origin: http://localhost:3000
DEBUG 2025-06-19 10:55:06,340 middleware 16040 24400 CSRF Processing path: api/auth/csrf/, Method: GET
DEBUG 2025-06-19 10:55:06,340 middleware 16040 24400 CSRF token in cookie: True
DEBUG 2025-06-19 10:55:06,340 middleware 16040 24400 CSRF token in header: False
DEBUG 2025-06-19 10:55:06,341 middleware 16040 24400 CSRF cookie token (first 6): vijtPZ...
INFO 2025-06-19 10:55:06,343 auth 16040 24400 Запрос CSRF токена
INFO 2025-06-19 10:55:06,344 auth 16040 24400 CSRF запрос от Origin: http://localhost:3000, Referer: http://localhost:3000/
DEBUG 2025-06-19 10:55:06,344 auth 16040 24400 User-Agent: Mozilla/5.0 (Windows NT 10.0; Win64; x64) AppleWebKit/537.36 (KHTML, like Gecko) Chrome/134.0.0.0 Safari/537.36 OPR/119.0.0.0
INFO 2025-06-19 10:55:06,344 auth 16040 24400 CSRF токен сгенерирован: bpAMXU... (первые 6 символов)
DEBUG 2025-06-19 10:55:06,344 auth 16040 24400 Настройки CSRF cookie: {'csrf_cookie': {'name': 'csrftoken', 'secure': False, 'httponly': False, 'samesite': 'Lax'}}
INFO 2025-06-19 10:55:06,345 basehttp 16040 24400 "GET /api/auth/csrf/ HTTP/1.1" 200 58
DEBUG 2025-06-19 10:55:07,166 middleware 16040 24400 Request from origin: http://localhost:3000
DEBUG 2025-06-19 10:55:07,167 middleware 16040 24400 CSRF Processing path: api/auth/csrf/, Method: GET
DEBUG 2025-06-19 10:55:07,167 middleware 16040 24400 CSRF token in cookie: True
DEBUG 2025-06-19 10:55:07,167 middleware 16040 24400 CSRF token in header: False
DEBUG 2025-06-19 10:55:07,168 middleware 16040 24400 CSRF cookie token (first 6): vijtPZ...
INFO 2025-06-19 10:55:07,170 auth 16040 24400 Запрос CSRF токена
INFO 2025-06-19 10:55:07,170 auth 16040 24400 CSRF запрос от Origin: http://localhost:3000, Referer: http://localhost:3000/
DEBUG 2025-06-19 10:55:07,171 auth 16040 24400 User-Agent: Mozilla/5.0 (Windows NT 10.0; Win64; x64) AppleWebKit/537.36 (KHTML, like Gecko) Chrome/134.0.0.0 Safari/537.36 OPR/119.0.0.0
INFO 2025-06-19 10:55:07,171 auth 16040 24400 CSRF токен сгенерирован: 6mZtOc... (первые 6 символов)
DEBUG 2025-06-19 10:55:07,171 auth 16040 24400 Настройки CSRF cookie: {'csrf_cookie': {'name': 'csrftoken', 'secure': False, 'httponly': False, 'samesite': 'Lax'}}
INFO 2025-06-19 10:55:07,172 basehttp 16040 24400 "GET /api/auth/csrf/ HTTP/1.1" 200 58
DEBUG 2025-06-19 10:55:07,481 middleware 16040 24400 Request from origin: http://localhost:3000
DEBUG 2025-06-19 10:55:07,482 middleware 16040 24400 CSRF Processing path: api/auth/csrf/, Method: GET
DEBUG 2025-06-19 10:55:07,482 middleware 16040 24400 CSRF token in cookie: True
DEBUG 2025-06-19 10:55:07,482 middleware 16040 24400 CSRF token in header: False
DEBUG 2025-06-19 10:55:07,483 middleware 16040 24400 CSRF cookie token (first 6): vijtPZ...
INFO 2025-06-19 10:55:07,485 auth 16040 24400 Запрос CSRF токена
INFO 2025-06-19 10:55:07,485 auth 16040 24400 CSRF запрос от Origin: http://localhost:3000, Referer: http://localhost:3000/
DEBUG 2025-06-19 10:55:07,485 auth 16040 24400 User-Agent: Mozilla/5.0 (Windows NT 10.0; Win64; x64) AppleWebKit/537.36 (KHTML, like Gecko) Chrome/134.0.0.0 Safari/537.36 OPR/119.0.0.0
INFO 2025-06-19 10:55:07,486 auth 16040 24400 CSRF токен сгенерирован: 18pulm... (первые 6 символов)
DEBUG 2025-06-19 10:55:07,486 auth 16040 24400 Настройки CSRF cookie: {'csrf_cookie': {'name': 'csrftoken', 'secure': False, 'httponly': False, 'samesite': 'Lax'}}
INFO 2025-06-19 10:55:07,487 basehttp 16040 24400 "GET /api/auth/csrf/ HTTP/1.1" 200 58
DEBUG 2025-06-19 10:55:07,792 middleware 16040 24400 Request from origin: http://localhost:3000
DEBUG 2025-06-19 10:55:07,793 middleware 16040 24400 CSRF Processing path: api/auth/login/, Method: POST
DEBUG 2025-06-19 10:55:07,793 middleware 16040 24400 CSRF token in cookie: True
DEBUG 2025-06-19 10:55:07,793 middleware 16040 24400 CSRF token in header: True
DEBUG 2025-06-19 10:55:07,794 middleware 16040 24400 CSRF cookie token (first 6): vijtPZ...
DEBUG 2025-06-19 10:55:07,794 middleware 16040 24400 CSRF header token (first 6): vijtPZ...
INFO 2025-06-19 10:55:07,797 auth 16040 24400 Попытка входа с email: hello@gmail.com
DEBUG 2025-06-19 10:55:07,797 auth 16040 24400 Запрос входа: {'email': 'hello@gmail.com', 'password': 'A166DB701'}
INFO 2025-06-19 10:55:07,797 auth 16040 24400 CSRF токен в заголовке: vijtPZ...
INFO 2025-06-19 10:55:07,797 auth 16040 24400 Origin заголовок: http://localhost:3000
INFO 2025-06-19 10:55:07,798 auth 16040 24400 HTTP метод: POST
INFO 2025-06-19 10:55:07,798 auth 16040 24400 Content-Type: application/json
INFO 2025-06-19 10:55:07,798 auth 16040 24400 Cookies: {'sessionid': 'fj5o25xybhdrci5nu0tictpekeb0kw56', 'csrftoken': 'vijtPZfa0N1qOF5G8h8ZPjLtRwm9I83u'}
INFO 2025-06-19 10:55:07,798 auth 16040 24400 HTTP_X_CSRFTOKEN: vijtPZ...
INFO 2025-06-19 10:55:07,798 auth 16040 24400 Cookie CSRF: vijtPZ...
INFO 2025-06-19 10:55:07,799 auth 16040 24400 CSRF токены совпадают: True
INFO 2025-06-19 10:55:07,799 auth 16040 24400 Проверка учетной записи: hello@gmail.com
INFO 2025-06-19 10:55:08,149 auth 16040 24400 Успешный вход пользователя: Hello
INFO 2025-06-19 10:55:08,151 auth 16040 24400 Пользователь Hello является владельцем ресторана Aliya
INFO 2025-06-19 10:55:08,151 auth 16040 24400 Данные для отправки: {'id': 2, 'email': 'hello@gmail.com', 'name': 'Hello', 'cafe_id': 1, 'role': 'owner'}
INFO 2025-06-19 10:55:08,158 basehttp 16040 24400 "POST /api/auth/login/ HTTP/1.1" 200 76
DEBUG 2025-06-19 10:55:08,169 middleware 16040 24400 Request from origin: http://localhost:3000
INFO 2025-06-19 10:55:08,175 basehttp 16040 24400 "GET /api/cafes/1/ HTTP/1.1" 200 447
DEBUG 2025-06-19 10:55:08,177 middleware 16040 24400 Request from origin: http://localhost:3000
DEBUG 2025-06-19 10:55:08,178 middleware 16040 26720 Request from origin: http://localhost:3000
INFO 2025-06-19 10:55:08,186 basehttp 16040 24400 "GET /api/cafes/1/ HTTP/1.1" 200 447
INFO 2025-06-19 10:55:08,189 basehttp 16040 26720 "GET /api/cafes/1/statistics/ HTTP/1.1" 200 87
DEBUG 2025-06-19 10:55:08,190 middleware 16040 26720 Request from origin: http://localhost:3000
DEBUG 2025-06-19 10:55:08,192 middleware 16040 24400 Request from origin: http://localhost:3000
INFO 2025-06-19 10:55:08,200 basehttp 16040 26720 "GET /api/cafes/1/statistics/ HTTP/1.1" 200 87
INFO 2025-06-19 10:55:08,211 basehttp 16040 24400 "GET /api/orders/?cafe=1 HTTP/1.1" 200 2112
DEBUG 2025-06-19 10:55:08,213 middleware 16040 24400 Request from origin: http://localhost:3000
INFO 2025-06-19 10:55:08,229 basehttp 16040 24400 "GET /api/orders/?cafe=1 HTTP/1.1" 200 2112
DEBUG 2025-06-19 10:55:12,440 middleware 16040 13164 Request from origin: 
INFO 2025-06-19 10:55:12,476 basehttp 16040 13164 "GET /admin/ HTTP/1.1" 200 12233
DEBUG 2025-06-19 10:55:15,250 middleware 16040 13164 Request from origin: 
INFO 2025-06-19 10:55:15,290 basehttp 16040 13164 "GET /admin/cafes/order/ HTTP/1.1" 200 18440
DEBUG 2025-06-19 10:55:15,315 middleware 16040 13164 Request from origin: 
INFO 2025-06-19 10:55:15,321 basehttp 16040 13164 "GET /admin/jsi18n/ HTTP/1.1" 200 17546
DEBUG 2025-06-19 10:55:28,323 middleware 16040 13164 Request from origin: 
WARNING 2025-06-19 10:55:28,331 log 16040 13164 Not Found: /favicon.ico
WARNING 2025-06-19 10:55:28,331 basehttp 16040 13164 "GET /favicon.ico HTTP/1.1" 404 2340
DEBUG 2025-06-19 10:55:39,427 middleware 16040 13164 Request from origin: http://127.0.0.1:8000
INFO 2025-06-19 10:55:39,450 basehttp 16040 13164 "POST /admin/cafes/order/ HTTP/1.1" 200 10734
INFO 2025-06-19 10:55:39,470 basehttp 16040 13164 "GET /static/admin/js/cancel.js HTTP/1.1" 200 884
DEBUG 2025-06-19 10:55:40,278 middleware 16040 13164 Request from origin: http://127.0.0.1:8000
INFO 2025-06-19 10:55:40,356 basehttp 16040 13164 "POST /admin/cafes/order/ HTTP/1.1" 302 0
DEBUG 2025-06-19 10:55:40,359 middleware 16040 13164 Request from origin: 
INFO 2025-06-19 10:55:40,373 basehttp 16040 13164 "GET /admin/cafes/order/ HTTP/1.1" 200 11325
DEBUG 2025-06-19 10:55:40,400 middleware 16040 13164 Request from origin: 
INFO 2025-06-19 10:55:40,405 basehttp 16040 13164 "GET /admin/jsi18n/ HTTP/1.1" 200 17546
INFO 2025-06-19 10:55:40,418 basehttp 16040 13164 "GET /static/admin/img/icon-yes.svg HTTP/1.1" 200 436
DEBUG 2025-06-19 10:55:44,186 middleware 16040 24400 Request from origin: http://localhost:3000
DEBUG 2025-06-19 10:55:44,193 views 16040 24400 Menu item: Шурпа, image: 'http://localhost:8000/media/menu_items/1ef19980-8e08-45b7-aff2-5292b5797aa9_kJopm0u.jpeg', image_full_url: 'http://localhost:8000/media/menu_items/1ef19980-8e08-45b7-aff2-5292b5797aa9_kJopm0u.jpeg'
INFO 2025-06-19 10:55:44,194 basehttp 16040 24400 "GET /api/menu-items/?cafe=1 HTTP/1.1" 200 471
DEBUG 2025-06-19 10:55:44,196 middleware 16040 24400 Request from origin: http://localhost:3000
DEBUG 2025-06-19 10:55:44,203 views 16040 24400 Menu item: Шурпа, image: 'http://localhost:8000/media/menu_items/1ef19980-8e08-45b7-aff2-5292b5797aa9_kJopm0u.jpeg', image_full_url: 'http://localhost:8000/media/menu_items/1ef19980-8e08-45b7-aff2-5292b5797aa9_kJopm0u.jpeg'
INFO 2025-06-19 10:55:44,204 basehttp 16040 24400 "GET /api/menu-items/?cafe=1 HTTP/1.1" 200 471
DEBUG 2025-06-19 10:55:45,704 middleware 16040 19724 Request from origin: http://localhost:3000
INFO 2025-06-19 10:55:45,707 views 16040 19724 Health check запрос от 127.0.0.1: ok
INFO 2025-06-19 10:55:45,707 basehttp 16040 19724 "GET /api/health/ HTTP/1.1" 200 252
DEBUG 2025-06-19 10:55:45,709 middleware 16040 19724 Request from origin: http://localhost:3000
INFO 2025-06-19 10:55:45,711 views 16040 19724 Health check запрос от 127.0.0.1: ok
INFO 2025-06-19 10:55:45,712 basehttp 16040 19724 "GET /api/health/ HTTP/1.1" 200 252
DEBUG 2025-06-19 10:55:45,714 middleware 16040 19724 Request from origin: http://localhost:3000
DEBUG 2025-06-19 10:55:45,716 middleware 16040 24400 Request from origin: http://localhost:3000
INFO 2025-06-19 10:55:45,719 basehttp 16040 19724 "GET /api/cities/ HTTP/1.1" 200 168
DEBUG 2025-06-19 10:55:45,721 middleware 16040 19724 Request from origin: http://localhost:3000
DEBUG 2025-06-19 10:55:45,724 middleware 16040 27260 Request from origin: http://localhost:3000
INFO 2025-06-19 10:55:45,727 basehttp 16040 24400 "GET /api/cafes/1/ HTTP/1.1" 200 447
DEBUG 2025-06-19 10:55:45,730 middleware 16040 24400 Request from origin: http://localhost:3000
INFO 2025-06-19 10:55:45,730 basehttp 16040 19724 "GET /api/cities/ HTTP/1.1" 200 168
INFO 2025-06-19 10:55:45,739 basehttp 16040 24400 "GET /api/cafes/1/ HTTP/1.1" 200 447
INFO 2025-06-19 10:55:45,739 basehttp 16040 27260 "GET /api/cafes/?city=1&t=1750301745720 HTTP/1.1" 200 499
DEBUG 2025-06-19 10:55:45,745 middleware 16040 24400 Request from origin: http://localhost:3000
DEBUG 2025-06-19 10:55:45,746 middleware 16040 27260 Request from origin: http://localhost:3000
DEBUG 2025-06-19 10:55:45,748 middleware 16040 19724 Request from origin: http://localhost:3000
DEBUG 2025-06-19 10:55:45,756 views 16040 19724 Menu item: Шурпа, image: 'http://localhost:8000/media/menu_items/1ef19980-8e08-45b7-aff2-5292b5797aa9_kJopm0u.jpeg', image_full_url: 'http://localhost:8000/media/menu_items/1ef19980-8e08-45b7-aff2-5292b5797aa9_kJopm0u.jpeg'
INFO 2025-06-19 10:55:45,760 basehttp 16040 27260 "GET /api/cafes/?city=1&t=1750301745744 HTTP/1.1" 200 499
INFO 2025-06-19 10:55:45,760 basehttp 16040 19724 "GET /api/menu-items/?cafe=1 HTTP/1.1" 200 471
INFO 2025-06-19 10:55:45,763 basehttp 16040 24400 "GET /api/cafes/1/statistics/ HTTP/1.1" 200 79
DEBUG 2025-06-19 10:55:45,765 middleware 16040 24400 Request from origin: http://localhost:3000
DEBUG 2025-06-19 10:55:45,770 middleware 16040 19724 Request from origin: http://localhost:3000
DEBUG 2025-06-19 10:55:45,771 middleware 16040 26720 Request from origin: http://localhost:3000
INFO 2025-06-19 10:55:45,778 basehttp 16040 24400 "GET /api/cafes/1/statistics/ HTTP/1.1" 200 79
DEBUG 2025-06-19 10:55:45,782 views 16040 19724 Menu item: Шурпа, image: 'http://localhost:8000/media/menu_items/1ef19980-8e08-45b7-aff2-5292b5797aa9_kJopm0u.jpeg', image_full_url: 'http://localhost:8000/media/menu_items/1ef19980-8e08-45b7-aff2-5292b5797aa9_kJopm0u.jpeg'
INFO 2025-06-19 10:55:45,782 basehttp 16040 26720 "GET /api/orders/?cafe=1 HTTP/1.1" 200 52
INFO 2025-06-19 10:55:45,783 basehttp 16040 19724 "GET /api/menu-items/?cafe=1 HTTP/1.1" 200 471
DEBUG 2025-06-19 10:55:45,784 middleware 16040 26720 Request from origin: http://localhost:3000
INFO 2025-06-19 10:55:45,790 basehttp 16040 26720 "GET /api/orders/?cafe=1 HTTP/1.1" 200 52
DEBUG 2025-06-19 10:55:53,180 middleware 16040 26720 Request from origin: http://localhost:3000
DEBUG 2025-06-19 10:55:53,181 middleware 16040 26720 CSRF Processing path: api/auth/csrf/, Method: GET
DEBUG 2025-06-19 10:55:53,181 middleware 16040 26720 CSRF token in cookie: True
DEBUG 2025-06-19 10:55:53,181 middleware 16040 26720 CSRF token in header: False
DEBUG 2025-06-19 10:55:53,181 middleware 16040 26720 CSRF cookie token (first 6): fykaYZ...
INFO 2025-06-19 10:55:53,184 auth 16040 26720 Запрос CSRF токена
INFO 2025-06-19 10:55:53,185 auth 16040 26720 CSRF запрос от Origin: http://localhost:3000, Referer: http://localhost:3000/
DEBUG 2025-06-19 10:55:53,185 auth 16040 26720 User-Agent: Mozilla/5.0 (Windows NT 10.0; Win64; x64) AppleWebKit/537.36 (KHTML, like Gecko) Chrome/134.0.0.0 Safari/537.36 OPR/119.0.0.0
INFO 2025-06-19 10:55:53,185 auth 16040 26720 CSRF токен сгенерирован: uS6slQ... (первые 6 символов)
DEBUG 2025-06-19 10:55:53,186 auth 16040 26720 Настройки CSRF cookie: {'csrf_cookie': {'name': 'csrftoken', 'secure': False, 'httponly': False, 'samesite': 'Lax'}}
INFO 2025-06-19 10:55:53,187 basehttp 16040 26720 "GET /api/auth/csrf/ HTTP/1.1" 200 58
DEBUG 2025-06-19 10:55:53,189 middleware 16040 26720 Request from origin: http://localhost:3000
DEBUG 2025-06-19 10:55:53,190 middleware 16040 26720 CSRF Processing path: api/auth/csrf/, Method: GET
DEBUG 2025-06-19 10:55:53,190 middleware 16040 26720 CSRF token in cookie: True
DEBUG 2025-06-19 10:55:53,190 middleware 16040 26720 CSRF token in header: False
DEBUG 2025-06-19 10:55:53,190 middleware 16040 26720 CSRF cookie token (first 6): fykaYZ...
INFO 2025-06-19 10:55:53,194 auth 16040 26720 Запрос CSRF токена
INFO 2025-06-19 10:55:53,194 auth 16040 26720 CSRF запрос от Origin: http://localhost:3000, Referer: http://localhost:3000/
DEBUG 2025-06-19 10:55:53,195 auth 16040 26720 User-Agent: Mozilla/5.0 (Windows NT 10.0; Win64; x64) AppleWebKit/537.36 (KHTML, like Gecko) Chrome/134.0.0.0 Safari/537.36 OPR/119.0.0.0
INFO 2025-06-19 10:55:53,195 auth 16040 26720 CSRF токен сгенерирован: 3mKtgF... (первые 6 символов)
DEBUG 2025-06-19 10:55:53,195 auth 16040 26720 Настройки CSRF cookie: {'csrf_cookie': {'name': 'csrftoken', 'secure': False, 'httponly': False, 'samesite': 'Lax'}}
INFO 2025-06-19 10:55:53,196 basehttp 16040 26720 "GET /api/auth/csrf/ HTTP/1.1" 200 58
INFO 2025-06-19 10:55:53,492 basehttp 16040 28152 "OPTIONS /api/orders/?client_order_id=1750301753163-92pl09 HTTP/1.1" 200 0
DEBUG 2025-06-19 10:55:53,494 middleware 16040 26720 Request from origin: http://localhost:3000
INFO 2025-06-19 10:55:53,497 views 16040 26720 Filtering orders by client_order_id: '1750301753163-92pl09'
INFO 2025-06-19 10:55:53,498 views 16040 26720 Found 0 orders with client_order_id '1750301753163-92pl09'
INFO 2025-06-19 10:55:53,500 basehttp 16040 26720 "GET /api/orders/?client_order_id=1750301753163-92pl09 HTTP/1.1" 200 52
DEBUG 2025-06-19 10:55:53,502 middleware 16040 26720 Request from origin: http://localhost:3000
DEBUG 2025-06-19 10:55:53,504 middleware 16040 24400 Request from origin: http://localhost:3000
DEBUG 2025-06-19 10:55:53,505 middleware 16040 24400 CSRF Processing path: api/auth/csrf/, Method: GET
INFO 2025-06-19 10:55:53,506 views 16040 26720 Filtering orders by client_order_id: '1750301753163-92pl09'
DEBUG 2025-06-19 10:55:53,506 middleware 16040 24400 CSRF token in cookie: True
DEBUG 2025-06-19 10:55:53,507 middleware 16040 24400 CSRF token in header: False
INFO 2025-06-19 10:55:53,507 views 16040 26720 Found 0 orders with client_order_id '1750301753163-92pl09'
DEBUG 2025-06-19 10:55:53,507 middleware 16040 24400 CSRF cookie token (first 6): fykaYZ...
INFO 2025-06-19 10:55:53,509 basehttp 16040 26720 "GET /api/orders/?client_order_id=1750301753163-92pl09 HTTP/1.1" 200 52
INFO 2025-06-19 10:55:53,511 auth 16040 24400 Запрос CSRF токена
INFO 2025-06-19 10:55:53,512 auth 16040 24400 CSRF запрос от Origin: http://localhost:3000, Referer: http://localhost:3000/
DEBUG 2025-06-19 10:55:53,512 auth 16040 24400 User-Agent: Mozilla/5.0 (Windows NT 10.0; Win64; x64) AppleWebKit/537.36 (KHTML, like Gecko) Chrome/134.0.0.0 Safari/537.36 OPR/119.0.0.0
INFO 2025-06-19 10:55:53,512 auth 16040 24400 CSRF токен сгенерирован: gdhuiz... (первые 6 символов)
DEBUG 2025-06-19 10:55:53,513 auth 16040 24400 Настройки CSRF cookie: {'csrf_cookie': {'name': 'csrftoken', 'secure': False, 'httponly': False, 'samesite': 'Lax'}}
INFO 2025-06-19 10:55:53,513 basehttp 16040 24400 "GET /api/auth/csrf/ HTTP/1.1" 200 58
DEBUG 2025-06-19 10:55:53,515 middleware 16040 24400 Request from origin: http://localhost:3000
DEBUG 2025-06-19 10:55:53,515 middleware 16040 24400 CSRF Processing path: api/auth/csrf/, Method: GET
DEBUG 2025-06-19 10:55:53,516 middleware 16040 24400 CSRF token in cookie: True
DEBUG 2025-06-19 10:55:53,516 middleware 16040 24400 CSRF token in header: False
DEBUG 2025-06-19 10:55:53,516 middleware 16040 24400 CSRF cookie token (first 6): fykaYZ...
INFO 2025-06-19 10:55:53,519 auth 16040 24400 Запрос CSRF токена
INFO 2025-06-19 10:55:53,519 auth 16040 24400 CSRF запрос от Origin: http://localhost:3000, Referer: http://localhost:3000/
DEBUG 2025-06-19 10:55:53,520 auth 16040 24400 User-Agent: Mozilla/5.0 (Windows NT 10.0; Win64; x64) AppleWebKit/537.36 (KHTML, like Gecko) Chrome/134.0.0.0 Safari/537.36 OPR/119.0.0.0
INFO 2025-06-19 10:55:53,520 auth 16040 24400 CSRF токен сгенерирован: Yla7HH... (первые 6 символов)
DEBUG 2025-06-19 10:55:53,520 auth 16040 24400 Настройки CSRF cookie: {'csrf_cookie': {'name': 'csrftoken', 'secure': False, 'httponly': False, 'samesite': 'Lax'}}
INFO 2025-06-19 10:55:53,521 basehttp 16040 24400 "GET /api/auth/csrf/ HTTP/1.1" 200 58
DEBUG 2025-06-19 10:55:53,824 middleware 16040 24400 Request from origin: http://localhost:3000
DEBUG 2025-06-19 10:55:53,825 middleware 16040 26720 Request from origin: http://localhost:3000
INFO 2025-06-19 10:55:53,830 views 16040 24400 Creating order with customer_name: '123', client_order_id: '1750301753163-92pl09', order_type: 'pickup'
INFO 2025-06-19 10:55:53,832 views 16040 24400 Request data: {'cafe': 1, 'order_type': 'pickup', 'status': 'new', 'total_price': 123, 'client_order_id': '1750301753163-92pl09', 'customer_name': '123'}
INFO 2025-06-19 10:55:53,832 views 16040 26720 Creating order with customer_name: '123', client_order_id: '1750301753163-92pl09', order_type: 'pickup'
INFO 2025-06-19 10:55:53,832 views 16040 24400 User is authenticated: Hello
INFO 2025-06-19 10:55:53,832 views 16040 26720 Request data: {'cafe': 1, 'order_type': 'pickup', 'status': 'new', 'total_price': 123, 'client_order_id': '1750301753163-92pl09', 'customer_name': '123'}
INFO 2025-06-19 10:55:53,833 views 16040 26720 User is authenticated: Hello
INFO 2025-06-19 10:55:53,838 views 16040 24400 Order created successfully with ID: 17, order_type: pickup, client_order_id: 1750301753163-92pl09
INFO 2025-06-19 10:55:53,840 basehttp 16040 24400 "POST /api/orders/ HTTP/1.1" 201 261
INFO 2025-06-19 10:55:53,857 views 16040 26720 Order created successfully with ID: 18, order_type: pickup, client_order_id: 1750301753163-92pl09
INFO 2025-06-19 10:55:53,859 basehttp 16040 26720 "POST /api/orders/ HTTP/1.1" 201 261
DEBUG 2025-06-19 10:55:54,581 middleware 16040 19724 Request from origin: http://localhost:3000
INFO 2025-06-19 10:55:54,584 views 16040 19724 Health check запрос от 127.0.0.1: ok
INFO 2025-06-19 10:55:54,585 basehttp 16040 19724 "GET /api/health/ HTTP/1.1" 200 252
DEBUG 2025-06-19 10:55:54,587 middleware 16040 19724 Request from origin: http://localhost:3000
INFO 2025-06-19 10:55:54,589 views 16040 19724 Health check запрос от 127.0.0.1: ok
DEBUG 2025-06-19 10:55:54,590 middleware 16040 27260 Request from origin: http://localhost:3000
INFO 2025-06-19 10:55:54,590 basehttp 16040 19724 "GET /api/health/ HTTP/1.1" 200 250
DEBUG 2025-06-19 10:55:54,593 middleware 16040 26720 Request from origin: http://localhost:3000
INFO 2025-06-19 10:55:54,595 basehttp 16040 27260 "GET /api/cities/ HTTP/1.1" 200 168
DEBUG 2025-06-19 10:55:54,598 middleware 16040 27260 Request from origin: http://localhost:3000
DEBUG 2025-06-19 10:55:54,602 middleware 16040 19724 Request from origin: http://localhost:3000
INFO 2025-06-19 10:55:54,606 basehttp 16040 26720 "GET /api/cafes/1/ HTTP/1.1" 200 447
DEBUG 2025-06-19 10:55:54,607 middleware 16040 24400 Request from origin: http://localhost:3000
INFO 2025-06-19 10:55:54,608 basehttp 16040 27260 "GET /api/cities/ HTTP/1.1" 200 168
DEBUG 2025-06-19 10:55:54,611 middleware 16040 26720 Request from origin: http://localhost:3000
DEBUG 2025-06-19 10:55:54,613 middleware 16040 27260 Request from origin: http://localhost:3000
INFO 2025-06-19 10:55:54,614 basehttp 16040 19724 "GET /api/cafes/?city=1&t=1750301754598 HTTP/1.1" 200 499
DEBUG 2025-06-19 10:55:54,620 middleware 16040 19724 Request from origin: http://localhost:3000
INFO 2025-06-19 10:55:54,624 basehttp 16040 24400 "GET /api/cafes/1/ HTTP/1.1" 200 447
INFO 2025-06-19 10:55:54,627 basehttp 16040 27260 "GET /api/cafes/?city=1&t=1750301754609 HTTP/1.1" 200 499
INFO 2025-06-19 10:55:54,629 basehttp 16040 26720 "GET /api/cafes/1/statistics/ HTTP/1.1" 200 87
DEBUG 2025-06-19 10:55:54,631 middleware 16040 26720 Request from origin: http://localhost:3000
DEBUG 2025-06-19 10:55:54,632 middleware 16040 24400 Request from origin: http://localhost:3000
DEBUG 2025-06-19 10:55:54,635 views 16040 19724 Menu item: Шурпа, image: 'http://localhost:8000/media/menu_items/1ef19980-8e08-45b7-aff2-5292b5797aa9_kJopm0u.jpeg', image_full_url: 'http://localhost:8000/media/menu_items/1ef19980-8e08-45b7-aff2-5292b5797aa9_kJopm0u.jpeg'
INFO 2025-06-19 10:55:54,636 basehttp 16040 19724 "GET /api/menu-items/?cafe=1 HTTP/1.1" 200 471
DEBUG 2025-06-19 10:55:54,639 middleware 16040 19724 Request from origin: http://localhost:3000
DEBUG 2025-06-19 10:55:54,644 views 16040 19724 Menu item: Шурпа, image: 'http://localhost:8000/media/menu_items/1ef19980-8e08-45b7-aff2-5292b5797aa9_kJopm0u.jpeg', image_full_url: 'http://localhost:8000/media/menu_items/1ef19980-8e08-45b7-aff2-5292b5797aa9_kJopm0u.jpeg'
INFO 2025-06-19 10:55:54,644 basehttp 16040 26720 "GET /api/cafes/1/statistics/ HTTP/1.1" 200 87
INFO 2025-06-19 10:55:54,645 basehttp 16040 19724 "GET /api/menu-items/?cafe=1 HTTP/1.1" 200 471
INFO 2025-06-19 10:55:54,654 basehttp 16040 24400 "GET /api/orders/?cafe=1 HTTP/1.1" 200 575
DEBUG 2025-06-19 10:55:54,656 middleware 16040 24400 Request from origin: http://localhost:3000
INFO 2025-06-19 10:55:54,666 basehttp 16040 24400 "GET /api/orders/?cafe=1 HTTP/1.1" 200 575
DEBUG 2025-06-19 10:56:02,865 middleware 16040 13164 Request from origin: 
INFO 2025-06-19 10:56:02,881 basehttp 16040 13164 "GET /admin/cafes/order/ HTTP/1.1" 200 14770
DEBUG 2025-06-19 10:56:02,899 middleware 16040 13164 Request from origin: 
INFO 2025-06-19 10:56:02,903 basehttp 16040 13164 "GET /admin/jsi18n/ HTTP/1.1" 200 17546
INFO 2025-06-19 11:00:57,738 autoreload 12104 28564 Watching for file changes with StatReloader
INFO 2025-06-19 11:00:58,310 middleware 12104 6860 CORS Middleware initialized with allowed origins: ['http://localhost', 'http://localhost:3000', 'http://localhost:80', 'http://127.0.0.1', 'http://127.0.0.1:3000', 'http://127.0.0.1:80', 'http://frontend', 'http://localhost:3001', 'http://127.0.0.1:3001', 'http://localhost:8000', 'http://127.0.0.1:8000', 'https://ec4db675c64c9f.lhr.life']
INFO 2025-06-19 11:00:58,311 middleware 12104 6860 Custom CSRF Middleware initialized with exempt paths: ['/api/auth/login/', '/api/auth/csrf/']
DEBUG 2025-06-19 11:01:11,500 middleware 12104 19872 Request from origin: http://localhost:3000
INFO 2025-06-19 11:01:11,505 views 12104 19872 Health check запрос от 127.0.0.1: ok
INFO 2025-06-19 11:01:11,506 basehttp 12104 19872 "GET /api/health/ HTTP/1.1" 200 250
DEBUG 2025-06-19 11:01:11,508 middleware 12104 19872 Request from origin: http://localhost:3000
INFO 2025-06-19 11:01:11,510 views 12104 19872 Health check запрос от 127.0.0.1: ok
INFO 2025-06-19 11:01:11,511 basehttp 12104 19872 "GET /api/health/ HTTP/1.1" 200 252
DEBUG 2025-06-19 11:01:11,531 middleware 12104 19872 Request from origin: http://localhost:3000
INFO 2025-06-19 11:01:11,537 basehttp 12104 19872 "GET /api/cities/ HTTP/1.1" 200 168
DEBUG 2025-06-19 11:01:11,539 middleware 12104 19872 Request from origin: http://localhost:3000
INFO 2025-06-19 11:01:11,543 basehttp 12104 19872 "GET /api/cities/ HTTP/1.1" 200 168
DEBUG 2025-06-19 11:01:11,549 middleware 12104 19872 Request from origin: http://localhost:3000
DEBUG 2025-06-19 11:01:11,551 middleware 12104 26992 Request from origin: http://localhost:3000
INFO 2025-06-19 11:01:11,559 basehttp 12104 19872 "GET /api/cafes/?city=1&t=1750302071547 HTTP/1.1" 200 499
INFO 2025-06-19 11:01:11,560 basehttp 12104 26992 "GET /api/cafes/?city=1&t=1750302071548 HTTP/1.1" 200 499
DEBUG 2025-06-19 11:01:11,563 middleware 12104 26992 Request from origin: http://localhost:3000
DEBUG 2025-06-19 11:01:11,568 views 12104 26992 Menu item: Шурпа, image: 'http://localhost:8000/media/menu_items/1ef19980-8e08-45b7-aff2-5292b5797aa9_kJopm0u.jpeg', image_full_url: 'http://localhost:8000/media/menu_items/1ef19980-8e08-45b7-aff2-5292b5797aa9_kJopm0u.jpeg'
INFO 2025-06-19 11:01:11,568 basehttp 12104 26992 "GET /api/menu-items/?cafe=1 HTTP/1.1" 200 471
DEBUG 2025-06-19 11:01:11,570 middleware 12104 26992 Request from origin: http://localhost:3000
DEBUG 2025-06-19 11:01:11,574 views 12104 26992 Menu item: Шурпа, image: 'http://localhost:8000/media/menu_items/1ef19980-8e08-45b7-aff2-5292b5797aa9_kJopm0u.jpeg', image_full_url: 'http://localhost:8000/media/menu_items/1ef19980-8e08-45b7-aff2-5292b5797aa9_kJopm0u.jpeg'
INFO 2025-06-19 11:01:11,574 basehttp 12104 26992 "GET /api/menu-items/?cafe=1 HTTP/1.1" 200 471
DEBUG 2025-06-19 11:01:12,157 middleware 12104 26992 Request from origin: http://localhost:3000
INFO 2025-06-19 11:01:12,160 views 12104 26992 Health check запрос от 127.0.0.1: ok
INFO 2025-06-19 11:01:12,161 basehttp 12104 26992 "GET /api/health/ HTTP/1.1" 200 251
DEBUG 2025-06-19 11:01:12,162 middleware 12104 26992 Request from origin: http://localhost:3000
INFO 2025-06-19 11:01:12,165 views 12104 26992 Health check запрос от 127.0.0.1: ok
INFO 2025-06-19 11:01:12,166 basehttp 12104 26992 "GET /api/health/ HTTP/1.1" 200 252
DEBUG 2025-06-19 11:01:12,170 middleware 12104 26992 Request from origin: http://localhost:3000
INFO 2025-06-19 11:01:12,174 basehttp 12104 26992 "GET /api/cities/ HTTP/1.1" 200 168
DEBUG 2025-06-19 11:01:12,180 middleware 12104 26992 Request from origin: http://localhost:3000
DEBUG 2025-06-19 11:01:12,182 middleware 12104 19872 Request from origin: http://localhost:3000
INFO 2025-06-19 11:01:12,188 basehttp 12104 26992 "GET /api/cities/ HTTP/1.1" 200 168
INFO 2025-06-19 11:01:12,190 basehttp 12104 19872 "GET /api/cafes/?city=1&t=1750302072179 HTTP/1.1" 200 499
DEBUG 2025-06-19 11:01:12,191 middleware 12104 26992 Request from origin: http://localhost:3000
DEBUG 2025-06-19 11:01:12,194 middleware 12104 19872 Request from origin: http://localhost:3000
INFO 2025-06-19 11:01:12,200 basehttp 12104 26992 "GET /api/cafes/?city=1&t=1750302072188 HTTP/1.1" 200 499
DEBUG 2025-06-19 11:01:12,211 views 12104 19872 Menu item: Шурпа, image: 'http://localhost:8000/media/menu_items/1ef19980-8e08-45b7-aff2-5292b5797aa9_kJopm0u.jpeg', image_full_url: 'http://localhost:8000/media/menu_items/1ef19980-8e08-45b7-aff2-5292b5797aa9_kJopm0u.jpeg'
INFO 2025-06-19 11:01:12,212 basehttp 12104 19872 "GET /api/menu-items/?cafe=1 HTTP/1.1" 200 471
DEBUG 2025-06-19 11:01:12,213 middleware 12104 19872 Request from origin: http://localhost:3000
DEBUG 2025-06-19 11:01:12,217 views 12104 19872 Menu item: Шурпа, image: 'http://localhost:8000/media/menu_items/1ef19980-8e08-45b7-aff2-5292b5797aa9_kJopm0u.jpeg', image_full_url: 'http://localhost:8000/media/menu_items/1ef19980-8e08-45b7-aff2-5292b5797aa9_kJopm0u.jpeg'
INFO 2025-06-19 11:01:12,218 basehttp 12104 19872 "GET /api/menu-items/?cafe=1 HTTP/1.1" 200 471
DEBUG 2025-06-19 11:01:12,481 middleware 12104 29348 Request from origin: http://localhost:3000
INFO 2025-06-19 11:01:12,489 basehttp 12104 29348 "GET /api/cafes/1/ HTTP/1.1" 200 447
DEBUG 2025-06-19 11:01:12,491 middleware 12104 29348 Request from origin: http://localhost:3000
INFO 2025-06-19 11:01:12,497 basehttp 12104 29348 "GET /api/cafes/1/ HTTP/1.1" 200 447
DEBUG 2025-06-19 11:01:12,499 middleware 12104 29348 Request from origin: http://localhost:3000
INFO 2025-06-19 11:01:12,505 basehttp 12104 29348 "GET /api/cafes/1/statistics/ HTTP/1.1" 200 87
DEBUG 2025-06-19 11:01:12,515 middleware 12104 29348 Request from origin: http://localhost:3000
INFO 2025-06-19 11:01:12,522 basehttp 12104 29348 "GET /api/cafes/1/statistics/ HTTP/1.1" 200 87
DEBUG 2025-06-19 11:01:12,523 middleware 12104 29348 Request from origin: http://localhost:3000
INFO 2025-06-19 11:01:12,534 basehttp 12104 29348 "GET /api/orders/?cafe=1 HTTP/1.1" 200 313
DEBUG 2025-06-19 11:01:12,538 middleware 12104 29348 Request from origin: http://localhost:3000
INFO 2025-06-19 11:01:12,548 basehttp 12104 29348 "GET /api/orders/?cafe=1 HTTP/1.1" 200 313
DEBUG 2025-06-19 11:01:13,367 middleware 12104 19872 Request from origin: http://localhost:3000
INFO 2025-06-19 11:01:13,370 views 12104 19872 Health check запрос от 127.0.0.1: ok
INFO 2025-06-19 11:01:13,371 basehttp 12104 19872 "GET /api/health/ HTTP/1.1" 200 251
DEBUG 2025-06-19 11:01:13,373 middleware 12104 19872 Request from origin: http://localhost:3000
INFO 2025-06-19 11:01:13,376 views 12104 19872 Health check запрос от 127.0.0.1: ok
INFO 2025-06-19 11:01:13,378 basehttp 12104 19872 "GET /api/health/ HTTP/1.1" 200 251
DEBUG 2025-06-19 11:01:13,380 middleware 12104 19872 Request from origin: http://localhost:3000
DEBUG 2025-06-19 11:01:13,384 middleware 12104 29348 Request from origin: http://localhost:3000
INFO 2025-06-19 11:01:13,387 basehttp 12104 19872 "GET /api/cities/ HTTP/1.1" 200 168
DEBUG 2025-06-19 11:01:13,388 middleware 12104 19872 Request from origin: http://localhost:3000
DEBUG 2025-06-19 11:01:13,390 middleware 12104 26992 Request from origin: http://localhost:3000
INFO 2025-06-19 11:01:13,394 basehttp 12104 19872 "GET /api/cities/ HTTP/1.1" 200 168
INFO 2025-06-19 11:01:13,400 basehttp 12104 26992 "GET /api/cafes/?city=1&t=1750302073388 HTTP/1.1" 200 499
INFO 2025-06-19 11:01:13,401 basehttp 12104 29348 "GET /api/cafes/1/ HTTP/1.1" 200 447
DEBUG 2025-06-19 11:01:13,402 middleware 12104 29348 Request from origin: http://localhost:3000
INFO 2025-06-19 11:01:13,408 basehttp 12104 29348 "GET /api/cafes/1/ HTTP/1.1" 200 447
DEBUG 2025-06-19 11:01:13,414 middleware 12104 26992 Request from origin: http://localhost:3000
DEBUG 2025-06-19 11:01:13,414 middleware 12104 19872 Request from origin: http://localhost:3000
DEBUG 2025-06-19 11:01:13,415 middleware 12104 29348 Request from origin: http://localhost:3000
DEBUG 2025-06-19 11:01:13,424 views 12104 19872 Menu item: Шурпа, image: 'http://localhost:8000/media/menu_items/1ef19980-8e08-45b7-aff2-5292b5797aa9_kJopm0u.jpeg', image_full_url: 'http://localhost:8000/media/menu_items/1ef19980-8e08-45b7-aff2-5292b5797aa9_kJopm0u.jpeg'
INFO 2025-06-19 11:01:13,426 basehttp 12104 26992 "GET /api/cafes/?city=1&t=1750302073412 HTTP/1.1" 200 499
INFO 2025-06-19 11:01:13,426 basehttp 12104 19872 "GET /api/menu-items/?cafe=1 HTTP/1.1" 200 471
INFO 2025-06-19 11:01:13,430 basehttp 12104 29348 "GET /api/cafes/1/statistics/ HTTP/1.1" 200 87
DEBUG 2025-06-19 11:01:13,431 middleware 12104 29348 Request from origin: http://localhost:3000
DEBUG 2025-06-19 11:01:13,436 middleware 12104 19872 Request from origin: http://localhost:3000
DEBUG 2025-06-19 11:01:13,437 middleware 12104 13556 Request from origin: http://localhost:3000
DEBUG 2025-06-19 11:01:13,444 views 12104 19872 Menu item: Шурпа, image: 'http://localhost:8000/media/menu_items/1ef19980-8e08-45b7-aff2-5292b5797aa9_kJopm0u.jpeg', image_full_url: 'http://localhost:8000/media/menu_items/1ef19980-8e08-45b7-aff2-5292b5797aa9_kJopm0u.jpeg'
INFO 2025-06-19 11:01:13,446 basehttp 12104 29348 "GET /api/cafes/1/statistics/ HTTP/1.1" 200 87
INFO 2025-06-19 11:01:13,448 basehttp 12104 19872 "GET /api/menu-items/?cafe=1 HTTP/1.1" 200 471
INFO 2025-06-19 11:01:13,454 basehttp 12104 13556 "GET /api/orders/?cafe=1 HTTP/1.1" 200 313
DEBUG 2025-06-19 11:01:13,455 middleware 12104 13556 Request from origin: http://localhost:3000
INFO 2025-06-19 11:01:13,465 basehttp 12104 13556 "GET /api/orders/?cafe=1 HTTP/1.1" 200 313
DEBUG 2025-06-19 11:01:17,064 middleware 12104 19872 Request from origin: http://localhost:3000
INFO 2025-06-19 11:01:17,069 basehttp 12104 19872 "GET /api/cafes/?city=1&t=1750302077063 HTTP/1.1" 200 499
DEBUG 2025-06-19 11:01:17,071 middleware 12104 19872 Request from origin: http://localhost:3000
INFO 2025-06-19 11:01:17,077 basehttp 12104 19872 "GET /api/cafes/?city=1&t=1750302077063 HTTP/1.1" 200 499
DEBUG 2025-06-19 11:01:17,095 middleware 12104 19872 Request from origin: 
INFO 2025-06-19 11:01:17,136 basehttp 12104 19872 "GET /media/cafe_covers/XXXL_1_1_ENDyb7O.webp?t=1750302077045 HTTP/1.1" 200 100380
DEBUG 2025-06-19 11:01:18,032 middleware 12104 13556 Request from origin: http://localhost:3000
DEBUG 2025-06-19 11:01:18,037 views 12104 13556 Menu item: Шурпа, image: 'http://localhost:8000/media/menu_items/1ef19980-8e08-45b7-aff2-5292b5797aa9_kJopm0u.jpeg', image_full_url: 'http://localhost:8000/media/menu_items/1ef19980-8e08-45b7-aff2-5292b5797aa9_kJopm0u.jpeg'
INFO 2025-06-19 11:01:18,038 basehttp 12104 13556 "GET /api/menu-items/?cafe=1 HTTP/1.1" 200 471
DEBUG 2025-06-19 11:01:18,040 middleware 12104 13556 Request from origin: http://localhost:3000
DEBUG 2025-06-19 11:01:18,045 views 12104 13556 Menu item: Шурпа, image: 'http://localhost:8000/media/menu_items/1ef19980-8e08-45b7-aff2-5292b5797aa9_kJopm0u.jpeg', image_full_url: 'http://localhost:8000/media/menu_items/1ef19980-8e08-45b7-aff2-5292b5797aa9_kJopm0u.jpeg'
INFO 2025-06-19 11:01:18,046 basehttp 12104 13556 "GET /api/menu-items/?cafe=1 HTTP/1.1" 200 471
DEBUG 2025-06-19 11:01:22,758 middleware 12104 19872 Request from origin: http://localhost:3000
INFO 2025-06-19 11:01:22,761 views 12104 19872 Health check запрос от 127.0.0.1: ok
INFO 2025-06-19 11:01:22,762 basehttp 12104 19872 "GET /api/health/ HTTP/1.1" 200 252
DEBUG 2025-06-19 11:01:22,763 middleware 12104 19872 Request from origin: http://localhost:3000
INFO 2025-06-19 11:01:22,766 views 12104 19872 Health check запрос от 127.0.0.1: ok
INFO 2025-06-19 11:01:22,767 basehttp 12104 19872 "GET /api/health/ HTTP/1.1" 200 250
DEBUG 2025-06-19 11:01:22,769 middleware 12104 19872 Request from origin: http://localhost:3000
INFO 2025-06-19 11:01:22,773 basehttp 12104 19872 "GET /api/cities/ HTTP/1.1" 200 168
DEBUG 2025-06-19 11:01:22,795 middleware 12104 19872 Request from origin: http://localhost:3000
DEBUG 2025-06-19 11:01:22,796 middleware 12104 26992 Request from origin: http://localhost:3000
INFO 2025-06-19 11:01:22,805 basehttp 12104 19872 "GET /api/cafes/?city=1&t=1750302082792 HTTP/1.1" 200 499
INFO 2025-06-19 11:01:22,805 basehttp 12104 26992 "GET /api/cities/ HTTP/1.1" 200 168
DEBUG 2025-06-19 11:01:22,810 middleware 12104 13556 Request from origin: http://localhost:3000
DEBUG 2025-06-19 11:01:22,811 middleware 12104 26992 Request from origin: http://localhost:3000
DEBUG 2025-06-19 11:01:22,812 middleware 12104 19872 Request from origin: http://localhost:3000
DEBUG 2025-06-19 11:01:22,812 middleware 12104 13556 CSRF Processing path: api/auth/csrf/, Method: GET
DEBUG 2025-06-19 11:01:22,815 middleware 12104 13556 CSRF token in cookie: True
DEBUG 2025-06-19 11:01:22,816 middleware 12104 13556 CSRF token in header: False
DEBUG 2025-06-19 11:01:22,816 middleware 12104 13556 CSRF cookie token (first 6): fykaYZ...
DEBUG 2025-06-19 11:01:22,819 views 12104 19872 Menu item: Шурпа, image: 'http://localhost:8000/media/menu_items/1ef19980-8e08-45b7-aff2-5292b5797aa9_kJopm0u.jpeg', image_full_url: 'http://localhost:8000/media/menu_items/1ef19980-8e08-45b7-aff2-5292b5797aa9_kJopm0u.jpeg'
INFO 2025-06-19 11:01:22,820 basehttp 12104 19872 "GET /api/menu-items/?cafe=1 HTTP/1.1" 200 471
INFO 2025-06-19 11:01:22,821 auth 12104 13556 Запрос CSRF токена
INFO 2025-06-19 11:01:22,821 auth 12104 13556 CSRF запрос от Origin: http://localhost:3000, Referer: http://localhost:3000/
DEBUG 2025-06-19 11:01:22,821 auth 12104 13556 User-Agent: Mozilla/5.0 (Windows NT 10.0; Win64; x64) AppleWebKit/537.36 (KHTML, like Gecko) Chrome/134.0.0.0 Safari/537.36 OPR/119.0.0.0
INFO 2025-06-19 11:01:22,822 auth 12104 13556 CSRF токен сгенерирован: 7RB1xT... (первые 6 символов)
DEBUG 2025-06-19 11:01:22,822 auth 12104 13556 Настройки CSRF cookie: {'csrf_cookie': {'name': 'csrftoken', 'secure': False, 'httponly': False, 'samesite': 'Lax'}}
INFO 2025-06-19 11:01:22,823 basehttp 12104 13556 "GET /api/auth/csrf/ HTTP/1.1" 200 58
DEBUG 2025-06-19 11:01:22,824 middleware 12104 13556 Request from origin: http://localhost:3000
DEBUG 2025-06-19 11:01:22,824 middleware 12104 13556 CSRF Processing path: api/auth/csrf/, Method: GET
DEBUG 2025-06-19 11:01:22,825 middleware 12104 13556 CSRF token in cookie: True
DEBUG 2025-06-19 11:01:22,826 middleware 12104 13556 CSRF token in header: False
INFO 2025-06-19 11:01:22,827 basehttp 12104 26992 "GET /api/cafes/?city=1&t=1750302082808 HTTP/1.1" 200 499
DEBUG 2025-06-19 11:01:22,827 middleware 12104 13556 CSRF cookie token (first 6): fykaYZ...
INFO 2025-06-19 11:01:22,830 auth 12104 13556 Запрос CSRF токена
INFO 2025-06-19 11:01:22,830 auth 12104 13556 CSRF запрос от Origin: http://localhost:3000, Referer: http://localhost:3000/
DEBUG 2025-06-19 11:01:22,830 auth 12104 13556 User-Agent: Mozilla/5.0 (Windows NT 10.0; Win64; x64) AppleWebKit/537.36 (KHTML, like Gecko) Chrome/134.0.0.0 Safari/537.36 OPR/119.0.0.0
INFO 2025-06-19 11:01:22,830 auth 12104 13556 CSRF токен сгенерирован: 2fy91z... (первые 6 символов)
DEBUG 2025-06-19 11:01:22,831 auth 12104 13556 Настройки CSRF cookie: {'csrf_cookie': {'name': 'csrftoken', 'secure': False, 'httponly': False, 'samesite': 'Lax'}}
INFO 2025-06-19 11:01:22,832 basehttp 12104 13556 "GET /api/auth/csrf/ HTTP/1.1" 200 58
DEBUG 2025-06-19 11:01:28,966 middleware 12104 13556 Request from origin: http://localhost:3000
DEBUG 2025-06-19 11:01:28,967 middleware 12104 13556 CSRF Processing path: api/auth/csrf/, Method: GET
DEBUG 2025-06-19 11:01:28,967 middleware 12104 13556 CSRF token in cookie: True
DEBUG 2025-06-19 11:01:28,968 middleware 12104 13556 CSRF token in header: False
DEBUG 2025-06-19 11:01:28,968 middleware 12104 13556 CSRF cookie token (first 6): fykaYZ...
INFO 2025-06-19 11:01:28,970 auth 12104 13556 Запрос CSRF токена
INFO 2025-06-19 11:01:28,971 auth 12104 13556 CSRF запрос от Origin: http://localhost:3000, Referer: http://localhost:3000/
DEBUG 2025-06-19 11:01:28,971 auth 12104 13556 User-Agent: Mozilla/5.0 (Windows NT 10.0; Win64; x64) AppleWebKit/537.36 (KHTML, like Gecko) Chrome/134.0.0.0 Safari/537.36 OPR/119.0.0.0
INFO 2025-06-19 11:01:28,971 auth 12104 13556 CSRF токен сгенерирован: 9EHJAu... (первые 6 символов)
DEBUG 2025-06-19 11:01:28,971 auth 12104 13556 Настройки CSRF cookie: {'csrf_cookie': {'name': 'csrftoken', 'secure': False, 'httponly': False, 'samesite': 'Lax'}}
INFO 2025-06-19 11:01:28,972 basehttp 12104 13556 "GET /api/auth/csrf/ HTTP/1.1" 200 58
DEBUG 2025-06-19 11:01:29,785 middleware 12104 13556 Request from origin: http://localhost:3000
DEBUG 2025-06-19 11:01:29,785 middleware 12104 13556 CSRF Processing path: api/auth/csrf/, Method: GET
DEBUG 2025-06-19 11:01:29,785 middleware 12104 13556 CSRF token in cookie: True
DEBUG 2025-06-19 11:01:29,786 middleware 12104 13556 CSRF token in header: False
DEBUG 2025-06-19 11:01:29,786 middleware 12104 13556 CSRF cookie token (first 6): fykaYZ...
INFO 2025-06-19 11:01:29,788 auth 12104 13556 Запрос CSRF токена
INFO 2025-06-19 11:01:29,788 auth 12104 13556 CSRF запрос от Origin: http://localhost:3000, Referer: http://localhost:3000/
DEBUG 2025-06-19 11:01:29,789 auth 12104 13556 User-Agent: Mozilla/5.0 (Windows NT 10.0; Win64; x64) AppleWebKit/537.36 (KHTML, like Gecko) Chrome/134.0.0.0 Safari/537.36 OPR/119.0.0.0
INFO 2025-06-19 11:01:29,789 auth 12104 13556 CSRF токен сгенерирован: xyYOJs... (первые 6 символов)
DEBUG 2025-06-19 11:01:29,789 auth 12104 13556 Настройки CSRF cookie: {'csrf_cookie': {'name': 'csrftoken', 'secure': False, 'httponly': False, 'samesite': 'Lax'}}
INFO 2025-06-19 11:01:29,790 basehttp 12104 13556 "GET /api/auth/csrf/ HTTP/1.1" 200 58
DEBUG 2025-06-19 11:01:30,101 middleware 12104 13556 Request from origin: http://localhost:3000
DEBUG 2025-06-19 11:01:30,102 middleware 12104 13556 CSRF Processing path: api/auth/csrf/, Method: GET
DEBUG 2025-06-19 11:01:30,102 middleware 12104 13556 CSRF token in cookie: True
DEBUG 2025-06-19 11:01:30,102 middleware 12104 13556 CSRF token in header: False
DEBUG 2025-06-19 11:01:30,102 middleware 12104 13556 CSRF cookie token (first 6): fykaYZ...
INFO 2025-06-19 11:01:30,105 auth 12104 13556 Запрос CSRF токена
INFO 2025-06-19 11:01:30,105 auth 12104 13556 CSRF запрос от Origin: http://localhost:3000, Referer: http://localhost:3000/
DEBUG 2025-06-19 11:01:30,105 auth 12104 13556 User-Agent: Mozilla/5.0 (Windows NT 10.0; Win64; x64) AppleWebKit/537.36 (KHTML, like Gecko) Chrome/134.0.0.0 Safari/537.36 OPR/119.0.0.0
INFO 2025-06-19 11:01:30,105 auth 12104 13556 CSRF токен сгенерирован: ye3xBj... (первые 6 символов)
DEBUG 2025-06-19 11:01:30,106 auth 12104 13556 Настройки CSRF cookie: {'csrf_cookie': {'name': 'csrftoken', 'secure': False, 'httponly': False, 'samesite': 'Lax'}}
INFO 2025-06-19 11:01:30,106 basehttp 12104 13556 "GET /api/auth/csrf/ HTTP/1.1" 200 58
DEBUG 2025-06-19 11:01:30,411 middleware 12104 13556 Request from origin: http://localhost:3000
DEBUG 2025-06-19 11:01:30,412 middleware 12104 13556 CSRF Processing path: api/auth/login/, Method: POST
DEBUG 2025-06-19 11:01:30,413 middleware 12104 13556 CSRF token in cookie: True
DEBUG 2025-06-19 11:01:30,413 middleware 12104 13556 CSRF token in header: True
DEBUG 2025-06-19 11:01:30,413 middleware 12104 13556 CSRF cookie token (first 6): fykaYZ...
DEBUG 2025-06-19 11:01:30,413 middleware 12104 13556 CSRF header token (first 6): fykaYZ...
INFO 2025-06-19 11:01:30,416 auth 12104 13556 Попытка входа с email: hello@gmail.com
DEBUG 2025-06-19 11:01:30,416 auth 12104 13556 Запрос входа: {'email': 'hello@gmail.com', 'password': 'A166DB701'}
INFO 2025-06-19 11:01:30,416 auth 12104 13556 CSRF токен в заголовке: fykaYZ...
INFO 2025-06-19 11:01:30,416 auth 12104 13556 Origin заголовок: http://localhost:3000
INFO 2025-06-19 11:01:30,416 auth 12104 13556 HTTP метод: POST
INFO 2025-06-19 11:01:30,417 auth 12104 13556 Content-Type: application/json
INFO 2025-06-19 11:01:30,417 auth 12104 13556 Cookies: {'sessionid': 'fj5o25xybhdrci5nu0tictpekeb0kw56', 'csrftoken': 'fykaYZZH6BlfNABf5vjGPolxWC0bstWX'}
INFO 2025-06-19 11:01:30,417 auth 12104 13556 HTTP_X_CSRFTOKEN: fykaYZ...
INFO 2025-06-19 11:01:30,417 auth 12104 13556 Cookie CSRF: fykaYZ...
INFO 2025-06-19 11:01:30,418 auth 12104 13556 CSRF токены совпадают: True
INFO 2025-06-19 11:01:30,418 auth 12104 13556 Проверка учетной записи: hello@gmail.com
INFO 2025-06-19 11:01:30,768 auth 12104 13556 Успешный вход пользователя: Hello
INFO 2025-06-19 11:01:30,770 auth 12104 13556 Пользователь Hello является владельцем ресторана Aliya
INFO 2025-06-19 11:01:30,771 auth 12104 13556 Данные для отправки: {'id': 2, 'email': 'hello@gmail.com', 'name': 'Hello', 'cafe_id': 1, 'role': 'owner'}
INFO 2025-06-19 11:01:30,776 basehttp 12104 13556 "POST /api/auth/login/ HTTP/1.1" 200 76
DEBUG 2025-06-19 11:01:30,787 middleware 12104 13556 Request from origin: http://localhost:3000
INFO 2025-06-19 11:01:30,793 basehttp 12104 13556 "GET /api/cafes/1/ HTTP/1.1" 200 447
DEBUG 2025-06-19 11:01:30,794 middleware 12104 13556 Request from origin: http://localhost:3000
DEBUG 2025-06-19 11:01:30,796 middleware 12104 29348 Request from origin: http://localhost:3000
INFO 2025-06-19 11:01:30,802 basehttp 12104 13556 "GET /api/cafes/1/ HTTP/1.1" 200 447
INFO 2025-06-19 11:01:30,806 basehttp 12104 29348 "GET /api/cafes/1/statistics/ HTTP/1.1" 200 87
DEBUG 2025-06-19 11:01:30,807 middleware 12104 29348 Request from origin: http://localhost:3000
DEBUG 2025-06-19 11:01:30,809 middleware 12104 13556 Request from origin: http://localhost:3000
INFO 2025-06-19 11:01:30,818 basehttp 12104 29348 "GET /api/cafes/1/statistics/ HTTP/1.1" 200 87
INFO 2025-06-19 11:01:30,822 basehttp 12104 13556 "GET /api/orders/?cafe=1 HTTP/1.1" 200 313
DEBUG 2025-06-19 11:01:30,823 middleware 12104 13556 Request from origin: http://localhost:3000
INFO 2025-06-19 11:01:30,833 basehttp 12104 13556 "GET /api/orders/?cafe=1 HTTP/1.1" 200 313
DEBUG 2025-06-19 11:01:32,786 middleware 12104 23716 Request from origin: 
INFO 2025-06-19 11:01:32,840 basehttp 12104 23716 "GET /admin/cafes/order/ HTTP/1.1" 200 14770
DEBUG 2025-06-19 11:01:32,858 middleware 12104 23716 Request from origin: 
INFO 2025-06-19 11:01:32,864 basehttp 12104 23716 "GET /admin/jsi18n/ HTTP/1.1" 200 17546
DEBUG 2025-06-19 11:01:38,864 middleware 12104 23716 Request from origin: http://127.0.0.1:8000
INFO 2025-06-19 11:01:38,882 basehttp 12104 23716 "POST /admin/cafes/order/ HTTP/1.1" 200 9819
DEBUG 2025-06-19 11:01:39,816 middleware 12104 23716 Request from origin: http://127.0.0.1:8000
INFO 2025-06-19 11:01:39,844 basehttp 12104 23716 "POST /admin/cafes/order/ HTTP/1.1" 302 0
DEBUG 2025-06-19 11:01:39,846 middleware 12104 23716 Request from origin: 
INFO 2025-06-19 11:01:39,858 basehttp 12104 23716 "GET /admin/cafes/order/ HTTP/1.1" 200 11325
DEBUG 2025-06-19 11:01:39,881 middleware 12104 23716 Request from origin: 
INFO 2025-06-19 11:01:39,885 basehttp 12104 23716 "GET /admin/jsi18n/ HTTP/1.1" 200 17546
DEBUG 2025-06-19 11:01:41,358 middleware 12104 26992 Request from origin: http://localhost:3000
INFO 2025-06-19 11:01:41,361 views 12104 26992 Health check запрос от 127.0.0.1: ok
INFO 2025-06-19 11:01:41,362 basehttp 12104 26992 "GET /api/health/ HTTP/1.1" 200 251
DEBUG 2025-06-19 11:01:41,363 middleware 12104 26992 Request from origin: http://localhost:3000
INFO 2025-06-19 11:01:41,366 views 12104 26992 Health check запрос от 127.0.0.1: ok
INFO 2025-06-19 11:01:41,367 basehttp 12104 26992 "GET /api/health/ HTTP/1.1" 200 252
DEBUG 2025-06-19 11:01:41,368 middleware 12104 19872 Request from origin: http://localhost:3000
DEBUG 2025-06-19 11:01:41,372 middleware 12104 13556 Request from origin: http://localhost:3000
INFO 2025-06-19 11:01:41,373 basehttp 12104 19872 "GET /api/cities/ HTTP/1.1" 200 168
DEBUG 2025-06-19 11:01:41,374 middleware 12104 19872 Request from origin: http://localhost:3000
DEBUG 2025-06-19 11:01:41,376 middleware 12104 26992 Request from origin: http://localhost:3000
INFO 2025-06-19 11:01:41,382 basehttp 12104 19872 "GET /api/cities/ HTTP/1.1" 200 168
INFO 2025-06-19 11:01:41,382 basehttp 12104 13556 "GET /api/cafes/1/ HTTP/1.1" 200 447
DEBUG 2025-06-19 11:01:41,386 middleware 12104 19872 Request from origin: http://localhost:3000
DEBUG 2025-06-19 11:01:41,387 middleware 12104 29348 Request from origin: http://localhost:3000
INFO 2025-06-19 11:01:41,388 basehttp 12104 26992 "GET /api/cafes/?city=1&t=1750302101374 HTTP/1.1" 200 499
DEBUG 2025-06-19 11:01:41,389 middleware 12104 13556 Request from origin: http://localhost:3000
DEBUG 2025-06-19 11:01:41,392 middleware 12104 26992 Request from origin: http://localhost:3000
INFO 2025-06-19 11:01:41,400 basehttp 12104 19872 "GET /api/cafes/?city=1&t=1750302101384 HTTP/1.1" 200 499
DEBUG 2025-06-19 11:01:41,401 views 12104 26992 Menu item: Шурпа, image: 'http://localhost:8000/media/menu_items/1ef19980-8e08-45b7-aff2-5292b5797aa9_kJopm0u.jpeg', image_full_url: 'http://localhost:8000/media/menu_items/1ef19980-8e08-45b7-aff2-5292b5797aa9_kJopm0u.jpeg'
INFO 2025-06-19 11:01:41,404 basehttp 12104 13556 "GET /api/cafes/1/ HTTP/1.1" 200 447
INFO 2025-06-19 11:01:41,404 basehttp 12104 26992 "GET /api/menu-items/?cafe=1 HTTP/1.1" 200 471
DEBUG 2025-06-19 11:01:41,407 middleware 12104 26992 Request from origin: http://localhost:3000
DEBUG 2025-06-19 11:01:41,414 views 12104 26992 Menu item: Шурпа, image: 'http://localhost:8000/media/menu_items/1ef19980-8e08-45b7-aff2-5292b5797aa9_kJopm0u.jpeg', image_full_url: 'http://localhost:8000/media/menu_items/1ef19980-8e08-45b7-aff2-5292b5797aa9_kJopm0u.jpeg'
INFO 2025-06-19 11:01:41,414 basehttp 12104 29348 "GET /api/cafes/1/statistics/ HTTP/1.1" 200 79
INFO 2025-06-19 11:01:41,415 basehttp 12104 26992 "GET /api/menu-items/?cafe=1 HTTP/1.1" 200 471
DEBUG 2025-06-19 11:01:41,416 middleware 12104 29348 Request from origin: http://localhost:3000
DEBUG 2025-06-19 11:01:41,418 middleware 12104 13556 Request from origin: http://localhost:3000
INFO 2025-06-19 11:01:41,427 basehttp 12104 13556 "GET /api/orders/?cafe=1 HTTP/1.1" 200 52
INFO 2025-06-19 11:01:41,428 basehttp 12104 29348 "GET /api/cafes/1/statistics/ HTTP/1.1" 200 79
DEBUG 2025-06-19 11:01:41,450 middleware 12104 29348 Request from origin: http://localhost:3000
INFO 2025-06-19 11:01:41,456 basehttp 12104 29348 "GET /api/orders/?cafe=1 HTTP/1.1" 200 52
DEBUG 2025-06-19 11:01:48,573 middleware 12104 29348 Request from origin: http://localhost:3000
DEBUG 2025-06-19 11:01:48,574 middleware 12104 29348 CSRF Processing path: api/auth/csrf/, Method: GET
DEBUG 2025-06-19 11:01:48,574 middleware 12104 29348 CSRF token in cookie: True
DEBUG 2025-06-19 11:01:48,574 middleware 12104 29348 CSRF token in header: False
DEBUG 2025-06-19 11:01:48,574 middleware 12104 29348 CSRF cookie token (first 6): zp61dr...
INFO 2025-06-19 11:01:48,577 auth 12104 29348 Запрос CSRF токена
INFO 2025-06-19 11:01:48,578 auth 12104 29348 CSRF запрос от Origin: http://localhost:3000, Referer: http://localhost:3000/
DEBUG 2025-06-19 11:01:48,578 auth 12104 29348 User-Agent: Mozilla/5.0 (Windows NT 10.0; Win64; x64) AppleWebKit/537.36 (KHTML, like Gecko) Chrome/134.0.0.0 Safari/537.36 OPR/119.0.0.0
INFO 2025-06-19 11:01:48,578 auth 12104 29348 CSRF токен сгенерирован: iGl7AL... (первые 6 символов)
DEBUG 2025-06-19 11:01:48,579 auth 12104 29348 Настройки CSRF cookie: {'csrf_cookie': {'name': 'csrftoken', 'secure': False, 'httponly': False, 'samesite': 'Lax'}}
INFO 2025-06-19 11:01:48,579 basehttp 12104 29348 "GET /api/auth/csrf/ HTTP/1.1" 200 58
DEBUG 2025-06-19 11:01:48,581 middleware 12104 29348 Request from origin: http://localhost:3000
DEBUG 2025-06-19 11:01:48,581 middleware 12104 29348 CSRF Processing path: api/auth/csrf/, Method: GET
DEBUG 2025-06-19 11:01:48,582 middleware 12104 29348 CSRF token in cookie: True
DEBUG 2025-06-19 11:01:48,582 middleware 12104 29348 CSRF token in header: False
DEBUG 2025-06-19 11:01:48,582 middleware 12104 29348 CSRF cookie token (first 6): zp61dr...
INFO 2025-06-19 11:01:48,585 auth 12104 29348 Запрос CSRF токена
INFO 2025-06-19 11:01:48,586 auth 12104 29348 CSRF запрос от Origin: http://localhost:3000, Referer: http://localhost:3000/
DEBUG 2025-06-19 11:01:48,586 auth 12104 29348 User-Agent: Mozilla/5.0 (Windows NT 10.0; Win64; x64) AppleWebKit/537.36 (KHTML, like Gecko) Chrome/134.0.0.0 Safari/537.36 OPR/119.0.0.0
INFO 2025-06-19 11:01:48,586 auth 12104 29348 CSRF токен сгенерирован: iCPfkB... (первые 6 символов)
DEBUG 2025-06-19 11:01:48,587 auth 12104 29348 Настройки CSRF cookie: {'csrf_cookie': {'name': 'csrftoken', 'secure': False, 'httponly': False, 'samesite': 'Lax'}}
INFO 2025-06-19 11:01:48,588 basehttp 12104 29348 "GET /api/auth/csrf/ HTTP/1.1" 200 58
INFO 2025-06-19 11:01:49,190 basehttp 12104 27884 "OPTIONS /api/orders/?client_order_id=1750302108514-oyjngp HTTP/1.1" 200 0
DEBUG 2025-06-19 11:01:49,192 middleware 12104 29348 Request from origin: http://localhost:3000
INFO 2025-06-19 11:01:49,192 basehttp 12104 27884 "OPTIONS /api/orders/?client_order_id=1750302108514-oyjngp HTTP/1.1" 200 0
INFO 2025-06-19 11:01:49,195 views 12104 29348 Filtering orders by client_order_id: '1750302108514-oyjngp'
INFO 2025-06-19 11:01:49,196 views 12104 29348 Found 0 orders with client_order_id '1750302108514-oyjngp'
INFO 2025-06-19 11:01:49,198 basehttp 12104 29348 "GET /api/orders/?client_order_id=1750302108514-oyjngp HTTP/1.1" 200 52
DEBUG 2025-06-19 11:01:49,200 middleware 12104 29348 Request from origin: http://localhost:3000
DEBUG 2025-06-19 11:01:49,201 middleware 12104 13556 Request from origin: http://localhost:3000
DEBUG 2025-06-19 11:01:49,202 middleware 12104 13556 CSRF Processing path: api/auth/csrf/, Method: GET
DEBUG 2025-06-19 11:01:49,202 middleware 12104 13556 CSRF token in cookie: True
DEBUG 2025-06-19 11:01:49,202 middleware 12104 13556 CSRF token in header: False
DEBUG 2025-06-19 11:01:49,203 middleware 12104 13556 CSRF cookie token (first 6): zp61dr...
INFO 2025-06-19 11:01:49,204 views 12104 29348 Filtering orders by client_order_id: '1750302108514-oyjngp'
INFO 2025-06-19 11:01:49,204 views 12104 29348 Found 0 orders with client_order_id '1750302108514-oyjngp'
INFO 2025-06-19 11:01:49,207 basehttp 12104 29348 "GET /api/orders/?client_order_id=1750302108514-oyjngp HTTP/1.1" 200 52
INFO 2025-06-19 11:01:49,221 auth 12104 13556 Запрос CSRF токена
INFO 2025-06-19 11:01:49,221 auth 12104 13556 CSRF запрос от Origin: http://localhost:3000, Referer: http://localhost:3000/
DEBUG 2025-06-19 11:01:49,222 auth 12104 13556 User-Agent: Mozilla/5.0 (Windows NT 10.0; Win64; x64) AppleWebKit/537.36 (KHTML, like Gecko) Chrome/134.0.0.0 Safari/537.36 OPR/119.0.0.0
INFO 2025-06-19 11:01:49,222 auth 12104 13556 CSRF токен сгенерирован: HHriRo... (первые 6 символов)
DEBUG 2025-06-19 11:01:49,222 auth 12104 13556 Настройки CSRF cookie: {'csrf_cookie': {'name': 'csrftoken', 'secure': False, 'httponly': False, 'samesite': 'Lax'}}
INFO 2025-06-19 11:01:49,223 basehttp 12104 13556 "GET /api/auth/csrf/ HTTP/1.1" 200 58
DEBUG 2025-06-19 11:01:49,224 middleware 12104 13556 Request from origin: http://localhost:3000
DEBUG 2025-06-19 11:01:49,225 middleware 12104 13556 CSRF Processing path: api/auth/csrf/, Method: GET
DEBUG 2025-06-19 11:01:49,225 middleware 12104 13556 CSRF token in cookie: True
DEBUG 2025-06-19 11:01:49,225 middleware 12104 13556 CSRF token in header: False
DEBUG 2025-06-19 11:01:49,225 middleware 12104 13556 CSRF cookie token (first 6): zp61dr...
INFO 2025-06-19 11:01:49,228 auth 12104 13556 Запрос CSRF токена
INFO 2025-06-19 11:01:49,228 auth 12104 13556 CSRF запрос от Origin: http://localhost:3000, Referer: http://localhost:3000/
DEBUG 2025-06-19 11:01:49,228 auth 12104 13556 User-Agent: Mozilla/5.0 (Windows NT 10.0; Win64; x64) AppleWebKit/537.36 (KHTML, like Gecko) Chrome/134.0.0.0 Safari/537.36 OPR/119.0.0.0
INFO 2025-06-19 11:01:49,228 auth 12104 13556 CSRF токен сгенерирован: cx5yws... (первые 6 символов)
DEBUG 2025-06-19 11:01:49,229 auth 12104 13556 Настройки CSRF cookie: {'csrf_cookie': {'name': 'csrftoken', 'secure': False, 'httponly': False, 'samesite': 'Lax'}}
INFO 2025-06-19 11:01:49,229 basehttp 12104 13556 "GET /api/auth/csrf/ HTTP/1.1" 200 58
DEBUG 2025-06-19 11:01:50,293 middleware 12104 13556 Request from origin: http://localhost:3000
DEBUG 2025-06-19 11:01:50,294 middleware 12104 29348 Request from origin: http://localhost:3000
INFO 2025-06-19 11:01:50,301 views 12104 13556 Creating order with customer_name: 'Гость', client_order_id: '1750302108514-oyjngp', order_type: 'pickup'
INFO 2025-06-19 11:01:50,301 views 12104 29348 Creating order with customer_name: 'Гость', client_order_id: '1750302108514-oyjngp', order_type: 'pickup'
INFO 2025-06-19 11:01:50,301 views 12104 13556 Request data: {'cafe': 1, 'order_type': 'pickup', 'status': 'new', 'total_price': 123, 'client_order_id': '1750302108514-oyjngp', 'customer_name': 'Гость'}
INFO 2025-06-19 11:01:50,301 views 12104 29348 Request data: {'cafe': 1, 'order_type': 'pickup', 'status': 'new', 'total_price': 123, 'client_order_id': '1750302108514-oyjngp', 'customer_name': 'Гость'}
INFO 2025-06-19 11:01:50,302 views 12104 13556 User is authenticated: Hello
INFO 2025-06-19 11:01:50,302 views 12104 29348 User is authenticated: Hello
INFO 2025-06-19 11:01:50,308 views 12104 13556 Order created successfully with ID: 19, order_type: pickup, client_order_id: 1750302108514-oyjngp
INFO 2025-06-19 11:01:50,310 basehttp 12104 13556 "POST /api/orders/ HTTP/1.1" 201 261
INFO 2025-06-19 11:01:50,327 views 12104 29348 Order created successfully with ID: 20, order_type: pickup, client_order_id: 1750302108514-oyjngp
INFO 2025-06-19 11:01:50,329 basehttp 12104 29348 "POST /api/orders/ HTTP/1.1" 201 261
DEBUG 2025-06-19 11:01:50,450 middleware 12104 23716 Request from origin: 
INFO 2025-06-19 11:01:50,465 basehttp 12104 23716 "GET /admin/cafes/order/ HTTP/1.1" 200 14770
DEBUG 2025-06-19 11:01:50,484 middleware 12104 23716 Request from origin: 
INFO 2025-06-19 11:01:50,489 basehttp 12104 23716 "GET /admin/jsi18n/ HTTP/1.1" 200 17546
INFO 2025-06-19 11:02:09,051 autoreload 29232 27968 Watching for file changes with StatReloader
INFO 2025-06-19 11:02:09,598 middleware 29232 23664 CORS Middleware initialized with allowed origins: ['http://localhost', 'http://localhost:3000', 'http://localhost:80', 'http://127.0.0.1', 'http://127.0.0.1:3000', 'http://127.0.0.1:80', 'http://frontend', 'http://localhost:3001', 'http://127.0.0.1:3001', 'http://localhost:8000', 'http://127.0.0.1:8000', 'https://ec4db675c64c9f.lhr.life']
INFO 2025-06-19 11:02:09,599 middleware 29232 23664 Custom CSRF Middleware initialized with exempt paths: ['/api/auth/login/', '/api/auth/csrf/']
DEBUG 2025-06-19 11:02:12,525 middleware 29232 27496 Request from origin: http://localhost:3000
DEBUG 2025-06-19 11:02:12,533 views 29232 27496 Menu item: Шурпа, image: 'http://localhost:8000/media/menu_items/1ef19980-8e08-45b7-aff2-5292b5797aa9_kJopm0u.jpeg', image_full_url: 'http://localhost:8000/media/menu_items/1ef19980-8e08-45b7-aff2-5292b5797aa9_kJopm0u.jpeg'
INFO 2025-06-19 11:02:12,535 basehttp 29232 27496 "GET /api/menu-items/?cafe=1 HTTP/1.1" 200 471
DEBUG 2025-06-19 11:02:12,536 middleware 29232 27496 Request from origin: http://localhost:3000
DEBUG 2025-06-19 11:02:12,542 views 29232 27496 Menu item: Шурпа, image: 'http://localhost:8000/media/menu_items/1ef19980-8e08-45b7-aff2-5292b5797aa9_kJopm0u.jpeg', image_full_url: 'http://localhost:8000/media/menu_items/1ef19980-8e08-45b7-aff2-5292b5797aa9_kJopm0u.jpeg'
INFO 2025-06-19 11:02:12,543 basehttp 29232 27496 "GET /api/menu-items/?cafe=1 HTTP/1.1" 200 471
DEBUG 2025-06-19 11:02:19,540 middleware 29232 27496 Request from origin: http://localhost:3000
DEBUG 2025-06-19 11:02:19,540 middleware 29232 27496 CSRF Processing path: api/auth/csrf/, Method: GET
DEBUG 2025-06-19 11:02:19,541 middleware 29232 27496 CSRF token in cookie: True
DEBUG 2025-06-19 11:02:19,541 middleware 29232 27496 CSRF token in header: False
DEBUG 2025-06-19 11:02:19,541 middleware 29232 27496 CSRF cookie token (first 6): zp61dr...
INFO 2025-06-19 11:02:19,545 auth 29232 27496 Запрос CSRF токена
INFO 2025-06-19 11:02:19,545 auth 29232 27496 CSRF запрос от Origin: http://localhost:3000, Referer: http://localhost:3000/
DEBUG 2025-06-19 11:02:19,545 auth 29232 27496 User-Agent: Mozilla/5.0 (Windows NT 10.0; Win64; x64) AppleWebKit/537.36 (KHTML, like Gecko) Chrome/134.0.0.0 Safari/537.36 OPR/119.0.0.0
INFO 2025-06-19 11:02:19,546 auth 29232 27496 CSRF токен сгенерирован: SbOBEg... (первые 6 символов)
DEBUG 2025-06-19 11:02:19,546 auth 29232 27496 Настройки CSRF cookie: {'csrf_cookie': {'name': 'csrftoken', 'secure': False, 'httponly': False, 'samesite': 'Lax'}}
INFO 2025-06-19 11:02:19,548 basehttp 29232 27496 "GET /api/auth/csrf/ HTTP/1.1" 200 58
DEBUG 2025-06-19 11:02:19,549 middleware 29232 27496 Request from origin: http://localhost:3000
DEBUG 2025-06-19 11:02:19,550 middleware 29232 27496 CSRF Processing path: api/auth/csrf/, Method: GET
DEBUG 2025-06-19 11:02:19,550 middleware 29232 27496 CSRF token in cookie: True
DEBUG 2025-06-19 11:02:19,551 middleware 29232 27496 CSRF token in header: False
DEBUG 2025-06-19 11:02:19,551 middleware 29232 27496 CSRF cookie token (first 6): zp61dr...
INFO 2025-06-19 11:02:19,555 auth 29232 27496 Запрос CSRF токена
INFO 2025-06-19 11:02:19,555 auth 29232 27496 CSRF запрос от Origin: http://localhost:3000, Referer: http://localhost:3000/
DEBUG 2025-06-19 11:02:19,555 auth 29232 27496 User-Agent: Mozilla/5.0 (Windows NT 10.0; Win64; x64) AppleWebKit/537.36 (KHTML, like Gecko) Chrome/134.0.0.0 Safari/537.36 OPR/119.0.0.0
INFO 2025-06-19 11:02:19,556 auth 29232 27496 CSRF токен сгенерирован: IAFyQ8... (первые 6 символов)
DEBUG 2025-06-19 11:02:19,556 auth 29232 27496 Настройки CSRF cookie: {'csrf_cookie': {'name': 'csrftoken', 'secure': False, 'httponly': False, 'samesite': 'Lax'}}
INFO 2025-06-19 11:02:19,557 basehttp 29232 27496 "GET /api/auth/csrf/ HTTP/1.1" 200 58
INFO 2025-06-19 11:02:20,170 basehttp 29232 22228 "OPTIONS /api/orders/?client_order_id=1750302139522-w2g6pn HTTP/1.1" 200 0
INFO 2025-06-19 11:02:20,170 basehttp 29232 25548 "OPTIONS /api/orders/?client_order_id=1750302139522-w2g6pn HTTP/1.1" 200 0
DEBUG 2025-06-19 11:02:20,172 middleware 29232 27496 Request from origin: http://localhost:3000
INFO 2025-06-19 11:02:20,175 views 29232 27496 Filtering orders by client_order_id: '1750302139522-w2g6pn'
INFO 2025-06-19 11:02:20,176 views 29232 27496 Found 0 orders with client_order_id '1750302139522-w2g6pn'
INFO 2025-06-19 11:02:20,180 basehttp 29232 27496 "GET /api/orders/?client_order_id=1750302139522-w2g6pn HTTP/1.1" 200 52
DEBUG 2025-06-19 11:02:20,181 middleware 29232 27496 Request from origin: http://localhost:3000
DEBUG 2025-06-19 11:02:20,185 middleware 29232 28304 Request from origin: http://localhost:3000
INFO 2025-06-19 11:02:20,185 views 29232 27496 Filtering orders by client_order_id: '1750302139522-w2g6pn'
DEBUG 2025-06-19 11:02:20,186 middleware 29232 28304 CSRF Processing path: api/auth/csrf/, Method: GET
DEBUG 2025-06-19 11:02:20,187 middleware 29232 28304 CSRF token in cookie: True
INFO 2025-06-19 11:02:20,187 views 29232 27496 Found 0 orders with client_order_id '1750302139522-w2g6pn'
DEBUG 2025-06-19 11:02:20,187 middleware 29232 28304 CSRF token in header: False
DEBUG 2025-06-19 11:02:20,188 middleware 29232 28304 CSRF cookie token (first 6): zp61dr...
INFO 2025-06-19 11:02:20,191 basehttp 29232 27496 "GET /api/orders/?client_order_id=1750302139522-w2g6pn HTTP/1.1" 200 52
INFO 2025-06-19 11:02:20,193 auth 29232 28304 Запрос CSRF токена
INFO 2025-06-19 11:02:20,193 auth 29232 28304 CSRF запрос от Origin: http://localhost:3000, Referer: http://localhost:3000/
DEBUG 2025-06-19 11:02:20,193 auth 29232 28304 User-Agent: Mozilla/5.0 (Windows NT 10.0; Win64; x64) AppleWebKit/537.36 (KHTML, like Gecko) Chrome/134.0.0.0 Safari/537.36 OPR/119.0.0.0
INFO 2025-06-19 11:02:20,193 auth 29232 28304 CSRF токен сгенерирован: SG2rRu... (первые 6 символов)
DEBUG 2025-06-19 11:02:20,194 auth 29232 28304 Настройки CSRF cookie: {'csrf_cookie': {'name': 'csrftoken', 'secure': False, 'httponly': False, 'samesite': 'Lax'}}
INFO 2025-06-19 11:02:20,194 basehttp 29232 28304 "GET /api/auth/csrf/ HTTP/1.1" 200 58
DEBUG 2025-06-19 11:02:20,196 middleware 29232 28304 Request from origin: http://localhost:3000
DEBUG 2025-06-19 11:02:20,196 middleware 29232 28304 CSRF Processing path: api/auth/csrf/, Method: GET
DEBUG 2025-06-19 11:02:20,196 middleware 29232 28304 CSRF token in cookie: True
DEBUG 2025-06-19 11:02:20,197 middleware 29232 28304 CSRF token in header: False
DEBUG 2025-06-19 11:02:20,197 middleware 29232 28304 CSRF cookie token (first 6): zp61dr...
INFO 2025-06-19 11:02:20,199 auth 29232 28304 Запрос CSRF токена
INFO 2025-06-19 11:02:20,200 auth 29232 28304 CSRF запрос от Origin: http://localhost:3000, Referer: http://localhost:3000/
DEBUG 2025-06-19 11:02:20,200 auth 29232 28304 User-Agent: Mozilla/5.0 (Windows NT 10.0; Win64; x64) AppleWebKit/537.36 (KHTML, like Gecko) Chrome/134.0.0.0 Safari/537.36 OPR/119.0.0.0
INFO 2025-06-19 11:02:20,200 auth 29232 28304 CSRF токен сгенерирован: bgOjwH... (первые 6 символов)
DEBUG 2025-06-19 11:02:20,200 auth 29232 28304 Настройки CSRF cookie: {'csrf_cookie': {'name': 'csrftoken', 'secure': False, 'httponly': False, 'samesite': 'Lax'}}
INFO 2025-06-19 11:02:20,201 basehttp 29232 28304 "GET /api/auth/csrf/ HTTP/1.1" 200 58
DEBUG 2025-06-19 11:02:20,500 middleware 29232 28304 Request from origin: http://localhost:3000
INFO 2025-06-19 11:02:20,506 views 29232 28304 Creating order with customer_name: '123', client_order_id: '1750302139522-w2g6pn', order_type: 'pickup'
INFO 2025-06-19 11:02:20,506 views 29232 28304 Request data: {'cafe': 1, 'order_type': 'pickup', 'status': 'new', 'total_price': 123, 'client_order_id': '1750302139522-w2g6pn', 'customer_name': '123'}
INFO 2025-06-19 11:02:20,506 views 29232 28304 User is authenticated: Hello
DEBUG 2025-06-19 11:02:20,508 middleware 29232 27496 Request from origin: http://localhost:3000
INFO 2025-06-19 11:02:20,515 views 29232 28304 Order created successfully with ID: 21, order_type: pickup, client_order_id: 1750302139522-w2g6pn
INFO 2025-06-19 11:02:20,518 basehttp 29232 28304 "POST /api/orders/ HTTP/1.1" 201 261
INFO 2025-06-19 11:02:20,532 views 29232 27496 Creating order with customer_name: '123', client_order_id: '1750302139522-w2g6pn', order_type: 'pickup'
INFO 2025-06-19 11:02:20,533 views 29232 27496 Request data: {'cafe': 1, 'order_type': 'pickup', 'status': 'new', 'total_price': 123, 'client_order_id': '1750302139522-w2g6pn', 'customer_name': '123'}
INFO 2025-06-19 11:02:20,533 views 29232 27496 User is authenticated: Hello
INFO 2025-06-19 11:02:20,540 views 29232 27496 Order created successfully with ID: 22, order_type: pickup, client_order_id: 1750302139522-w2g6pn
INFO 2025-06-19 11:02:20,542 basehttp 29232 27496 "POST /api/orders/ HTTP/1.1" 201 261
INFO 2025-06-19 11:06:27,323 autoreload 3888 27680 Watching for file changes with StatReloader
INFO 2025-06-19 11:06:27,881 middleware 3888 23328 CORS Middleware initialized with allowed origins: ['http://localhost', 'http://localhost:3000', 'http://localhost:80', 'http://127.0.0.1', 'http://127.0.0.1:3000', 'http://127.0.0.1:80', 'http://frontend', 'http://localhost:3001', 'http://127.0.0.1:3001', 'http://localhost:8000', 'http://127.0.0.1:8000', 'https://ec4db675c64c9f.lhr.life']
INFO 2025-06-19 11:06:27,882 middleware 3888 23328 Custom CSRF Middleware initialized with exempt paths: ['/api/auth/login/', '/api/auth/csrf/']
DEBUG 2025-06-19 11:06:37,462 middleware 3888 28228 Request from origin: 
INFO 2025-06-19 11:06:37,546 basehttp 3888 28228 "GET /admin/cafes/order/ HTTP/1.1" 200 15998
DEBUG 2025-06-19 11:06:37,568 middleware 3888 28228 Request from origin: 
INFO 2025-06-19 11:06:37,574 basehttp 3888 28228 "GET /admin/jsi18n/ HTTP/1.1" 200 17546
DEBUG 2025-06-19 11:06:37,705 middleware 3888 28860 Request from origin: http://localhost:3000
INFO 2025-06-19 11:06:37,710 views 3888 28860 Health check запрос от 127.0.0.1: ok
INFO 2025-06-19 11:06:37,711 basehttp 3888 28860 "GET /api/health/ HTTP/1.1" 200 251
DEBUG 2025-06-19 11:06:37,713 middleware 3888 28860 Request from origin: http://localhost:3000
INFO 2025-06-19 11:06:37,716 views 3888 28860 Health check запрос от 127.0.0.1: ok
INFO 2025-06-19 11:06:37,717 basehttp 3888 28860 "GET /api/health/ HTTP/1.1" 200 251
DEBUG 2025-06-19 11:06:37,741 middleware 3888 28860 Request from origin: http://localhost:3000
INFO 2025-06-19 11:06:37,745 basehttp 3888 28860 "GET /api/cities/ HTTP/1.1" 200 168
DEBUG 2025-06-19 11:06:37,746 middleware 3888 28860 Request from origin: http://localhost:3000
INFO 2025-06-19 11:06:37,750 basehttp 3888 28860 "GET /api/cities/ HTTP/1.1" 200 168
DEBUG 2025-06-19 11:06:37,760 middleware 3888 28860 Request from origin: http://localhost:3000
DEBUG 2025-06-19 11:06:37,763 middleware 3888 2908 Request from origin: http://localhost:3000
INFO 2025-06-19 11:06:37,770 basehttp 3888 2908 "GET /api/cafes/?city=1&t=1750302397758 HTTP/1.1" 200 499
INFO 2025-06-19 11:06:37,777 basehttp 3888 28860 "GET /api/cafes/?city=1&t=1750302397757 HTTP/1.1" 200 499
DEBUG 2025-06-19 11:06:37,787 middleware 3888 28860 Request from origin: http://localhost:3000
DEBUG 2025-06-19 11:06:37,791 views 3888 28860 Menu item: Шурпа, image: 'http://localhost:8000/media/menu_items/1ef19980-8e08-45b7-aff2-5292b5797aa9_kJopm0u.jpeg', image_full_url: 'http://localhost:8000/media/menu_items/1ef19980-8e08-45b7-aff2-5292b5797aa9_kJopm0u.jpeg'
INFO 2025-06-19 11:06:37,792 basehttp 3888 28860 "GET /api/menu-items/?cafe=1 HTTP/1.1" 200 471
DEBUG 2025-06-19 11:06:37,793 middleware 3888 28860 Request from origin: http://localhost:3000
DEBUG 2025-06-19 11:06:37,799 views 3888 28860 Menu item: Шурпа, image: 'http://localhost:8000/media/menu_items/1ef19980-8e08-45b7-aff2-5292b5797aa9_kJopm0u.jpeg', image_full_url: 'http://localhost:8000/media/menu_items/1ef19980-8e08-45b7-aff2-5292b5797aa9_kJopm0u.jpeg'
INFO 2025-06-19 11:06:37,800 basehttp 3888 28860 "GET /api/menu-items/?cafe=1 HTTP/1.1" 200 471
DEBUG 2025-06-19 11:06:40,680 middleware 3888 28228 Request from origin: http://127.0.0.1:8000
INFO 2025-06-19 11:06:40,699 basehttp 3888 28228 "POST /admin/cafes/order/ HTTP/1.1" 200 10125
DEBUG 2025-06-19 11:06:41,352 middleware 3888 28228 Request from origin: http://127.0.0.1:8000
INFO 2025-06-19 11:06:41,390 basehttp 3888 28228 "POST /admin/cafes/order/ HTTP/1.1" 302 0
DEBUG 2025-06-19 11:06:41,393 middleware 3888 28228 Request from origin: 
INFO 2025-06-19 11:06:41,404 basehttp 3888 28228 "GET /admin/cafes/order/ HTTP/1.1" 200 11325
DEBUG 2025-06-19 11:06:41,428 middleware 3888 28228 Request from origin: 
INFO 2025-06-19 11:06:41,432 basehttp 3888 28228 "GET /admin/jsi18n/ HTTP/1.1" 200 17546
DEBUG 2025-06-19 11:06:42,966 middleware 3888 28860 Request from origin: http://localhost:3000
INFO 2025-06-19 11:06:42,969 views 3888 28860 Health check запрос от 127.0.0.1: ok
INFO 2025-06-19 11:06:42,970 basehttp 3888 28860 "GET /api/health/ HTTP/1.1" 200 251
DEBUG 2025-06-19 11:06:42,971 middleware 3888 28860 Request from origin: http://localhost:3000
INFO 2025-06-19 11:06:42,974 views 3888 28860 Health check запрос от 127.0.0.1: ok
INFO 2025-06-19 11:06:42,975 basehttp 3888 28860 "GET /api/health/ HTTP/1.1" 200 252
DEBUG 2025-06-19 11:06:42,977 middleware 3888 28860 Request from origin: http://localhost:3000
INFO 2025-06-19 11:06:42,980 basehttp 3888 28860 "GET /api/cities/ HTTP/1.1" 200 168
DEBUG 2025-06-19 11:06:42,982 middleware 3888 28860 Request from origin: http://localhost:3000
INFO 2025-06-19 11:06:42,986 basehttp 3888 28860 "GET /api/cities/ HTTP/1.1" 200 168
DEBUG 2025-06-19 11:06:42,989 middleware 3888 28860 Request from origin: http://localhost:3000
INFO 2025-06-19 11:06:42,994 basehttp 3888 28860 "GET /api/cafes/?city=1&t=1750302402987 HTTP/1.1" 200 499
DEBUG 2025-06-19 11:06:43,015 middleware 3888 28860 Request from origin: http://localhost:3000
DEBUG 2025-06-19 11:06:43,015 middleware 3888 2908 Request from origin: http://localhost:3000
DEBUG 2025-06-19 11:06:43,021 views 3888 2908 Menu item: Шурпа, image: 'http://localhost:8000/media/menu_items/1ef19980-8e08-45b7-aff2-5292b5797aa9_kJopm0u.jpeg', image_full_url: 'http://localhost:8000/media/menu_items/1ef19980-8e08-45b7-aff2-5292b5797aa9_kJopm0u.jpeg'
INFO 2025-06-19 11:06:43,023 basehttp 3888 28860 "GET /api/cafes/?city=1&t=1750302403013 HTTP/1.1" 200 499
INFO 2025-06-19 11:06:43,023 basehttp 3888 2908 "GET /api/menu-items/?cafe=1 HTTP/1.1" 200 471
DEBUG 2025-06-19 11:06:43,026 middleware 3888 2908 Request from origin: http://localhost:3000
DEBUG 2025-06-19 11:06:43,031 views 3888 2908 Menu item: Шурпа, image: 'http://localhost:8000/media/menu_items/1ef19980-8e08-45b7-aff2-5292b5797aa9_kJopm0u.jpeg', image_full_url: 'http://localhost:8000/media/menu_items/1ef19980-8e08-45b7-aff2-5292b5797aa9_kJopm0u.jpeg'
INFO 2025-06-19 11:06:43,032 basehttp 3888 2908 "GET /api/menu-items/?cafe=1 HTTP/1.1" 200 471
DEBUG 2025-06-19 11:06:43,662 middleware 3888 2908 Request from origin: http://localhost:3000
DEBUG 2025-06-19 11:06:43,663 middleware 3888 28860 Request from origin: http://localhost:3000
INFO 2025-06-19 11:06:43,671 basehttp 3888 28860 "GET /api/cafes/?city=1&t=1750302403661 HTTP/1.1" 200 499
INFO 2025-06-19 11:06:43,681 basehttp 3888 2908 "GET /api/cafes/?city=1&t=1750302403660 HTTP/1.1" 200 499
DEBUG 2025-06-19 11:06:43,689 middleware 3888 2908 Request from origin: 
INFO 2025-06-19 11:06:43,729 basehttp 3888 2908 "GET /media/cafe_covers/XXXL_1_1_ENDyb7O.webp?t=1750302403641 HTTP/1.1" 200 100380
DEBUG 2025-06-19 11:06:44,757 middleware 3888 2596 Request from origin: http://localhost:3000
DEBUG 2025-06-19 11:06:44,762 views 3888 2596 Menu item: Шурпа, image: 'http://localhost:8000/media/menu_items/1ef19980-8e08-45b7-aff2-5292b5797aa9_kJopm0u.jpeg', image_full_url: 'http://localhost:8000/media/menu_items/1ef19980-8e08-45b7-aff2-5292b5797aa9_kJopm0u.jpeg'
INFO 2025-06-19 11:06:44,763 basehttp 3888 2596 "GET /api/menu-items/?cafe=1 HTTP/1.1" 200 471
DEBUG 2025-06-19 11:06:44,765 middleware 3888 2596 Request from origin: http://localhost:3000
DEBUG 2025-06-19 11:06:44,770 views 3888 2596 Menu item: Шурпа, image: 'http://localhost:8000/media/menu_items/1ef19980-8e08-45b7-aff2-5292b5797aa9_kJopm0u.jpeg', image_full_url: 'http://localhost:8000/media/menu_items/1ef19980-8e08-45b7-aff2-5292b5797aa9_kJopm0u.jpeg'
INFO 2025-06-19 11:06:44,771 basehttp 3888 2596 "GET /api/menu-items/?cafe=1 HTTP/1.1" 200 471
DEBUG 2025-06-19 11:06:45,644 middleware 3888 2908 Request from origin: http://localhost:3000
INFO 2025-06-19 11:06:45,647 views 3888 2908 Health check запрос от 127.0.0.1: ok
INFO 2025-06-19 11:06:45,647 basehttp 3888 2908 "GET /api/health/ HTTP/1.1" 200 252
DEBUG 2025-06-19 11:06:45,649 middleware 3888 2908 Request from origin: http://localhost:3000
INFO 2025-06-19 11:06:45,651 views 3888 2908 Health check запрос от 127.0.0.1: ok
INFO 2025-06-19 11:06:45,652 basehttp 3888 2908 "GET /api/health/ HTTP/1.1" 200 251
DEBUG 2025-06-19 11:06:45,655 middleware 3888 2908 Request from origin: http://localhost:3000
INFO 2025-06-19 11:06:45,659 basehttp 3888 2908 "GET /api/cities/ HTTP/1.1" 200 168
DEBUG 2025-06-19 11:06:45,679 middleware 3888 2908 Request from origin: http://localhost:3000
INFO 2025-06-19 11:06:45,682 basehttp 3888 2908 "GET /api/cities/ HTTP/1.1" 200 168
DEBUG 2025-06-19 11:06:45,685 middleware 3888 28860 Request from origin: http://localhost:3000
DEBUG 2025-06-19 11:06:45,688 middleware 3888 2908 Request from origin: http://localhost:3000
INFO 2025-06-19 11:06:45,695 basehttp 3888 28860 "GET /api/cafes/?city=1&t=1750302405678 HTTP/1.1" 200 499
INFO 2025-06-19 11:06:45,698 basehttp 3888 2908 "GET /api/cafes/?city=1&t=1750302405685 HTTP/1.1" 200 499
DEBUG 2025-06-19 11:06:45,704 middleware 3888 2908 Request from origin: http://localhost:3000
DEBUG 2025-06-19 11:06:45,704 middleware 3888 2596 Request from origin: http://localhost:3000
DEBUG 2025-06-19 11:06:45,706 middleware 3888 2596 CSRF Processing path: api/auth/csrf/, Method: GET
DEBUG 2025-06-19 11:06:45,706 middleware 3888 2596 CSRF token in cookie: True
DEBUG 2025-06-19 11:06:45,706 middleware 3888 2596 CSRF token in header: False
DEBUG 2025-06-19 11:06:45,707 middleware 3888 2596 CSRF cookie token (first 6): zp61dr...
DEBUG 2025-06-19 11:06:45,711 views 3888 2908 Menu item: Шурпа, image: 'http://localhost:8000/media/menu_items/1ef19980-8e08-45b7-aff2-5292b5797aa9_kJopm0u.jpeg', image_full_url: 'http://localhost:8000/media/menu_items/1ef19980-8e08-45b7-aff2-5292b5797aa9_kJopm0u.jpeg'
INFO 2025-06-19 11:06:45,713 auth 3888 2596 Запрос CSRF токена
INFO 2025-06-19 11:06:45,713 basehttp 3888 2908 "GET /api/menu-items/?cafe=1 HTTP/1.1" 200 471
INFO 2025-06-19 11:06:45,713 auth 3888 2596 CSRF запрос от Origin: http://localhost:3000, Referer: http://localhost:3000/
DEBUG 2025-06-19 11:06:45,714 auth 3888 2596 User-Agent: Mozilla/5.0 (Windows NT 10.0; Win64; x64) AppleWebKit/537.36 (KHTML, like Gecko) Chrome/134.0.0.0 Safari/537.36 OPR/119.0.0.0
INFO 2025-06-19 11:06:45,714 auth 3888 2596 CSRF токен сгенерирован: pBOKLj... (первые 6 символов)
DEBUG 2025-06-19 11:06:45,715 middleware 3888 2908 Request from origin: http://localhost:3000
DEBUG 2025-06-19 11:06:45,715 auth 3888 2596 Настройки CSRF cookie: {'csrf_cookie': {'name': 'csrftoken', 'secure': False, 'httponly': False, 'samesite': 'Lax'}}
INFO 2025-06-19 11:06:45,717 basehttp 3888 2596 "GET /api/auth/csrf/ HTTP/1.1" 200 58
DEBUG 2025-06-19 11:06:45,719 middleware 3888 2596 Request from origin: http://localhost:3000
DEBUG 2025-06-19 11:06:45,719 middleware 3888 2596 CSRF Processing path: api/auth/csrf/, Method: GET
DEBUG 2025-06-19 11:06:45,721 views 3888 2908 Menu item: Шурпа, image: 'http://localhost:8000/media/menu_items/1ef19980-8e08-45b7-aff2-5292b5797aa9_kJopm0u.jpeg', image_full_url: 'http://localhost:8000/media/menu_items/1ef19980-8e08-45b7-aff2-5292b5797aa9_kJopm0u.jpeg'
DEBUG 2025-06-19 11:06:45,721 middleware 3888 2596 CSRF token in cookie: True
DEBUG 2025-06-19 11:06:45,721 middleware 3888 2596 CSRF token in header: False
DEBUG 2025-06-19 11:06:45,721 middleware 3888 2596 CSRF cookie token (first 6): zp61dr...
INFO 2025-06-19 11:06:45,722 basehttp 3888 2908 "GET /api/menu-items/?cafe=1 HTTP/1.1" 200 471
INFO 2025-06-19 11:06:45,724 auth 3888 2596 Запрос CSRF токена
INFO 2025-06-19 11:06:45,725 auth 3888 2596 CSRF запрос от Origin: http://localhost:3000, Referer: http://localhost:3000/
DEBUG 2025-06-19 11:06:45,725 auth 3888 2596 User-Agent: Mozilla/5.0 (Windows NT 10.0; Win64; x64) AppleWebKit/537.36 (KHTML, like Gecko) Chrome/134.0.0.0 Safari/537.36 OPR/119.0.0.0
INFO 2025-06-19 11:06:45,725 auth 3888 2596 CSRF токен сгенерирован: DJkbEQ... (первые 6 символов)
DEBUG 2025-06-19 11:06:45,726 auth 3888 2596 Настройки CSRF cookie: {'csrf_cookie': {'name': 'csrftoken', 'secure': False, 'httponly': False, 'samesite': 'Lax'}}
INFO 2025-06-19 11:06:45,727 basehttp 3888 2596 "GET /api/auth/csrf/ HTTP/1.1" 200 58
DEBUG 2025-06-19 11:06:52,251 middleware 3888 2596 Request from origin: http://localhost:3000
DEBUG 2025-06-19 11:06:52,252 middleware 3888 2596 CSRF Processing path: api/auth/csrf/, Method: GET
DEBUG 2025-06-19 11:06:52,253 middleware 3888 2596 CSRF token in cookie: True
DEBUG 2025-06-19 11:06:52,253 middleware 3888 2596 CSRF token in header: False
DEBUG 2025-06-19 11:06:52,253 middleware 3888 2596 CSRF cookie token (first 6): zp61dr...
INFO 2025-06-19 11:06:52,256 auth 3888 2596 Запрос CSRF токена
INFO 2025-06-19 11:06:52,256 auth 3888 2596 CSRF запрос от Origin: http://localhost:3000, Referer: http://localhost:3000/
DEBUG 2025-06-19 11:06:52,256 auth 3888 2596 User-Agent: Mozilla/5.0 (Windows NT 10.0; Win64; x64) AppleWebKit/537.36 (KHTML, like Gecko) Chrome/134.0.0.0 Safari/537.36 OPR/119.0.0.0
INFO 2025-06-19 11:06:52,256 auth 3888 2596 CSRF токен сгенерирован: qoQuiE... (первые 6 символов)
DEBUG 2025-06-19 11:06:52,256 auth 3888 2596 Настройки CSRF cookie: {'csrf_cookie': {'name': 'csrftoken', 'secure': False, 'httponly': False, 'samesite': 'Lax'}}
INFO 2025-06-19 11:06:52,257 basehttp 3888 2596 "GET /api/auth/csrf/ HTTP/1.1" 200 58
DEBUG 2025-06-19 11:06:53,079 middleware 3888 2596 Request from origin: http://localhost:3000
DEBUG 2025-06-19 11:06:53,080 middleware 3888 2596 CSRF Processing path: api/auth/csrf/, Method: GET
DEBUG 2025-06-19 11:06:53,080 middleware 3888 2596 CSRF token in cookie: True
DEBUG 2025-06-19 11:06:53,080 middleware 3888 2596 CSRF token in header: False
DEBUG 2025-06-19 11:06:53,080 middleware 3888 2596 CSRF cookie token (first 6): zp61dr...
INFO 2025-06-19 11:06:53,083 auth 3888 2596 Запрос CSRF токена
INFO 2025-06-19 11:06:53,083 auth 3888 2596 CSRF запрос от Origin: http://localhost:3000, Referer: http://localhost:3000/
DEBUG 2025-06-19 11:06:53,083 auth 3888 2596 User-Agent: Mozilla/5.0 (Windows NT 10.0; Win64; x64) AppleWebKit/537.36 (KHTML, like Gecko) Chrome/134.0.0.0 Safari/537.36 OPR/119.0.0.0
INFO 2025-06-19 11:06:53,084 auth 3888 2596 CSRF токен сгенерирован: xlJiYw... (первые 6 символов)
DEBUG 2025-06-19 11:06:53,084 auth 3888 2596 Настройки CSRF cookie: {'csrf_cookie': {'name': 'csrftoken', 'secure': False, 'httponly': False, 'samesite': 'Lax'}}
INFO 2025-06-19 11:06:53,085 basehttp 3888 2596 "GET /api/auth/csrf/ HTTP/1.1" 200 58
DEBUG 2025-06-19 11:06:53,400 middleware 3888 2596 Request from origin: http://localhost:3000
DEBUG 2025-06-19 11:06:53,400 middleware 3888 2596 CSRF Processing path: api/auth/csrf/, Method: GET
DEBUG 2025-06-19 11:06:53,401 middleware 3888 2596 CSRF token in cookie: True
DEBUG 2025-06-19 11:06:53,401 middleware 3888 2596 CSRF token in header: False
DEBUG 2025-06-19 11:06:53,401 middleware 3888 2596 CSRF cookie token (first 6): zp61dr...
INFO 2025-06-19 11:06:53,404 auth 3888 2596 Запрос CSRF токена
INFO 2025-06-19 11:06:53,404 auth 3888 2596 CSRF запрос от Origin: http://localhost:3000, Referer: http://localhost:3000/
DEBUG 2025-06-19 11:06:53,404 auth 3888 2596 User-Agent: Mozilla/5.0 (Windows NT 10.0; Win64; x64) AppleWebKit/537.36 (KHTML, like Gecko) Chrome/134.0.0.0 Safari/537.36 OPR/119.0.0.0
INFO 2025-06-19 11:06:53,405 auth 3888 2596 CSRF токен сгенерирован: kgWWOG... (первые 6 символов)
DEBUG 2025-06-19 11:06:53,405 auth 3888 2596 Настройки CSRF cookie: {'csrf_cookie': {'name': 'csrftoken', 'secure': False, 'httponly': False, 'samesite': 'Lax'}}
INFO 2025-06-19 11:06:53,405 basehttp 3888 2596 "GET /api/auth/csrf/ HTTP/1.1" 200 58
DEBUG 2025-06-19 11:06:53,710 middleware 3888 2596 Request from origin: http://localhost:3000
DEBUG 2025-06-19 11:06:53,710 middleware 3888 2596 CSRF Processing path: api/auth/login/, Method: POST
DEBUG 2025-06-19 11:06:53,710 middleware 3888 2596 CSRF token in cookie: True
DEBUG 2025-06-19 11:06:53,710 middleware 3888 2596 CSRF token in header: True
DEBUG 2025-06-19 11:06:53,711 middleware 3888 2596 CSRF cookie token (first 6): zp61dr...
DEBUG 2025-06-19 11:06:53,711 middleware 3888 2596 CSRF header token (first 6): zp61dr...
INFO 2025-06-19 11:06:53,714 auth 3888 2596 Попытка входа с email: hello@gmail.com
DEBUG 2025-06-19 11:06:53,714 auth 3888 2596 Запрос входа: {'email': 'hello@gmail.com', 'password': 'A166DB701'}
INFO 2025-06-19 11:06:53,714 auth 3888 2596 CSRF токен в заголовке: zp61dr...
INFO 2025-06-19 11:06:53,715 auth 3888 2596 Origin заголовок: http://localhost:3000
INFO 2025-06-19 11:06:53,715 auth 3888 2596 HTTP метод: POST
INFO 2025-06-19 11:06:53,715 auth 3888 2596 Content-Type: application/json
INFO 2025-06-19 11:06:53,715 auth 3888 2596 Cookies: {'sessionid': 'fj5o25xybhdrci5nu0tictpekeb0kw56', 'csrftoken': 'zp61drlHaUZkwvHicW10dVT2t07LrI3l'}
INFO 2025-06-19 11:06:53,715 auth 3888 2596 HTTP_X_CSRFTOKEN: zp61dr...
INFO 2025-06-19 11:06:53,715 auth 3888 2596 Cookie CSRF: zp61dr...
INFO 2025-06-19 11:06:53,716 auth 3888 2596 CSRF токены совпадают: True
INFO 2025-06-19 11:06:53,717 auth 3888 2596 Проверка учетной записи: hello@gmail.com
INFO 2025-06-19 11:06:54,069 auth 3888 2596 Успешный вход пользователя: Hello
INFO 2025-06-19 11:06:54,071 auth 3888 2596 Пользователь Hello является владельцем ресторана Aliya
INFO 2025-06-19 11:06:54,071 auth 3888 2596 Данные для отправки: {'id': 2, 'email': 'hello@gmail.com', 'name': 'Hello', 'cafe_id': 1, 'role': 'owner'}
INFO 2025-06-19 11:06:54,077 basehttp 3888 2596 "POST /api/auth/login/ HTTP/1.1" 200 76
DEBUG 2025-06-19 11:06:54,088 middleware 3888 2596 Request from origin: http://localhost:3000
INFO 2025-06-19 11:06:54,094 basehttp 3888 2596 "GET /api/cafes/1/ HTTP/1.1" 200 447
DEBUG 2025-06-19 11:06:54,096 middleware 3888 2596 Request from origin: http://localhost:3000
DEBUG 2025-06-19 11:06:54,097 middleware 3888 28904 Request from origin: http://localhost:3000
INFO 2025-06-19 11:06:54,104 basehttp 3888 2596 "GET /api/cafes/1/ HTTP/1.1" 200 447
INFO 2025-06-19 11:06:54,107 basehttp 3888 28904 "GET /api/cafes/1/statistics/ HTTP/1.1" 200 79
DEBUG 2025-06-19 11:06:54,109 middleware 3888 28904 Request from origin: http://localhost:3000
DEBUG 2025-06-19 11:06:54,111 middleware 3888 2596 Request from origin: http://localhost:3000
INFO 2025-06-19 11:06:54,120 basehttp 3888 28904 "GET /api/cafes/1/statistics/ HTTP/1.1" 200 79
INFO 2025-06-19 11:06:54,120 basehttp 3888 2596 "GET /api/orders/?cafe=1 HTTP/1.1" 200 52
DEBUG 2025-06-19 11:06:54,124 middleware 3888 2596 Request from origin: http://localhost:3000
INFO 2025-06-19 11:06:54,130 basehttp 3888 2596 "GET /api/orders/?cafe=1 HTTP/1.1" 200 52
DEBUG 2025-06-19 11:07:03,604 middleware 3888 2596 Request from origin: http://localhost:3000
DEBUG 2025-06-19 11:07:03,605 middleware 3888 2596 CSRF Processing path: api/auth/csrf/, Method: GET
DEBUG 2025-06-19 11:07:03,605 middleware 3888 2596 CSRF token in cookie: True
DEBUG 2025-06-19 11:07:03,605 middleware 3888 2596 CSRF token in header: False
DEBUG 2025-06-19 11:07:03,605 middleware 3888 2596 CSRF cookie token (first 6): UOXdfJ...
INFO 2025-06-19 11:07:03,609 auth 3888 2596 Запрос CSRF токена
INFO 2025-06-19 11:07:03,609 auth 3888 2596 CSRF запрос от Origin: http://localhost:3000, Referer: http://localhost:3000/
DEBUG 2025-06-19 11:07:03,610 auth 3888 2596 User-Agent: Mozilla/5.0 (Windows NT 10.0; Win64; x64) AppleWebKit/537.36 (KHTML, like Gecko) Chrome/134.0.0.0 Safari/537.36 OPR/119.0.0.0
INFO 2025-06-19 11:07:03,610 auth 3888 2596 CSRF токен сгенерирован: xUgYvC... (первые 6 символов)
DEBUG 2025-06-19 11:07:03,610 auth 3888 2596 Настройки CSRF cookie: {'csrf_cookie': {'name': 'csrftoken', 'secure': False, 'httponly': False, 'samesite': 'Lax'}}
INFO 2025-06-19 11:07:03,611 basehttp 3888 2596 "GET /api/auth/csrf/ HTTP/1.1" 200 58
INFO 2025-06-19 11:07:04,228 basehttp 3888 26920 "OPTIONS /api/orders/?client_order_id=1750302423547-nr6ctz HTTP/1.1" 200 0
DEBUG 2025-06-19 11:07:04,229 middleware 3888 2596 Request from origin: http://localhost:3000
INFO 2025-06-19 11:07:04,232 views 3888 2596 Filtering orders by client_order_id: '1750302423547-nr6ctz'
INFO 2025-06-19 11:07:04,233 views 3888 2596 Found 0 orders with client_order_id '1750302423547-nr6ctz'
INFO 2025-06-19 11:07:04,236 basehttp 3888 2596 "GET /api/orders/?client_order_id=1750302423547-nr6ctz HTTP/1.1" 200 52
DEBUG 2025-06-19 11:07:04,238 middleware 3888 2596 Request from origin: http://localhost:3000
DEBUG 2025-06-19 11:07:04,239 middleware 3888 2596 CSRF Processing path: api/auth/csrf/, Method: GET
DEBUG 2025-06-19 11:07:04,239 middleware 3888 2596 CSRF token in cookie: True
DEBUG 2025-06-19 11:07:04,239 middleware 3888 2596 CSRF token in header: False
DEBUG 2025-06-19 11:07:04,240 middleware 3888 2596 CSRF cookie token (first 6): UOXdfJ...
INFO 2025-06-19 11:07:04,242 auth 3888 2596 Запрос CSRF токена
INFO 2025-06-19 11:07:04,242 auth 3888 2596 CSRF запрос от Origin: http://localhost:3000, Referer: http://localhost:3000/
DEBUG 2025-06-19 11:07:04,242 auth 3888 2596 User-Agent: Mozilla/5.0 (Windows NT 10.0; Win64; x64) AppleWebKit/537.36 (KHTML, like Gecko) Chrome/134.0.0.0 Safari/537.36 OPR/119.0.0.0
INFO 2025-06-19 11:07:04,243 auth 3888 2596 CSRF токен сгенерирован: r1NeHp... (первые 6 символов)
DEBUG 2025-06-19 11:07:04,243 auth 3888 2596 Настройки CSRF cookie: {'csrf_cookie': {'name': 'csrftoken', 'secure': False, 'httponly': False, 'samesite': 'Lax'}}
INFO 2025-06-19 11:07:04,244 basehttp 3888 2596 "GET /api/auth/csrf/ HTTP/1.1" 200 58
DEBUG 2025-06-19 11:07:04,649 middleware 3888 28228 Request from origin: 
INFO 2025-06-19 11:07:04,661 basehttp 3888 28228 "GET /admin/cafes/order/ HTTP/1.1" 200 11180
DEBUG 2025-06-19 11:07:04,679 middleware 3888 28228 Request from origin: 
INFO 2025-06-19 11:07:04,683 basehttp 3888 28228 "GET /admin/jsi18n/ HTTP/1.1" 200 17546
DEBUG 2025-06-19 11:07:05,231 middleware 3888 28228 Request from origin: 
INFO 2025-06-19 11:07:05,242 basehttp 3888 28228 "GET /admin/cafes/order/ HTTP/1.1" 200 11180
DEBUG 2025-06-19 11:07:05,259 middleware 3888 28228 Request from origin: 
INFO 2025-06-19 11:07:05,263 basehttp 3888 28228 "GET /admin/jsi18n/ HTTP/1.1" 200 17546
DEBUG 2025-06-19 11:07:05,292 middleware 3888 2596 Request from origin: http://localhost:3000
INFO 2025-06-19 11:07:05,295 views 3888 2596 Checking if order with client_order_id '1750302423547-nr6ctz' already exists
INFO 2025-06-19 11:07:05,298 views 3888 2596 Creating order with customer_name: 'Гость', client_order_id: '1750302423547-nr6ctz', order_type: 'pickup'
INFO 2025-06-19 11:07:05,298 views 3888 2596 Request data: {'cafe': 1, 'order_type': 'pickup', 'status': 'new', 'total_price': 123, 'client_order_id': '1750302423547-nr6ctz', 'customer_name': 'Гость'}
INFO 2025-06-19 11:07:05,298 views 3888 2596 User is authenticated: Hello
INFO 2025-06-19 11:07:05,305 views 3888 2596 Order created successfully with ID: 23, order_type: pickup, client_order_id: 1750302423547-nr6ctz
INFO 2025-06-19 11:07:05,308 basehttp 3888 2596 "POST /api/orders/ HTTP/1.1" 201 261
DEBUG 2025-06-19 11:07:05,549 middleware 3888 28228 Request from origin: 
INFO 2025-06-19 11:07:05,563 basehttp 3888 28228 "GET /admin/cafes/order/ HTTP/1.1" 200 14155
DEBUG 2025-06-19 11:07:05,581 middleware 3888 28228 Request from origin: 
INFO 2025-06-19 11:07:05,585 basehttp 3888 28228 "GET /admin/jsi18n/ HTTP/1.1" 200 17546
DEBUG 2025-06-19 11:07:07,043 middleware 3888 2908 Request from origin: http://localhost:3000
INFO 2025-06-19 11:07:07,045 views 3888 2908 Health check запрос от 127.0.0.1: ok
INFO 2025-06-19 11:07:07,046 basehttp 3888 2908 "GET /api/health/ HTTP/1.1" 200 252
DEBUG 2025-06-19 11:07:07,047 middleware 3888 2908 Request from origin: http://localhost:3000
INFO 2025-06-19 11:07:07,050 views 3888 2908 Health check запрос от 127.0.0.1: ok
INFO 2025-06-19 11:07:07,051 basehttp 3888 2908 "GET /api/health/ HTTP/1.1" 200 252
DEBUG 2025-06-19 11:07:07,053 middleware 3888 2908 Request from origin: http://localhost:3000
DEBUG 2025-06-19 11:07:07,056 middleware 3888 2596 Request from origin: http://localhost:3000
INFO 2025-06-19 11:07:07,059 basehttp 3888 2908 "GET /api/cities/ HTTP/1.1" 200 168
DEBUG 2025-06-19 11:07:07,061 middleware 3888 2908 Request from origin: http://localhost:3000
DEBUG 2025-06-19 11:07:07,063 middleware 3888 28860 Request from origin: http://localhost:3000
INFO 2025-06-19 11:07:07,069 basehttp 3888 2596 "GET /api/cafes/1/ HTTP/1.1" 200 447
INFO 2025-06-19 11:07:07,069 basehttp 3888 2908 "GET /api/cities/ HTTP/1.1" 200 168
DEBUG 2025-06-19 11:07:07,072 middleware 3888 2596 Request from origin: http://localhost:3000
INFO 2025-06-19 11:07:07,074 basehttp 3888 28860 "GET /api/cafes/?city=1&t=1750302427060 HTTP/1.1" 200 499
INFO 2025-06-19 11:07:07,078 basehttp 3888 2596 "GET /api/cafes/1/ HTTP/1.1" 200 447
DEBUG 2025-06-19 11:07:07,084 middleware 3888 28860 Request from origin: http://localhost:3000
DEBUG 2025-06-19 11:07:07,085 middleware 3888 2596 Request from origin: http://localhost:3000
DEBUG 2025-06-19 11:07:07,087 middleware 3888 2908 Request from origin: http://localhost:3000
DEBUG 2025-06-19 11:07:07,099 views 3888 2908 Menu item: Шурпа, image: 'http://localhost:8000/media/menu_items/1ef19980-8e08-45b7-aff2-5292b5797aa9_kJopm0u.jpeg', image_full_url: 'http://localhost:8000/media/menu_items/1ef19980-8e08-45b7-aff2-5292b5797aa9_kJopm0u.jpeg'
INFO 2025-06-19 11:07:07,102 basehttp 3888 28860 "GET /api/cafes/?city=1&t=1750302427083 HTTP/1.1" 200 499
INFO 2025-06-19 11:07:07,102 basehttp 3888 2908 "GET /api/menu-items/?cafe=1 HTTP/1.1" 200 471
INFO 2025-06-19 11:07:07,105 basehttp 3888 2596 "GET /api/cafes/1/statistics/ HTTP/1.1" 200 87
DEBUG 2025-06-19 11:07:07,106 middleware 3888 2596 Request from origin: http://localhost:3000
DEBUG 2025-06-19 11:07:07,108 middleware 3888 2908 Request from origin: http://localhost:3000
DEBUG 2025-06-19 11:07:07,109 middleware 3888 28904 Request from origin: http://localhost:3000
DEBUG 2025-06-19 11:07:07,115 views 3888 2908 Menu item: Шурпа, image: 'http://localhost:8000/media/menu_items/1ef19980-8e08-45b7-aff2-5292b5797aa9_kJopm0u.jpeg', image_full_url: 'http://localhost:8000/media/menu_items/1ef19980-8e08-45b7-aff2-5292b5797aa9_kJopm0u.jpeg'
INFO 2025-06-19 11:07:07,117 basehttp 3888 2908 "GET /api/menu-items/?cafe=1 HTTP/1.1" 200 471
INFO 2025-06-19 11:07:07,122 basehttp 3888 2596 "GET /api/cafes/1/statistics/ HTTP/1.1" 200 87
INFO 2025-06-19 11:07:07,126 basehttp 3888 28904 "GET /api/orders/?cafe=1 HTTP/1.1" 200 313
DEBUG 2025-06-19 11:07:07,128 middleware 3888 28904 Request from origin: http://localhost:3000
INFO 2025-06-19 11:07:07,136 basehttp 3888 28904 "GET /api/orders/?cafe=1 HTTP/1.1" 200 313
DEBUG 2025-06-19 11:07:12,049 middleware 3888 28904 Request from origin: http://localhost:3000
DEBUG 2025-06-19 11:07:12,056 views 3888 28904 Menu item: Шурпа, image: 'http://localhost:8000/media/menu_items/1ef19980-8e08-45b7-aff2-5292b5797aa9_kJopm0u.jpeg', image_full_url: 'http://localhost:8000/media/menu_items/1ef19980-8e08-45b7-aff2-5292b5797aa9_kJopm0u.jpeg'
INFO 2025-06-19 11:07:12,057 basehttp 3888 28904 "GET /api/menu-items/?cafe=1 HTTP/1.1" 200 471
DEBUG 2025-06-19 11:07:12,059 middleware 3888 28904 Request from origin: http://localhost:3000
DEBUG 2025-06-19 11:07:12,067 views 3888 28904 Menu item: Шурпа, image: 'http://localhost:8000/media/menu_items/1ef19980-8e08-45b7-aff2-5292b5797aa9_kJopm0u.jpeg', image_full_url: 'http://localhost:8000/media/menu_items/1ef19980-8e08-45b7-aff2-5292b5797aa9_kJopm0u.jpeg'
INFO 2025-06-19 11:07:12,069 basehttp 3888 28904 "GET /api/menu-items/?cafe=1 HTTP/1.1" 200 471
DEBUG 2025-06-19 11:07:22,295 middleware 3888 28904 Request from origin: http://localhost:3000
DEBUG 2025-06-19 11:07:22,296 middleware 3888 28904 CSRF Processing path: api/auth/csrf/, Method: GET
DEBUG 2025-06-19 11:07:22,296 middleware 3888 28904 CSRF token in cookie: True
DEBUG 2025-06-19 11:07:22,296 middleware 3888 28904 CSRF token in header: False
DEBUG 2025-06-19 11:07:22,297 middleware 3888 28904 CSRF cookie token (first 6): UOXdfJ...
INFO 2025-06-19 11:07:22,300 auth 3888 28904 Запрос CSRF токена
INFO 2025-06-19 11:07:22,300 auth 3888 28904 CSRF запрос от Origin: http://localhost:3000, Referer: http://localhost:3000/
DEBUG 2025-06-19 11:07:22,300 auth 3888 28904 User-Agent: Mozilla/5.0 (Windows NT 10.0; Win64; x64) AppleWebKit/537.36 (KHTML, like Gecko) Chrome/134.0.0.0 Safari/537.36 OPR/119.0.0.0
INFO 2025-06-19 11:07:22,301 auth 3888 28904 CSRF токен сгенерирован: SAlYxd... (первые 6 символов)
DEBUG 2025-06-19 11:07:22,301 auth 3888 28904 Настройки CSRF cookie: {'csrf_cookie': {'name': 'csrftoken', 'secure': False, 'httponly': False, 'samesite': 'Lax'}}
INFO 2025-06-19 11:07:22,302 basehttp 3888 28904 "GET /api/auth/csrf/ HTTP/1.1" 200 58
INFO 2025-06-19 11:07:22,606 basehttp 3888 26920 "OPTIONS /api/orders/?client_order_id=1750302442282-8ruasc HTTP/1.1" 200 0
DEBUG 2025-06-19 11:07:22,607 middleware 3888 28904 Request from origin: http://localhost:3000
INFO 2025-06-19 11:07:22,611 views 3888 28904 Filtering orders by client_order_id: '1750302442282-8ruasc'
INFO 2025-06-19 11:07:22,612 views 3888 28904 Found 0 orders with client_order_id '1750302442282-8ruasc'
INFO 2025-06-19 11:07:22,614 basehttp 3888 28904 "GET /api/orders/?client_order_id=1750302442282-8ruasc HTTP/1.1" 200 52
DEBUG 2025-06-19 11:07:22,618 middleware 3888 28904 Request from origin: http://localhost:3000
DEBUG 2025-06-19 11:07:22,618 middleware 3888 28904 CSRF Processing path: api/auth/csrf/, Method: GET
DEBUG 2025-06-19 11:07:22,618 middleware 3888 28904 CSRF token in cookie: True
DEBUG 2025-06-19 11:07:22,618 middleware 3888 28904 CSRF token in header: False
DEBUG 2025-06-19 11:07:22,619 middleware 3888 28904 CSRF cookie token (first 6): UOXdfJ...
INFO 2025-06-19 11:07:22,623 auth 3888 28904 Запрос CSRF токена
INFO 2025-06-19 11:07:22,623 auth 3888 28904 CSRF запрос от Origin: http://localhost:3000, Referer: http://localhost:3000/
DEBUG 2025-06-19 11:07:22,623 auth 3888 28904 User-Agent: Mozilla/5.0 (Windows NT 10.0; Win64; x64) AppleWebKit/537.36 (KHTML, like Gecko) Chrome/134.0.0.0 Safari/537.36 OPR/119.0.0.0
INFO 2025-06-19 11:07:22,623 auth 3888 28904 CSRF токен сгенерирован: mc2m7b... (первые 6 символов)
DEBUG 2025-06-19 11:07:22,624 auth 3888 28904 Настройки CSRF cookie: {'csrf_cookie': {'name': 'csrftoken', 'secure': False, 'httponly': False, 'samesite': 'Lax'}}
INFO 2025-06-19 11:07:22,624 basehttp 3888 28904 "GET /api/auth/csrf/ HTTP/1.1" 200 58
DEBUG 2025-06-19 11:07:22,932 middleware 3888 28904 Request from origin: http://localhost:3000
INFO 2025-06-19 11:07:22,935 views 3888 28904 Checking if order with client_order_id '1750302442282-8ruasc' already exists
INFO 2025-06-19 11:07:22,937 views 3888 28904 Creating order with customer_name: '123', client_order_id: '1750302442282-8ruasc', order_type: 'delivery'
INFO 2025-06-19 11:07:22,938 views 3888 28904 Request data: {'cafe': 1, 'order_type': 'delivery', 'status': 'new', 'total_price': 246, 'client_order_id': '1750302442282-8ruasc', 'customer_name': '123'}
INFO 2025-06-19 11:07:22,938 views 3888 28904 User is authenticated: Hello
INFO 2025-06-19 11:07:22,945 views 3888 28904 Order created successfully with ID: 24, order_type: delivery, client_order_id: 1750302442282-8ruasc
INFO 2025-06-19 11:07:22,947 basehttp 3888 28904 "POST /api/orders/ HTTP/1.1" 201 263
DEBUG 2025-06-19 11:07:24,755 middleware 3888 28228 Request from origin: 
INFO 2025-06-19 11:07:24,771 basehttp 3888 28228 "GET /admin/cafes/order/ HTTP/1.1" 200 14768
DEBUG 2025-06-19 11:07:24,790 middleware 3888 28228 Request from origin: 
INFO 2025-06-19 11:07:24,795 basehttp 3888 28228 "GET /admin/jsi18n/ HTTP/1.1" 200 17546
DEBUG 2025-06-19 11:07:26,085 middleware 3888 28228 Request from origin: 
INFO 2025-06-19 11:07:26,134 basehttp 3888 28228 "GET /admin/cafes/order/24/change/ HTTP/1.1" 200 26062
DEBUG 2025-06-19 11:07:26,154 middleware 3888 28972 Request from origin: 
INFO 2025-06-19 11:07:26,156 basehttp 3888 28228 "GET /static/admin/css/forms.css HTTP/1.1" 200 9090
INFO 2025-06-19 11:07:26,157 basehttp 3888 26208 "GET /static/admin/js/inlines.js HTTP/1.1" 200 15526
INFO 2025-06-19 11:07:26,157 basehttp 3888 27576 "GET /static/admin/js/prepopulate_init.js HTTP/1.1" 200 586
INFO 2025-06-19 11:07:26,161 basehttp 3888 28972 "GET /admin/jsi18n/ HTTP/1.1" 200 17546
INFO 2025-06-19 11:07:26,163 basehttp 3888 27576 "GET /static/admin/css/widgets.css HTTP/1.1" 200 11800
INFO 2025-06-19 11:07:26,171 basehttp 3888 27576 "GET /static/admin/js/change_form.js HTTP/1.1" 200 606
INFO 2025-06-19 11:07:26,199 basehttp 3888 27576 "GET /static/admin/img/inline-delete.svg HTTP/1.1" 200 560
DEBUG 2025-06-19 11:07:39,323 middleware 3888 27576 Request from origin: 
INFO 2025-06-19 11:07:39,339 basehttp 3888 27576 "GET /admin/cafes/order/ HTTP/1.1" 200 14768
DEBUG 2025-06-19 11:07:41,202 middleware 3888 2908 Request from origin: http://localhost:3000
INFO 2025-06-19 11:07:41,205 views 3888 2908 Health check запрос от 127.0.0.1: ok
INFO 2025-06-19 11:07:41,205 basehttp 3888 2908 "GET /api/health/ HTTP/1.1" 200 252
DEBUG 2025-06-19 11:07:41,207 middleware 3888 2908 Request from origin: http://localhost:3000
INFO 2025-06-19 11:07:41,209 views 3888 2908 Health check запрос от 127.0.0.1: ok
INFO 2025-06-19 11:07:41,210 basehttp 3888 2908 "GET /api/health/ HTTP/1.1" 200 252
DEBUG 2025-06-19 11:07:41,212 middleware 3888 2908 Request from origin: http://localhost:3000
DEBUG 2025-06-19 11:07:41,215 middleware 3888 28904 Request from origin: http://localhost:3000
INFO 2025-06-19 11:07:41,218 basehttp 3888 2908 "GET /api/cities/ HTTP/1.1" 200 168
DEBUG 2025-06-19 11:07:41,220 middleware 3888 2908 Request from origin: http://localhost:3000
DEBUG 2025-06-19 11:07:41,221 middleware 3888 28860 Request from origin: http://localhost:3000
INFO 2025-06-19 11:07:41,225 basehttp 3888 28904 "GET /api/cafes/1/ HTTP/1.1" 200 447
DEBUG 2025-06-19 11:07:41,228 middleware 3888 28904 Request from origin: http://localhost:3000
DEBUG 2025-06-19 11:07:41,229 middleware 3888 2596 Request from origin: http://localhost:3000
INFO 2025-06-19 11:07:41,232 basehttp 3888 2908 "GET /api/cities/ HTTP/1.1" 200 168
INFO 2025-06-19 11:07:41,234 basehttp 3888 28860 "GET /api/cafes/?city=1&t=1750302461219 HTTP/1.1" 200 499
DEBUG 2025-06-19 11:07:41,235 middleware 3888 2908 Request from origin: http://localhost:3000
DEBUG 2025-06-19 11:07:41,239 middleware 3888 28860 Request from origin: http://localhost:3000
INFO 2025-06-19 11:07:41,247 basehttp 3888 2908 "GET /api/cafes/?city=1&t=1750302461233 HTTP/1.1" 200 499
DEBUG 2025-06-19 11:07:41,248 views 3888 28860 Menu item: Шурпа, image: 'http://localhost:8000/media/menu_items/1ef19980-8e08-45b7-aff2-5292b5797aa9_kJopm0u.jpeg', image_full_url: 'http://localhost:8000/media/menu_items/1ef19980-8e08-45b7-aff2-5292b5797aa9_kJopm0u.jpeg'
INFO 2025-06-19 11:07:41,250 basehttp 3888 28904 "GET /api/cafes/1/ HTTP/1.1" 200 447
INFO 2025-06-19 11:07:41,250 basehttp 3888 28860 "GET /api/menu-items/?cafe=1 HTTP/1.1" 200 471
DEBUG 2025-06-19 11:07:41,253 middleware 3888 28860 Request from origin: http://localhost:3000
DEBUG 2025-06-19 11:07:41,256 views 3888 28860 Menu item: Шурпа, image: 'http://localhost:8000/media/menu_items/1ef19980-8e08-45b7-aff2-5292b5797aa9_kJopm0u.jpeg', image_full_url: 'http://localhost:8000/media/menu_items/1ef19980-8e08-45b7-aff2-5292b5797aa9_kJopm0u.jpeg'
INFO 2025-06-19 11:07:41,258 basehttp 3888 28860 "GET /api/menu-items/?cafe=1 HTTP/1.1" 200 471
INFO 2025-06-19 11:07:41,260 basehttp 3888 2596 "GET /api/cafes/1/statistics/ HTTP/1.1" 200 87
DEBUG 2025-06-19 11:07:41,261 middleware 3888 2596 Request from origin: http://localhost:3000
DEBUG 2025-06-19 11:07:41,263 middleware 3888 28904 Request from origin: http://localhost:3000
INFO 2025-06-19 11:07:41,273 basehttp 3888 2596 "GET /api/cafes/1/statistics/ HTTP/1.1" 200 87
INFO 2025-06-19 11:07:41,276 basehttp 3888 28904 "GET /api/orders/?cafe=1 HTTP/1.1" 200 577
DEBUG 2025-06-19 11:07:41,277 middleware 3888 28904 Request from origin: http://localhost:3000
INFO 2025-06-19 11:07:41,287 basehttp 3888 28904 "GET /api/orders/?cafe=1 HTTP/1.1" 200 577
DEBUG 2025-06-19 11:08:17,185 middleware 3888 16700 Request from origin: http://localhost:3000
INFO 2025-06-19 11:08:17,188 views 3888 16700 Health check запрос от 127.0.0.1: ok
INFO 2025-06-19 11:08:17,189 basehttp 3888 16700 "GET /api/health/ HTTP/1.1" 200 252
DEBUG 2025-06-19 11:08:17,194 middleware 3888 24084 Request from origin: http://localhost:3000
INFO 2025-06-19 11:08:17,198 views 3888 24084 Health check запрос от 127.0.0.1: ok
INFO 2025-06-19 11:08:17,199 basehttp 3888 24084 "GET /api/health/ HTTP/1.1" 200 251
DEBUG 2025-06-19 11:08:17,203 middleware 3888 24084 Request from origin: http://localhost:3000
INFO 2025-06-19 11:08:17,207 basehttp 3888 24084 "GET /api/cities/ HTTP/1.1" 200 168
DEBUG 2025-06-19 11:08:17,208 middleware 3888 16700 Request from origin: http://localhost:3000
INFO 2025-06-19 11:08:17,212 basehttp 3888 16700 "GET /api/cities/ HTTP/1.1" 200 168
DEBUG 2025-06-19 11:08:17,220 middleware 3888 16700 Request from origin: http://localhost:3000
DEBUG 2025-06-19 11:08:17,221 middleware 3888 24084 Request from origin: http://localhost:3000
INFO 2025-06-19 11:08:17,231 basehttp 3888 16700 "GET /api/cafes/?city=1&t=1750302497217 HTTP/1.1" 200 499
INFO 2025-06-19 11:08:17,232 basehttp 3888 24084 "GET /api/cafes/?city=1&t=1750302497219 HTTP/1.1" 200 499
DEBUG 2025-06-19 11:08:17,250 middleware 3888 24084 Request from origin: http://localhost:3000
DEBUG 2025-06-19 11:08:17,254 views 3888 24084 Menu item: Шурпа, image: 'http://localhost:8000/media/menu_items/1ef19980-8e08-45b7-aff2-5292b5797aa9_kJopm0u.jpeg', image_full_url: 'http://localhost:8000/media/menu_items/1ef19980-8e08-45b7-aff2-5292b5797aa9_kJopm0u.jpeg'
INFO 2025-06-19 11:08:17,255 basehttp 3888 24084 "GET /api/menu-items/?cafe=1 HTTP/1.1" 200 471
DEBUG 2025-06-19 11:08:17,256 middleware 3888 16700 Request from origin: http://localhost:3000
DEBUG 2025-06-19 11:08:17,260 views 3888 16700 Menu item: Шурпа, image: 'http://localhost:8000/media/menu_items/1ef19980-8e08-45b7-aff2-5292b5797aa9_kJopm0u.jpeg', image_full_url: 'http://localhost:8000/media/menu_items/1ef19980-8e08-45b7-aff2-5292b5797aa9_kJopm0u.jpeg'
INFO 2025-06-19 11:08:17,261 basehttp 3888 16700 "GET /api/menu-items/?cafe=1 HTTP/1.1" 200 471
DEBUG 2025-06-19 11:08:18,491 middleware 3888 16700 Request from origin: http://localhost:3000
DEBUG 2025-06-19 11:08:18,492 middleware 3888 24084 Request from origin: http://localhost:3000
INFO 2025-06-19 11:08:18,500 basehttp 3888 16700 "GET /api/cafes/?city=1&t=1750302498489 HTTP/1.1" 200 499
INFO 2025-06-19 11:08:18,500 basehttp 3888 24084 "GET /api/cafes/?city=1&t=1750302498490 HTTP/1.1" 200 499
DEBUG 2025-06-19 11:08:18,521 middleware 3888 24084 Request from origin: 
INFO 2025-06-19 11:08:18,522 basehttp 3888 24084 "GET /media/cafe_covers/XXXL_1_1_ENDyb7O.webp?t=1750302498475 HTTP/1.1" 200 100380
DEBUG 2025-06-19 11:08:19,821 middleware 3888 24164 Request from origin: http://localhost:3000
DEBUG 2025-06-19 11:08:19,826 views 3888 24164 Menu item: Шурпа, image: 'http://localhost:8000/media/menu_items/1ef19980-8e08-45b7-aff2-5292b5797aa9_kJopm0u.jpeg', image_full_url: 'http://localhost:8000/media/menu_items/1ef19980-8e08-45b7-aff2-5292b5797aa9_kJopm0u.jpeg'
INFO 2025-06-19 11:08:19,827 basehttp 3888 24164 "GET /api/menu-items/?cafe=1 HTTP/1.1" 200 471
DEBUG 2025-06-19 11:08:19,829 middleware 3888 24164 Request from origin: http://localhost:3000
DEBUG 2025-06-19 11:08:19,834 views 3888 24164 Menu item: Шурпа, image: 'http://localhost:8000/media/menu_items/1ef19980-8e08-45b7-aff2-5292b5797aa9_kJopm0u.jpeg', image_full_url: 'http://localhost:8000/media/menu_items/1ef19980-8e08-45b7-aff2-5292b5797aa9_kJopm0u.jpeg'
INFO 2025-06-19 11:08:19,834 basehttp 3888 24164 "GET /api/menu-items/?cafe=1 HTTP/1.1" 200 471
DEBUG 2025-06-19 11:08:20,355 middleware 3888 24164 Request from origin: 
INFO 2025-06-19 11:08:20,358 basehttp 3888 24164 "GET /media/menu_items/1ef19980-8e08-45b7-aff2-5292b5797aa9_kJopm0u.jpeg HTTP/1.1" 200 393205
INFO 2025-06-19 11:10:29,817 autoreload 25708 22564 Watching for file changes with StatReloader
INFO 2025-06-19 11:10:30,367 middleware 25708 25072 CORS Middleware initialized with allowed origins: ['http://localhost', 'http://localhost:3000', 'http://localhost:80', 'http://127.0.0.1', 'http://127.0.0.1:3000', 'http://127.0.0.1:80', 'http://frontend', 'http://localhost:3001', 'http://127.0.0.1:3001', 'http://localhost:8000', 'http://127.0.0.1:8000', 'https://ec4db675c64c9f.lhr.life']
INFO 2025-06-19 11:10:30,368 middleware 25708 25072 Custom CSRF Middleware initialized with exempt paths: ['/api/auth/login/', '/api/auth/csrf/']
DEBUG 2025-06-19 11:11:21,248 middleware 25708 6764 Request from origin: 
WARNING 2025-06-19 11:11:21,251 base 25708 6764 Session data corrupted
INFO 2025-06-19 11:11:21,274 basehttp 25708 6764 "GET /admin/ HTTP/1.1" 302 0
DEBUG 2025-06-19 11:11:21,277 middleware 25708 6764 Request from origin: 
WARNING 2025-06-19 11:11:21,280 base 25708 6764 Session data corrupted
INFO 2025-06-19 11:11:21,300 basehttp 25708 6764 "GET /admin/login/?next=/admin/ HTTP/1.1" 200 4359
INFO 2025-06-19 11:11:21,443 basehttp 25708 23708 "GET /static/admin/css/dark_mode.css HTTP/1.1" 200 2682
INFO 2025-06-19 11:11:21,460 basehttp 25708 6764 "GET /static/admin/css/base.css HTTP/1.1" 200 21544
INFO 2025-06-19 11:11:21,460 basehttp 25708 24456 "GET /static/admin/css/nav_sidebar.css HTTP/1.1" 200 2810
INFO 2025-06-19 11:11:21,470 basehttp 25708 6764 "GET /static/admin/css/login.css HTTP/1.1" 200 958
INFO 2025-06-19 11:11:21,484 basehttp 25708 24456 "GET /static/admin/js/theme.js HTTP/1.1" 200 1943
INFO 2025-06-19 11:11:21,484 basehttp 25708 6764 "GET /static/admin/css/responsive.css HTTP/1.1" 200 17905
INFO 2025-06-19 11:11:21,487 basehttp 25708 23708 "GET /static/admin/js/nav_sidebar.js HTTP/1.1" 200 3063
DEBUG 2025-06-19 11:11:22,081 middleware 25708 23708 Request from origin: 
WARNING 2025-06-19 11:11:22,093 log 25708 23708 Not Found: /favicon.ico
WARNING 2025-06-19 11:11:22,093 basehttp 25708 23708 "GET /favicon.ico HTTP/1.1" 404 2340
